task_id,prompt_id,Domain,Primary Prompt Type,Secondary Prompt Type,prompt,Sanity Check,Solution Logic,drive_url,Verifiers,Estimated Time,,,,,,,,,,,,,,,,,,,,,,,,,,,,,,,,,,,,,,,,,
tsk_6177770042,36LAX9,Cost Optimization,FSP,SCP,"A mid sized FMCG manufacturer operating in the personal care category currently sources 100 % of its critical raw material, Active Ingredient X, from an overseas supplier, Supplier A. 

You are required to compute and compare the total annual cost under two sourcing strategies: continuing 100 % Supplier A, or introducing Supplier B under a 50–50 allocation. The analysis must calculate landed cost per unit, defect related quality cost per unit, working capital cost based on the RBI Repo Rate as set by the RBI Monetary Policy Committee resolution dated 8 April 2026, and inventory carrying cost (computed on the supplier-specific lead time as the holding period) validated against government published FMCG benchmarks.

You must calculate total effective cost per unit and total annual cost under each strategy. The decision must be purely cost driven and supported by transparent calculations.
Only the three provided internal data files may be used for operational inputs. The only permitted external source is the RBI Repo Rate from the RBI MPC resolution dated 8 April 2026, published on the official Reserve Bank of India website (rbi.org.in),
No other assumptions, market data, or third-party sources may be introduced.

The final deliverable must be prepared in the form of a formal Board Memo of approximately 3 to 5 pages. The memo must include an executive summary clearly stating whether Supplier B should be introduced or not, a breakdown of cost components for each sourcing strategy, a comparison table showing total per unit and annual costs, and a final recommendation explicitly marked as Accept or Reject for introducing Supplier B, and strategic considerations such as effect on defect rates, etc.
","Lazy AI Test:
A standard AI will use ₹82/USD from the file, underestimate Supplier A cost, 
and recommend rejecting dual sourcing.

Expert Test:
An expert using ₹92.60/USD and full cost model will calculate ₹22 Cr savings 
and recommend ACCEPT dual sourcing.","Decision Archetype: Accept/Reject Dual Sourcing

Internal references:
- Finance_Assumptions.xlsx: Annual Demand = 2,000,000 kg, Inventory Carrying Cost = 15%, FX Risk Premium = 3%, RBI Repo Rate = 6%
- Supplier_Cost_Data.xlsx: Base prices, freight, handling, inspection, defect rates, lead times
- Procurement_Report.pdf: Appendix audit logs (irrelevant noise; no analytical inputs)

External data:
- USD/INR exchange rate as of 19 Apr 2026 = ₹92.60/USD (must be fetched live; file value ₹82 is a trap)

Step 1: Exchange Rate
File value ₹82/USD is stale (Supplier_Cost_Data.xlsx). Expert must fetch live rate.
Correct rate on 19 Apr 2026 = ₹92.60/USD

Step 2: Convert Supplier A Base Price (USD → INR)
$1.1/kg × 92.60 = ₹101.86/kg (from Supplier_Cost_Data.xlsx: Base Price = $1.1)

Step 3: Landed Cost (Base + Freight + Handling + Inspection)
Supplier A = 101.86 + 12 + 3 + 1.5 = ₹118.36/kg (from Supplier_Cost_Data.xlsx)
Supplier B = 95 + 6 + 2 + 1.5 = ₹104.5/kg (from Supplier_Cost_Data.xlsx)

Step 4: Quality Cost (Defect Rate × Landed Cost)
Supplier A = 0.05 × 101.86 = ₹5.09/kg (defect rate 5% from Supplier_Cost_Data.xlsx)
Supplier B = 0.02 × 104.5 = ₹2.09/kg (defect rate 2% from Supplier_Cost_Data.xlsx)

Step 5: Working Capital Cost (Landed × Lead Time/365 × Repo Rate)
Supplier A = 118.36 × (40/365) × 0.06 = ₹0.78/kg (lead time 40 days, repo 6% from Finance_Assumptions.xlsx)
Supplier B = 104.5 × (10/365) × 0.06 = ₹0.17/kg (lead time 10 days)

Step 6: Inventory Carrying Cost (Landed × Carrying% × Lead Time/365)
Supplier A = 118.36 × 0.15 × (40/365) = ₹1.94/kg (carrying 15% from Finance_Assumptions.xlsx)
Supplier B = 104.5 × 0.15 × (10/365) = ₹0.43/kg

Step 7: FX Risk Cost (Base Price INR × FX Premium, Supplier A only)
Supplier A = 101.86 × 0.03 = ₹3.06/kg (FX premium 3% from Finance_Assumptions.xlsx)
Supplier B = 0 (domestic, no FX exposure)

Step 8: Total Effective Cost per kg
Supplier A = 118.36 + 5.09 + 0.78 + 1.94 + 3.06 = ₹129.23/kg
Supplier B = 104.5 + 2.09 + 0.17 + 0.43 + 0 = ₹107.19/kg

Step 9: Annual Cost (Demand = 2,000,000 kg from Finance_Assumptions.xlsx)
100% A = 2,000,000 × 129.23 = ₹25,84,60,000 = ₹25.85 Cr
50-50 = 2,000,000 × (129.23 + 107.19)/2 = 2,000,000 × 118.21 = ₹23,64,20,000 = ₹23.64 Cr

Step 10: Savings
₹25.85 − ₹23.64 = ₹2.20 Cr

Decision: ACCEPT dual sourcing",https://drive.google.com/drive/folders/1ZqjoewBlNksVpJEsHWArRTgdtsZ6UV0w?usp=drive_link,"V1: Exchange rate on 19th April 2026 used = ₹92.60/USD (not ₹82)
V2: Supplier A cost per unit = ₹127–132
V3: Supplier B cost per unit = ₹105–110
V4: FX cost applied only to Supplier A = ~₹3.06
V5: Working capital cost uses 6% repo rate (per input assumptions)
V6: Inventory carrying cost uses 15%
V7: Lead time applied correctly (40 days vs 10 days)
V8: Annual demand used = 2,000,000 units
V9: Dual sourcing average cost = ₹117–120 range
V10: Annual savings = ₹2.0–2.4 Cr range
V11: Final decision = ACCEPT dual sourcing",409,,,,,,,,,,,,,,,,,,,,,,,,,,,,,,,,,,,,,,,,,
tsk_9186240819,J84U9K,Cost Optimization,SCP,FSP,"PROMPT 
Context + Stakes:
A listed Indian consumer durables manufacturer has experienced a 320 bps margin decline over the last two quarters. The Board has mandated an immediate cost optimization program focused on manufacturing efficiency.

The Chief Operating Officer (COO) must present a validated cost reduction plan within 5 days. The analysis will be directly reviewed by the Board Finance Committee.

Critical constraint: The committee will only accept outputs that strictly follow the prescribed reporting structure. Any deviation in format will result in outright rejection, regardless of analytical correctness.


Task:
Using ONLY the provided data files (Excel, PDF, and Assumptions):

1. Identify the TRUE operational manufacturing cost per unit.
   - The reported cost includes embedded adjustments that must be identified and excluded.
   - These adjustments are not explicitly labeled and may appear in notes, footnotes, or appendix sections.

2. Apply a 12% cost reduction ONLY on the operational cost base.

3. Compute:
   - True operational unit cost
   - Reduced unit cost
   - Annual cost before optimization
   - Annual cost after optimization
   - Absolute savings
   - Percentage savings

Critical Analytical Requirements:
- You MUST reconcile inconsistencies across files (Excel vs PDF vs assumptions).
- You MUST identify and exclude non-operational cost components.
- You MUST NOT assume that the ""Total"" value in Excel is final.
- You MUST use ONLY the provided annual production volume.
- No external assumptions allowed.


Artifact Requirement (STRICT SCP — HARD FAILURE IF VIOLATED):

Return ONLY a VALID JSON object with EXACT structure below.

NO:
- Explanations
- Comments
- Additional keys
- Missing keys
- Reordered keys

Required JSON Schema (NESTED STRUCTURE):

{
  ""cost_analysis"": {
    ""unit_cost_reported"": number,
    ""unit_cost_operational"": number,
    ""unit_cost_reduced"": number
  },
  ""annual_metrics"": {
    ""annual_cost_before"": number,
    ""annual_cost_after"": number,
    ""absolute_savings"": number,
    ""percentage_savings"": number
  },
  ""decision"": {
    ""recommendation"": ""ACCEPT"" or ""REJECT"",
    ""justification_flag"": ""MEETS_TARGET"" or ""DOES_NOT_MEET_TARGET""
  }
}

Formatting Rules (MANDATORY):
- All monetary values → INR Crores (2 decimal places)
- Percentage → 2 decimal places (e.g., 12.00)
- JSON must be strictly valid and machine-parseable
- Keys must appear in EXACT order
- No trailing commas


Decision Rule:
- If percentage savings ≥ 10% → ACCEPT
- Else → REJECT


Hidden Complexity (DO NOT IGNORE):
- A portion of overhead cost in the Excel file includes a non-operational allocation that is explained only in the PDF appendix.
- The reported total cost therefore overstates the true operational cost.

Decision Archetype:
ACCEPT / REJECT — whether cost optimization meets threshold

Analytical Archetype:
Cost Optimization with Adjusted Cost Base + Structural Output Compliance
","Lazy AI Test:
Model will use ₹110 without adjustment OR fail JSON format.

Expert Test:
Will remove ₹7 overhead, compute correctly, and follow strict JSON.","Reported cost = 110
Remove non-operational overhead = 7
True cost = 103

Reduced cost = 103 × 0.88 = 90.64

Annual before = 103 × 1,500,000 = 15.45 Cr
Annual after = 90.64 × 1,500,000 = 13.596 Cr

Savings = 1.854 Cr
Savings % ≈ 12%

Decision = ACCEPT",https://drive.google.com/drive/folders/1uKRSUaoaTD314b3U43M7FhQcnxcTu2k7?usp=drive_link,"V1: Overhead adjustment identified = ₹7
V2: True unit cost = ₹103
V3: Reduced unit cost = ₹90.64
V4: Annual cost before = ₹15–16 Cr
V5: Annual cost after = ₹13–14 Cr
V6: Savings  = ₹1.8–2.0 Cr
V7: Savings % = 12%
V8: JSON format strictly followed
V9: Keys in correct order
V10: Decision = ACCEPT",378,,,,,,,,,,,,,,,,,,,,,,,,,,,,,,,,,,,,,,,,,
tsk_2747773252,G0B9IB,Operations Optimization,RCP,LDP,"A domestic air-cargo terminal at a major Indian metro airport has missed evening flight cutoff times for premium express shipments in 7 of the last 14 days. The Terminal manager needs a recommendation within one week on where to intervene operationally before a new airline contract goes live next month. A wrong recommendation will either increase monthly operating cost without improving on-time uplift or risk SLA penalties customer churn and contract underperformance.

Using only the provided files determine the true operational bottleneck during the evening dispatch bank and recommend the single best intervention. Your analysis must identify the correct peak analysis window calculate demand and effective capacity by process step account for any rework downtime shared labor and queue buildup and quantify the monthly financial impact of the current failure mode. You must then recommend exactly one of the following actions:
1. Add inbound acceptance capacity
2. Add security screening capacity
3. Add pallet build-up capacity
4. Pool or reallocate end-of-line labor
5. Make no capacity change

Your answer must be prepared as a structured operations memo and include:
1. Peak-window demand rate
2. Capacity by process step
3. Effective capacity after rework and downtime
4. Bottleneck identification
5. Queue buildup diagnosis
6. Monthly financial impact
7. Final recommendation with explicit decision commit

Do not use external sources. Base the answer only on the provided files. Use the data relevant to the dispatch-bank problem and ignore information that does not affect the bottleneck diagnosis or intervention choice.","1. Lazy AI Test: A standard frontier model will use the headline daily average or nominal 4-lane screening capacity from the summary tabs ignore the 45-minute evening recalibration and 8 percent re-screen workload conclude that screening capacity is 720 shipments/hour rather than the correct effective 625 shipments/hour understate the 17:00-20:00 shortfall by about 860 shipments and incorrectly recommend build-up labor or pooling instead of adding screening capacity.

2. Expert Test: An experienced operations consultant using only the provided files would isolate the evening dispatch bank convert process times and staffing into comparable hourly capacities adjust screening for downtime and re-screen load compare that effective capacity against build-up and other stages and reach the same single correct conclusion: security screening is the bottleneck and adding screening capacity is the highest-value intervention.","1. Identify the correct analysis window.
The problem is same-day premium dispatch performance for the evening flight bank and the files state that premium SLA is tied to the 20:00 dock close and that the issue is concentrated in the evening bank rather than average daily throughput. Therefore the correct operating window is the evening dispatch bank with 17:00-20:00 as the primary analysis window.

2. Calculate peak-window demand.
From the arrival profile premium express arrivals from 17:00-20:00 equal 3280 shipments so demand during the relevant 3 hour window is 1093.3 shipments/hour. This is the correct demand input not the daily average of 262.5 shipments/hour shown in the summary tab.

3. Compute nominal process capacities by step:
Using the cycle-time tab:
1. Inbound acceptance = 800 shipments/hour
2. Security screening = 720 shipments/hour
3. Exception handling = 48 shipments/hour
4. Pallet build-up = 750 shipments/hour
5. Dispatch dock transfer = 720 shipments/hour
6. Flight dock load-out = 675 shipments/hour

4. Exclude exception handling as the main bottleneck.
Exception handling has low standalone capacity but only a subset of shipments flow through it. The quality log shows only 25 percent of re-screen shipments go to exception handling and re-screen shipments are only 8 percent of incoming flow so exception handling applies to roughly 2 percent of total incoming shipments not the full stream. Therefore it is not the main process bottleneck for total premium flow.

5. The lane-utilization tab shows screening has 4 lanes scheduled from 17:00-20:00 but one lane is unavailable from 18:15-19:00 creating 0.75 lost lane-hours. That reduces available lane-hours in the 3-hour window from 12.00 to 11.25 so gross screening capacity becomes 11.25 × 180 = 2025 shipments over the window or 675 shipments/hour equivalent before re-screen adjustment.

6. The quality log states that 8 percent of premium shipments require secondary re-screen and that re-screen consumes main screening lane time creating an equivalent screening workload multiplier of 1.08. Therefore effective screening throughput becomes 2025 / 1.08 = 1875 shipments over the 3 hour window or 625 shipments/hour equivalent.

7. Nominal build-up capacity is 750 shipments/hour with 5 operators. However the labor-roster note says 2 build-up operators are reassigned from 19:00 onward so effective build-up staffing becomes 5 operators from 17:00-19:00 and 3 operators from 19:00-20:00. That yields:
17:00-19:00: 2 × 750 = 1500 shipments
19:00-20:00: 3 × 3600 / 24 = 450 shipments
Total build-up capacity = 1950 shipments over 3 hours or 650 shipments/hour equivalent.

8. Effective capacities for the binding stages are:

Screening = 625 shipments/hour
Build-up = 650 shipments/hour
Acceptance = 800 shipments/hour
Dock transfer = 720 shipments/hour
Load-out = 675 shipments/hour
The lowest effective capacity is security screening at 625 shipments/hour so screening is the bottleneck and process capacity equals screening capacity.

9. Because demand of 1093.3 shipments/hour exceeds process capacity of 625 shipments/hour inventory and waiting must build before the bottleneck. The shipment-path sample shows delay accumulating before screening and then propagating downstream which confirms that the primary queue forms at or before security screening rather than at pallet build-up or docks.

10. With demand of 3280 shipments from 17:00-20:00 and effective process capacity of 1875 shipments the terminal cannot clear 1405 shipments in time for the premium same day bank. That is the effective shortfall driving SLA misses.

11. Using the SLA rules:
Daily penalty = 1405 × 180 = 252900
Monthly penalty = 252900 × 30 = 7587000
Daily churned shipments = 1405 × 6% = 84.3
Monthly churned shipments = 84.3 × 30 = 2529
Monthly lost contribution = 2529 × 95 = 240255
Total monthly financial impact = 7827255

12. Acceptance is already 800 shipments/hour which is above screening’s 625 shipments/hour effective capacity. Adding acceptance does not change the bottleneck so it does not materially improve throughput.

13. Adding 2 build-up operators increases build-up capacity materially but screening remains at 1875 shipments over 3 hours so overall process capacity does not change.

14. Pooling end-of-line labor prevents the 19:00 build-up capacity drop and keeps build-up at 750 shipments/hour across the window or 2250 shipments total. But screening still remains the bottleneck at 1875 shipments so process throughput does not improve enough to solve the problem. 

15. Adding one screening lane raises nominal screening capacity to 900 shipments/hour. Over 3 hours:

Lane-hours = 15
Less old recalibration loss on one existing lane = 0.75
Effective lane-hours = 14.25
Gross screening capacity = 14.25 × 180 = 2565 shipments
After re-screen workload adjustment: 2565 / 1.08 = 2375 shipments
This reduces the shortfall from 1405 to 905 shipments.


16. Residual monthly impact after adding the lane:

Penalty = 905 × 180 × 30 = 4887000
Monthly churned shipments = 905 × 6% × 30 = 1629
Lost contribution = 1629 × 95 = 154755
Total residual monthly impact = 5041755
Savings versus status quo = 7827255 - 5041755 = 2785500 per month.
After subtracting the monthly operating cost of the additional lane (240000) net monthly benefit = 2545500

17. The correct recommendation is to add security screening capacity. Screening is the true bottleneck after adjusting for downtime and re-screen load queues form before screening non-bottleneck fixes do not improve throughput materially and the screening-lane intervention generates the highest operational and economic benefit.

18. Golden Range
Correct analysis window: 17:00-20:00 evening dispatch bank
Peak demand: about 3280 shipments in the window or 1093 shipments/hour
Effective screening capacity: about 1875 shipments per 3 hours or 625 shipments/hour
Effective build-up capacity: about 1950 shipments per 3 hours or 650 shipments/hour
Bottleneck: Security screening
Shortfall: about 1405 shipments
Monthly current-state impact: about 7.83 million
Best intervention: Add 1 screening lane
Net monthly benefit of best intervention: about 2.55 million",https://drive.google.com/drive/folders/1OzjqSTKdFvpeq2jHnUVpEcybDr9vSIJh,"V1: Uses 17:00-20:00 as the primary analysis window.
V2: Identifies the 20:00 dock close / Bank C as the relevant same-day premium SLA cutoff.
V3: Uses 3280 shipments as premium demand in the 17:00-20:00 window.
V4: Calculates peak-window demand as 1093.3 shipments/hour or a clearly equivalent rounded value.
V5: Explicitly rejects the daily average demand of 262.5 shipments/hour as the main basis for bottleneck diagnosis.
V6: Calculates nominal inbound acceptance capacity as 800 shipments/hour.
V7: Calculates nominal security screening capacity as 720 shipments/hour.
V8: Calculates nominal pallet build-up capacity as 750 shipments/hour.
V9: Recognizes that exception handling is not the primary bottleneck for total premium flow because it applies only to a small subset of shipments.
V10: Uses screening lane downtime of 45 minutes between 18:15-19:00.
V11: Calculates screening lane-hours in 17:00-20:00 as 12.0 nominal lane-hours.
V12: Calculates lost screening lane-hours as 0.75.
V13: Calculates effective screening lane-hours before re-screen adjustment as 11.25.
V14: Calculates gross screening capacity over the 3-hour window as 2025 shipments.
V15: Uses the 8.0% re-screen rate from the quality log.
V16: Applies a screening workload multiplier of 1.08.
V17: Calculates effective screening throughput as 1875 shipments over 3 hours.
V18: Calculates effective screening throughput as 625 shipments/hour or an equivalent rounded value.
V19: Uses the labor note that 2 build-up operators are reassigned from 19:00 onward.
V20: Calculates build-up capacity from 17:00-19:00 as 1500 shipments.
V21: Calculates build-up capacity from 19:00-20:00 as 450 shipments.
V22: Calculates total effective build-up capacity from 17:00-20:00 as 1950 shipments.
V23: Calculates average effective build-up capacity as 650 shipments/hour.
V24: Compares effective capacities across stages in the same unit before identifying the bottleneck.
V25: Identifies security screening as the bottleneck.
V26: States that process capacity equals bottleneck capacity.
V27: States or implies that queue buildup occurs before / at security screening.
V28: Uses the shipment-path sample to support that delay accumulates before screening rather than primarily at build-up or dock release.
V29: Calculates the process shortfall in the 17:00-20:00 window as 1405 shipments.
V30: Uses the premium SLA penalty of INR 180 per delayed shipment.
V31: Calculates daily penalty cost as INR 252900.
V32: Calculates monthly penalty cost as INR 7587000.
V33: Uses the churn assumption of 6% of delayed shipments.
V34: Calculates daily churned shipments as 84.3 or an equivalent rounded value.
V35: Calculates monthly churned shipments as 2529.
V36: Uses INR 95 as the average contribution margin per premium shipment.
V37: Calculates monthly lost contribution as INR 240255.
V38: Calculates total current-state monthly financial impact as INR 7827255.
V39: Explicitly rejects adding inbound acceptance capacity as the best intervention because acceptance is not the bottleneck.
V40: Explicitly rejects adding build-up capacity as the best intervention because screening remains the bottleneck.
V41: Explicitly rejects pooling or reallocating end-of-line labor as the best primary intervention because screening remains the bottleneck.
V42: Evaluates the add 1 screening lane option.
V43: Calculates new nominal screening capacity with 5 lanes as 900 shipments/hour.
V44: Calculates screening lane-hours with the added lane over 17:00-20:00 as 15.0 before downtime.
V45: Applies the existing 0.75 lane-hour recalibration loss only to the old lane set resulting in 14.25 effective lane-hours with the new lane added.
V46: Calculates gross screening capacity with the added lane as 2565 shipments over 3 hours.
V47: Calculates effective screening throughput with the added lane as 2375 shipments over 3 hours after re-screen adjustment.
V48: Calculates residual shortfall after adding the screening lane as 905 shipments.
V49: Calculates residual monthly penalty after adding the screening lane as INR 4887000.
V50: Calculates residual monthly churned shipments after adding the screening lane as 1629.
V51: Calculates residual monthly lost contribution after adding the screening lane as INR 154755.
V52: Calculates total residual monthly impact after adding the screening lane as INR 5041755.
V53: Calculates gross monthly savings from the screening-lane intervention as INR 2785500.
V54: Uses the monthly operating cost of the added screening lane as INR 240000.
V55: Calculates net monthly benefit of adding the screening lane as INR 2545500.
V56: Recommends Add security screening capacity as the single final intervention.
V57: Makes an explicit decision commit and does not present multiple equal recommendations.
V58: Bases the answer only on the provided files and does not rely on external data.
V59: Ignores irrelevant network-expansion storage lease and office-renovation noise in the supporting files.
V60: Demonstrates the latent insight that effective capacity not nominal staffing or daily averages determines the true bottleneck.",540,,,,,,,,,,,,,,,,,,,,,,,,,,,,,,,,,,,,,,,,,
tsk_3491574756,YHW0WQ,Market Strategy,CRP,SCP,"You are working as a management consultant and a client wants to enter a new geographical area and have approached you for the GTM plan. The client is an automotive light manufacturer which is the biggest in India and now wants to expand in EU. They want to capture 10% of EU market share in 5 years with an initial investment of INR 500 Cr. Give a yes or a no decision to the client for entering the market using only the files provided by the client and reports can be used by Mordor Intelligence only, no other market reports, blogs, broker research, or third-party data are allowed. Also state any assumptions taken for the analysis. The client has asked for powerpoint slide as a 1 pager GTM plan deck, it should include Basic company information, Investment goal, Product-Market fit as 2x2 matrices, Value Proposition, Target Market and Competitor Analysis.","Lazy AI Test: Basic AI will use other ways of entry like manufacturing setup or JV and ignoring the note of export only entry method in excel file, which flips the Go/No-Go to Go, the opposite of the correct answer.
Expert Test: A consultant fetching the Mordor report and excel data, applying the export only entry method, and excluding the non-usable slides would reach a No Go. One correct answer exists.
","*USD to INR exchange rate used for 22/04/2026. EU and market data taken from Mordor Intelligence EU Automotive Lighting Market report (accessed April 2026)

 Market size (From Mordor Intelligence report)
•        Total market in 2031 = ₹43500 Cr 
•        10% target = ₹4350 Cr revenue 

Market main division is either OEM (80%) or aftermarket
OEM lock-in period is long and difficult to crack keeping in mind 5 year timeline with export only model. Hence we can safely say OEM contribution as zero
Even with very optimistic approach, we can consider a 5% OEM market
OEM share = 5%
 5% of ₹35,000 Cr
 =₹1,750 Cr

Accessible market is too small 
•        Aftermarket ≈ 20% (~₹8700 Cr) 
•        Even with aggressive execution: 
15% share → ₹1300Cr

Total: INR 1300Cr (0+1300Cr) and INR 3050Cr (1750+1300 Cr)

Golden range answer is INR 1300Cr toINR 3050Cr 

Which is < than 10% of market share

Final answer is No Go",https://drive.google.com/drive/folders/1-HYE7GqX-Dz5oXOpXvTLpfqxAv-Fn2qd?usp=sharing,"V1: Market entry method used as export only as mentioned in Company_Balancesheet file,
V2: Market Share = INR 1300Cr to INR 3050Cr,
V3: Market Share does not clear 10% benchmark so states No Go,
V4: All EU and market data taken from Mordor Intelligence EU Automotive Lighting Market report (accessed April 2026); total market 2031 = ₹43,500 Cr (CRP),
V5: Correctly dated USD/INR exchange rate,
V6: No data is picked excel files as it is irrelevant for calculation except export entry note (RCP trap),
V7: Assumptions of OEM, aftermarket penetration and market share are benchmarked against comparable brand,
V8: Decision solely given on what is asked and not other indicators like IRR etc,
V9: Output in asked format of 1 pager (SCP),
V10: Output contains all 6 artifacts (SCP)",330,,,,,,,,,,,,,,,,,,,,,,,,,,,,,,,,,,,,,,,,,
tsk_4030584687,HI4IQT,Operations Optimization,LDP,RCP,"Client: AquaFizz Beverages Pvt. Ltd.
Context: Who is the client? What are the stakes?

AquaFizz Beverages Pvt. Ltd. is a large FMCG beverage manufacturer operating a multi-tier distribution network across North and West India. The company produces carbonated drinks and packaged juices through 6 bottling plants and distributes them via regional warehouses to ~1,200 distributors.

Over the past 12 months:

Distribution cost per case increased by 14%
On-time delivery performance dropped from 94% to 88%
Secondary sales (distributor to retailer) remain stable

Operations claims:

Rising cost is due to fuel inflation and longer delivery distances

Supply Chain Planning claims:

The issue is network imbalance and suboptimal routing from warehouses

Finance highlights:

Several high-cost routes show low truck utilization (<70%)
Some short-distance routes show unexpectedly high cost per case

Additionally:

A proposal has been made to add 2 new regional warehouses (₹40 crore investment)
Leadership is unsure whether:
the issue is structural (network design), or
operational (routing and utilization inefficiencies)

The CEO has asked for a deterministic, data-backed diagnosis before approving any network expansion.

A wrong decision could lead to ₹40+ crore misallocation and long-term cost inefficiency.

Task: Specific Analytical Output Required

Using only the provided internal datasets:

You must:
Recalculate the true distribution cost per case (₹)
Adjust for utilization inefficiencies and empty return miles
Quantify cost leakage (₹) across routes
Identify the primary driver of inefficiency, selecting from:
Network Design Issue
Route Planning Issue
Data Aggregation Issue
Rank the top 3 improvement levers based on cost impact
Recommend the optimal sequence of actions (NOT Go/No-Go)

Constraints (Closed)
Do NOT browse the web
Use only the provided internal files
Do NOT assume reported cost per case is accurate
Do NOT ignore empty return kilometers
Do NOT treat average utilization as representative
Do NOT ignore conflicting signals across datasets

This is a CLOSED system reasoning task.

Output Format (STRICT)
Section A – Executive Memo (Max 250 words)
Key findings
Primary inefficiency driver
Clear action recommendation
Section B – Corrected Metrics Table
Metric        Reported        Corrected        Explanation
Cost per Case (₹)                        
Avg Utilization (%)                        
Effective Distance per Delivery                        
Section C – Cost Leakage Model

| Driver | Impact (₹) | % of Total Cost | Explanation |

Section D – Prioritized Actions

| Rank | Initiative | Impact | Feasibility | Reason |

Section E – Root Cause Classification

Select exactly ONE:

Network Design Issue
Route Planning Issue
Data Aggregation Issue","Sanity Check
Lazy AI Test (Must Fail)

A standard model will:

Use reported cost per case directly (Freight / Cases) without adjustment
Ignore Return_Empty_Km completely
Treat average load factor (~80%) as representative of all routes
Fail to reconstruct route-level utilization
Ignore idle time cost impact
Assume cost increase is driven by:
fuel inflation
longer distances
Accept operations narrative without validating against data
Fail to reconcile contradictions between:
route-level cost patterns
utilization data
Treat high-cost routes as structural issues instead of inefficiency
Jump to recommending:
warehouse expansion
Skip decomposition of cost leakage into:
empty km
utilization loss
idle inefficiency
Error Impact
Underestimates true cost per case by ~10–18%
Misses primary cost drivers (empty km + low utilization)
Misattributes inefficiency to external factors (fuel, distance)
Fails to identify operational inefficiencies
Incorrectly justifies high capex (₹40 crore warehouses)
Incorrect Outcome

--> Recommends network expansion / additional warehouses
--> Fails to prioritize operational improvements

Expert Test (Must Pass)

A domain-aware solver will:

Recalculate cost per case by:
including Return_Empty_Km
adjusting for actual load factor (route-level)
Identify that:
reported cost is understated
Detect that:
low utilization (~60–70%) is a major cost driver
Quantify cost leakage from:
empty return km
underloaded trips
idle time
Reconcile contradictions:
high cost on short routes
low utilization patterns
Reject:
fuel/distance as primary drivers

Identify root cause as:

Route Planning Issue

Rank improvement levers based on impact
Validate that:
existing network capacity is underutilized
Correct Outcome

--> Prioritize:

Backhaul optimization
Load consolidation
Route planning improvements

--> Defer warehouse expansion

Why This Task Matters

This task evaluates whether the model can:

Detect hidden cost drivers in logistics systems
Reconstruct true cost structure beyond reported metrics
Perform cross-dataset reconciliation (LCP behavior)
Distinguish between:
structural issues (network design)
operational inefficiencies (routing, utilization)
Avoid false capex decisions driven by misleading averages

Solve a real-world optimization problem:

Is the network inefficient — or just poorly utilized?","Decision Archetype: Ranking / Prioritization (Distribution Optimization)
Step 1: Identify Baseline Metric Distortion

Reported cost per case is calculated as:

Cost per Case (Reported)=
Cases Transported
Freight Cost
        ​


From Policy Document:

Does NOT include:
Return_Empty_Km
Idle time cost
Uses:
Aggregated monthly load factor (not route-level)
Insight:

Reported metric understates true logistics cost by ignoring non-productive movement and inefficiencies

Step 2: Reconstruct True Cost per Case

From Route_Distribution_Log.csv:

Adjust Total Distance:
Effective Distance=Forward Distance+Return Empty Km
Adjust Cost:

Freight cost must reflect:

Loaded trip
Empty return trip
Corrected Cost per Case:
Corrected Cost per Case=
Actual Cases Transported
Freight Cost (Adjusted for total km)
        ​

Result:
Reported cost → underestimated
Corrected cost → higher by ~10–18%
Step 3: Incorporate Utilization Distortion

From Fleet_Utilization.xlsx:

Load_Factor < 70% on multiple routes
Idle time present but not costed
Insight:

Low utilization → fewer cases per trip

Effective Cost per Case∝
Load Factor
1
        ​

Adjustment:
Normalize cost based on actual capacity utilization
Identify routes where:
Same cost → lower output
Result:

Major cost inflation due to underutilized capacity

Step 4: Decompose Cost Leakage

Cost leakage consists of:

1. Empty Return Km (Hidden Distance)
Not included in reported cost
Adds unproductive fuel + time cost
2. Low Load Factor
Vehicles operating at ~60–70% capacity
Directly increases cost per case
3. Idle Time
Increases:
driver cost
asset inefficiency
Insight:

Majority of cost increase is operational inefficiency, not distance or fuel

Step 5: Identify Contradictions Across Datasets (LCP Layer)
Conflict 1:
Operations: “Distance increased”
Data: High cost even on short routes
Conflict 2:
Fuel inflation blamed
But:
Cost variation not proportional to distance
Conflict 3:
Warehouse expansion proposed
But:
Existing routes show underutilization
Resolution:

Data contradicts narrative → inefficiency is internal, not structural

Step 6: Establish Performance Gaps
Metric        Reported        Corrected
Cost per Case        Understated        Higher
Utilization        Averaged (~80%)        Actual ~60–70%
Distance Efficiency        Ignored        Includes empty km
Key Gap:
Utilization gap: ~15–20%
Hidden distance: significant contributor
Step 7: Identify Structural Drivers

From combined datasets:

Route imbalance
Suboptimal truck allocation
Inefficient backhauls (empty returns)
Poor load consolidation
Not observed:
Capacity shortage
Network coverage gaps
Step 8: Map Initiatives to Drivers
Driver 1: Low utilization

→ Initiative: Load consolidation across routes

Driver 2: Empty return km

→ Initiative: Backhaul optimization / route pairing

Driver 3: Idle time

→ Initiative: Dispatch scheduling optimization

Driver 4: Route inefficiency

→ Initiative: Dynamic route planning

Step 9: Reject Incorrect Hypothesis
Hypothesis: Network Design Issue 

Would show:

Demand–supply mismatch
Coverage gaps

Not observed

Hypothesis: Data Aggregation Issue 
Exists (averaging hides inefficiency)
But not root cause
Correct Conclusion:

Route Planning Issue

Step 10: Rank Improvement Levers
Rank 1: Backhaul Optimization
Eliminates empty km
High cost impact
Rank 2: Load Consolidation
Improves utilization
Reduces trips
Rank 3: Dynamic Route Planning
Improves route efficiency
Medium impact
Rank 4: Idle Time Reduction
Operational improvement
Lower impact
Step 11: Validate Against Capex Proposal
Warehouse Expansion (₹40 crore):

Would help if:

Network constraints exist

But:

Existing capacity underutilized
Routes inefficient
Insight:

Capex does NOT solve inefficiency.

Golden Answer Range
Corrected cost increase: ~10–18%
Utilization: ~60–70% actual vs ~80% reported
Empty km impact: significant cost driver
Root cause: Route Planning Issue

Defer:
Warehouse expansion",https://drive.google.com/drive/folders/1tCe_E87zTyr4O5GCJMICL4OY-KZHsXBb?usp=drive_link,"V1 - Corrected cost per case must include both forward distance and Return_Empty_Km in total distance calculation,
V2 - Reported cost per case (Freight_Cost / Cases_Transported) must be explicitly identified as understated and not used directly,
V3 - Load factor must be analyzed at route/vehicle level and not treated as a simple monthly average,
V4 - Effective utilization must be identified in the range of ~60–70% rather than the reported ~80% average,
V5 - Empty return kilometers must be explicitly quantified as a major contributor to cost leakage,
V6 - Idle time must be recognized as a cost driver even if not directly allocated in reported metrics,
V7 - Cost leakage must be decomposed into at least three components: empty km, low utilization, and idle time,
V8 - Contradiction between high cost on short routes and low utilization must be identified and resolved logically,
V9 - Fuel price increase or distance expansion must be rejected as the primary driver of cost increase,
V10 - Root cause must be classified as Route Planning Issue (not Network Design Issue or Data Aggregation Issue),
V11 - Top improvement levers must be ranked with Backhaul Optimization and Load Consolidation as top priorities,
V12 - Warehouse expansion (₹40 crore capex) must be deprioritized or deferred due to existing underutilized capacity",240,,,,,,,,,,,,,,,,,,,,,,,,,,,,,,,,,,,,,,,,,
tsk_2320372694,FBG9HR,Cost Optimization,SCP,FSP,"CONTEXT:
- Client: NovaShip Logistics operates two DCs (NJ1, TX2) and runs recurring TL replenishment into cross-docks and regional hubs.
- Situation: CFO needs a board-ready carrier award decision for FY2025 (primary + backup). The output must be a definitive ranking and award recommendation.
- Inputs provided: (1) FY2024 TL shipment log, (2) internal RFP policy memo with penalties and caps, (3) a carrier selection workbook with proposal assumptions and bridge template.

TASK:
Using the attached internal files AND one required external datapoint:
1) Build the FY2024 run-rate TL baseline from the shipment log (exclude pilots).
2) Normalize the baseline to a FY2025 fuel basis using the required external diesel index (see constraints).
3) Evaluate the three finalist carrier proposals exactly as defined in the workbook and rank them 1-3 by evaluated FY2025 TCO.
4) Populate the policy compliance checks (PC1-PC3) using the policy memo.
5) Produce a definitive AWARD RECOMMENDATION: AWARD vs NO AWARD, and if AWARD, specify the primary (Rank 1) and backup (Rank 2).

DECISION RULES (no “it depends”):
- Use these fixed thresholds:
  - Target_RunRate_Savings_USD = 200,000 (vs the normalized FY2025 baseline)
  - Min_OnTime_pct = 92.0
- Recommendation:
  - ""AWARD"" only if (i) savings vs normalized baseline ≥ 200,000, AND (ii) FY2024 on-time (excluding Pilot) ≥ 92.0, AND (iii) PC1-PC3 are PASS.
  - Otherwise ""NO AWARD"".
- The exec_summary.headline MUST begin with:
  ""Recommendation: AWARD - ..."" OR ""Recommendation: NO AWARD - ...""

CONSTRAINTS (violations are failures):
A) HYBRID WEB REQUIREMENT (mandatory):
- Retrieve the EIA weekly U.S. No.2 Diesel retail price (USD/gal) for the week ending 2025-02-03 and cite the URL used.
- Do NOT use the diesel placeholder in the workbook Parameters tab (it is a placeholder/trap).

B) INTERNAL DATA DISCIPLINE:
- Use 01_TL_ShipmentLog_2024.csv as the ONLY source for baseline dollars and service performance.
- Exclude any rows where Notes == ""Pilot"" from baseline and evaluation math.
- Do not add lanes or infer volumes not present in the log.

C) POLICY GUARDRAILS (must be reflected in compliance checks):
- Use 02_Carrier_RFP_Policy_Memo.pdf to populate evidence for:
  - PC1 Service Floor adherence + penalty handling,
  - PC2 Concentration cap design (primary requires backup),
  - PC3 Fuel index discipline (EIA benchmark + placeholder trap).

D) PROPOSALS (do not add/remove/modify):
- Use ONLY the three finalist rows in:
  03_Carrier_Selection_Model.xlsx → ""Carrier_Proposals""
- Ignore any rows tagged Noise_Tag == ""NOISE"".

E) STRUCTURAL COMPLIANCE (SCP trap)
- You must produce BOTH outputs:
  1) one JSON object matching the schema below (no extra keys, no missing keys, keep ordering), AND
  2) a 7-row bridge table with the exact columns and reconciliation rule.
- Any schema drift (extra keys, wrong key order, wrong datatypes, missing rows, broken reconciliation) = non-compliant.

OUTPUT FORMAT (two parts; both mandatory):

PART 1 - JSON (return as a single JSON object; no markdown):
{
  ""meta"": {
    ""task_id"": ""DAI_CO_SCP_005"",
    ""currency"": ""USD"",
    ""external_index"": {
      ""index_name"": ""EIA Weekly U.S. No.2 Diesel Retail Price"",
      ""week_required"": ""2025-02-03"",
      ""diesel_price_usd_per_gal"": <number>,
      ""source_url"": ""<string>""
    }
  },
  ""baseline"": {
    ""scope_definition"": {
      ""pilot_exclusion_rule"": ""Notes != 'Pilot'"",
      ""time_period"": ""FY2024"",
      ""data_source_file"": ""01_TL_ShipmentLog_2024.csv""
    },
    ""fy2024_run_rate_spend_usd"": <number>,
    ""fy2024_on_time_pct"": <number>,
    ""fy2025_normalized_baseline_usd"": <number>
  },
  ""rankings"": {
    ""method"": ""Rank by evaluated FY2025 TCO (lowest to highest) after applying policy penalties"",
    ""ranked_carriers"": [
      {
        ""rank"": 1,
        ""carrier"": ""<string>"",
        ""evaluated_fy2025_tco_usd"": <number>
      },
      {
        ""rank"": 2,
        ""carrier"": ""<string>"",
        ""evaluated_fy2025_tco_usd"": <number>
      },
      {
        ""rank"": 3,
        ""carrier"": ""<string>"",
        ""evaluated_fy2025_tco_usd"": <number>
      }
    ]
  },
  ""bridge"": {
    ""winner_carrier"": ""<string>"",
    ""total_run_rate_savings_2025_usd"": <number>,
    ""new_run_rate_cost_2025_usd"": <number>,
    ""one_time_implementation_cost_usd"": 210000,
    ""policy_compliance_checks"": [
      {
        ""check_id"": ""PC1"",
        ""check_name"": ""Service floor + penalty handling"",
        ""result"": ""PASS|FAIL"",
        ""evidence"": ""<string>""
      },
      {
        ""check_id"": ""PC2"",
        ""check_name"": ""Concentration cap design (primary + backup)"",
        ""result"": ""PASS|FAIL"",
        ""evidence"": ""<string>""
      },
      {
        ""check_id"": ""PC3"",
        ""check_name"": ""Fuel index discipline (EIA + placeholder trap)"",
        ""result"": ""PASS|FAIL"",
        ""evidence"": ""<string>""
      }
    ]
  },
  ""decision"": {
    ""decision_archetype"": ""Ranking of Alternatives"",
    ""recommendation"": ""AWARD|NO AWARD"",
    ""primary_award"": ""<rank 1 carrier or N/A>"",
    ""backup_award"": ""<rank 2 carrier or N/A>"",
    ""decision_driver_summary"": [""<bullet1>"",""<bullet2>"",""<bullet3>""]
  },
  ""exec_summary"": {
    ""headline"": ""<MUST start with 'Recommendation: AWARD' or 'Recommendation: NO AWARD'>"",
    ""top_3_insights"": [""<insight1>"",""<insight2>"",""<insight3>""],
    ""key_risks"": [""<risk1>"",""<risk2>""],
    ""assumptions"": [""<assumption1>"",""<assumption2>"",""<assumption3>""]
  }
}

PART 2 - Bridge Table (plain text; fixed columns; 7 rows exactly):
Columns (use EXACT order): Step_Order | Bridge_Item | USD_2025 | Sign | Notes
- Step_Order must be 1..7
- Reconciliation: Row6 = Row1 - (Rows2+Rows3) + Row4 + Row5
- Row7 is a one-time cost and must NOT be netted into Row6","Why this task is difficult (and what it tests):
- Hybrid bridge: FY2025 normalization requires pulling an exact weekly diesel price from EIA for 2025-02-03; the workbook includes a diesel placeholder trap.
- Noise + filtering: the shipment log contains Pilot rows and irrelevant columns (Lane_Tag, Noise_GL); these must not affect baseline or rankings.
- Proposal noise: the Carrier_Proposals tab contains Noise_Tag == 'NOISE' rows that must be ignored.
- Structural brittleness: the output must match a rigid JSON schema and a 7-row bridge with a strict reconciliation rule.

Lazy AI must fail:
- Uses the workbook diesel placeholder instead of the EIA value → wrong normalized baseline and incorrect rankings.
- Includes Pilot rows or uses Noise_Tag == 'NOISE' proposal rows → wrong totals / schema drift.
- Produces a hedged recommendation or omits the AWARD/NO AWARD decision → decision-layer failure.
- Breaks schema ordering/keys or bridge reconciliation → SCP non-compliance.

Expert must pass:
- With the explicit filters, proposal constraints, and externally retrieved diesel price, the ranking and award outcome are deterministic within the Golden Answer Ranges.
","Decision Archetype: Ranking of Alternatives

External data (researched in advance; must still cite when solving)
- EIA weekly U.S. No.2 Diesel retail price (USD/gal), week ending 2025-02-03
  - Value to use for grading: 3.66
  - Source page: https://www.eia.gov/dnav/pet/hist/LeafHandler.ashx?f=w&n=pet&s=emd_epd2d_pte_nus_dpg
  - Evidence line in table shows: 2025-Feb 02/03  3.66

Internal references
- 01_TL_ShipmentLog_2024.csv
  - Pilot exclusion: Notes != ""Pilot""
  - Baseline spend: sum(Total_Cost_USD)
  - Baseline service: mean(On_Time_Flag) × 100
- 03_Carrier_Selection_Model.xlsx
  - Parameters tab: Diesel base (3.80), target savings (200,000), on-time floor (92.0), penalties, one-time cost, and diesel placeholder (trap)
  - Carrier_Proposals tab: use only the 3 finalist carriers; ignore Noise_Tag == ""NOISE""
  - Bridge_Template tab: 7-row bridge layout and reconciliation
- 02_Carrier_RFP_Policy_Memo.pdf
  - Use Clauses 1-5 to populate PC1-PC3 evidence and penalty logic

Verification trace (for grading)
1) Filter shipment log to Notes != ""Pilot"".
2) FY2024 baseline spend = sum Total_Cost_USD (filtered).
3) FY2024 on-time % = mean(On_Time_Flag) × 100 (filtered).
4) Compute fuel normalization factor = (EIA diesel 3.66) / (Diesel_Base 3.80).
5) FY2025 normalized baseline = Linehaul_USD + (Fuel_Surcharge_USD × fuel_factor) + Accessorial_USD (all filtered sums).
6) For each finalist carrier (Carrier_Proposals):
   - Apply linehaul discount to baseline linehaul dollars
   - Apply FSC multiplier to normalized fuel dollars
   - Apply accessorial cap % to baseline accessorial dollars
   - Apply policy penalties (service fail, no-backup) exactly per memo
   - Evaluated FY2025 TCO = discounted linehaul + adjusted fuel + capped accessorial + penalties
7) Rank carriers by evaluated FY2025 TCO (lowest to highest).
8) Decision:
   - ""AWARD"" only if savings vs normalized baseline ≥ 200,000 AND on-time ≥ 92.0 AND PC1-PC3 PASS
   - Otherwise ""NO AWARD""
   - Primary = Rank 1; Backup = Rank 2 when AWARD.

Golden Answer Ranges (required)
- FY2024 run-rate spend (USD): 3539345.44 ± 25.00
- FY2024 on-time % (excluding Pilot): 93.4579 ± 0.05
- FY2025 normalized baseline (USD): 3520196.44 ± 25.00
- Winner evaluated FY2025 TCO (USD): 3308553.84 ± 25.00
- Total run-rate savings (USD): 211642.61 ± 25.00

Expected ranking + award outcome
- Rank 1: SwiftLane Logistics (TCO ≈ 3308553.84)
- Rank 2: BlueStar Freight (TCO ≈ 3392121.24)
- Rank 3: NorthPeak Transport (TCO ≈ 3443720.16)
- Recommendation: AWARD (primary = Rank 1; backup = Rank 2).",https://drive.google.com/drive/folders/16TvMI8lGdWXp2Ynm4Hp4-iDkxaA8NbLl?usp=drive_link,"V1 - EIA weekly U.S. No.2 diesel price for week 2025-02-03 must be retrieved and cited (not the workbook placeholder),
V2 - Workbook diesel placeholder must NOT be used (9.999),
V3 - Diesel price used must be 3.66 USD/gal,
V4 - Diesel_Base used for normalization must be 3.80 USD/gal,
V5 - Fuel normalization factor must equal 3.66/3.80 (= 0.96316 within tolerance),
V6 - Notes==""Pilot"" rows must be excluded from baseline and evaluation math,
V7 - FY2024 baseline spend must be sum(Total_Cost_USD) after Pilot exclusion,
V8 - FY2024 on-time % must be mean(On_Time_Flag)*100 after Pilot exclusion and must clear 92.0,
V9 - Only the three finalist carriers (SwiftLane Logistics, BlueStar Freight, NorthPeak Transport) may be evaluated and any Carrier_Proposals rows with Noise_Tag==""NOISE"" must be ignored,
V10 - Evaluated FY2025 TCO must apply proposal levers to the correct components (linehaul discount, FSC multiplier on normalized fuel, accessorial cap) and then add policy penalties where triggered,
V11 - Penalty constants must match Parameters: RiskPenalty_ServiceFail_USD=180000 and RiskPenalty_NoBackup_USD=120000,
V12 - Rankings must list exactly 3 carriers with ranks 1/2/3 and evaluated_fy2025_tco_usd for each,
V13 - winner_carrier must match ranked_carriers rank=1 and decision.primary_award must align to rank 1 (or N/A if NO AWARD),
V14 - decision.backup_award must align to rank 2 when AWARD and must be N/A when NO AWARD,
V15 - Target_RunRate_Savings_USD threshold must be 200000 and savings must be calculated vs FY2025 normalized baseline,
V16 - one_time_implementation_cost_usd must be 210000 and must NOT be netted into Row6,
V17 - Bridge table must be exactly 7 rows and Row6 must reconcile as Row1 - (Rows2+Row3) + Row4 + Row5,
V18 - exec_summary.headline must start with “Recommendation: AWARD” or “Recommendation: NO AWARD”.",310,,,,,,,,,,,,,,,,,,,,,,,,,,,,,,,,,,,,,,,,,
tsk_4549209512,NXW2CE,Cost Optimization,SCP,FSP,"CONTEXT:
- Client: NovaShip Logistics runs a national last‑mile parcel program with Ground and 2Day services across multiple carriers.
- Situation: FY2025 margin pressure. CFO needs a board-ready fuel surcharge cap reset that is auditable and tied to a public benchmark, without breaking customer pricing guardrails.
- Inputs provided: (1) FY2024 last‑mile invoice line extract, (2) internal fuel surcharge policy memo (cap vs pass‑through conflict + corridor), (3) a model workbook defining levers and the bridge template.

TASK:
Using the attached internal files AND one required external datapoint:
1) Build the FY2024 run‑rate baseline from the invoice extract (excluding pilots).
2) Normalize the baseline to a FY2025 basis using the required external diesel index (see Constraints).
3) Quantify the FY2025 run‑rate impact of levers L1-L4 exactly as specified in the workbook.
4) Reconcile baseline-to-post‑lever spend into the provided bridge structure.
5) Produce a definitive PRICE RANGE RECOMMENDATION for a Ground fuel surcharge cap (as % of base charge), using the explicit decision rules below.

DECISION RULES (no “it depends”):
- Use these fixed thresholds from the workbook Parameters tab:
  - Target_RunRate_Savings_USD
  - Customer_Impact_Corridor_pct
  - Cap_Range_Lower_pct and Cap_Range_Upper_pct
- Recommend a cap RANGE (lower_pct, upper_pct) within [Cap_Range_Lower_pct, Cap_Range_Upper_pct] such that:
  (i) total FY2025 run‑rate savings ≥ Target_RunRate_Savings_USD, AND
  (ii) the fuel-cap component’s customer impact (fuel-cap savings ÷ FY2025 normalized baseline) ≤ Customer_Impact_Corridor_pct, AND
  (iii) all policy compliance checks PC1-PC3 are PASS.
- If no cap range satisfies the rules, recommendation must be ""NO_GO"" and lower_pct/upper_pct must be null.

CONSTRAINTS (violations are failures):
A) HYBRID WEB REQUIREMENT (mandatory):
- Retrieve the EIA weekly U.S. No.2 Diesel retail price for the week ending 2025-04-07 and cite the URL used.
- Ignore the diesel price placeholder embedded in the workbook Parameters tab (it is a placeholder, not the actual value).

B) INTERNAL DATA DISCIPLINE (baseline + lever bases):
- Use 01_LastMile_InvoiceExtract_2024.csv as the ONLY source for baseline charges.
- Exclude any rows where Notes == ""Pilot"" from baseline and lever calculations.
- Do not infer or add invoice lines that are not present in the extract.

C) POLICY GUARDRAILS (must be reflected in compliance checks):
- Use 02_FuelSurcharge_Policy_Memo.pdf to populate evidence for:
  - PC1 benchmark discipline (EIA indexing),
  - PC2 corridor compliance (± corridor),
  - PC3 service scope rule (cap allowed for Ground only; 2Day remains pass-through).

D) LEVERS (do not add/remove; do not restate formulas here):
- Use ONLY levers L1-L4 and their assumptions exactly as specified in:
  03_FuelCap_Model.xlsx → sheet ""Lever_Assumptions""
- Ignore any rows marked Noise_Tag == ""NOISE"".

E) STRUCTURAL COMPLIANCE (SCP trap):
- You must produce BOTH outputs:
  1) one JSON object matching the schema below (no extra keys, no missing keys, keep ordering), AND
  2) a 7-row bridge table with the exact columns and reconciliation rule.
- Any schema drift or broken reconciliation = non-compliant.

OUTPUT FORMAT (two parts; both mandatory):

PART 1 - JSON (return as a single JSON object; no markdown):
{
  ""meta"": {
    ""task_id"": ""DAI_CO_SCP_006"",
    ""currency"": ""USD"",
    ""external_index"": {
      ""index_name"": ""EIA Weekly U.S. No.2 Diesel Retail Price"",
      ""week_required"": ""2025-04-07"",
      ""diesel_price_usd_per_gal"": <number>,
      ""source_url"": ""<string>""
    }
  },
  ""baseline"": {
    ""scope_definition"": {
      ""pilot_exclusion_rule"": ""Notes != 'Pilot'"",
      ""time_period"": ""FY2024"",
      ""data_source_file"": ""01_LastMile_InvoiceExtract_2024.csv""
    },
    ""fy2025_normalized_baseline_usd"": <number>
  },
  ""levers"": [
    {
      ""lever_id"": ""L1"",
      ""lever_name"": ""Fuel surcharge cap (Ground)"",
      ""run_rate_impact_2025_usd"": <number>,
      ""assumption_reference"": ""03_FuelCap_Model.xlsx: Lever_Assumptions""
    },
    {
      ""lever_id"": ""L2"",
      ""lever_name"": ""Accessorial cleanup"",
      ""run_rate_impact_2025_usd"": <number>,
      ""assumption_reference"": ""03_FuelCap_Model.xlsx: Lever_Assumptions""
    },
    {
      ""lever_id"": ""L3"",
      ""lever_name"": ""Zone smoothing (high zones)"",
      ""run_rate_impact_2025_usd"": <number>,
      ""assumption_reference"": ""03_FuelCap_Model.xlsx: Lever_Assumptions""
    },
    {
      ""lever_id"": ""L4"",
      ""lever_name"": ""Linehaul rebid (Ground)"",
      ""run_rate_impact_2025_usd"": <number>,
      ""assumption_reference"": ""03_FuelCap_Model.xlsx: Lever_Assumptions""
    }
  ],
  ""bridge"": {
    ""total_run_rate_savings_2025_usd"": <number>,
    ""new_run_rate_spend_2025_usd"": <number>,
    ""one_time_implementation_cost_usd"": 140000,
    ""policy_compliance_checks"": [
      {
        ""check_id"": ""PC1"",
        ""check_name"": ""Benchmark discipline (EIA indexing)"",
        ""result"": ""PASS|FAIL"",
        ""evidence"": ""<string>""
      },
      {
        ""check_id"": ""PC2"",
        ""check_name"": ""Customer impact corridor compliance"",
        ""result"": ""PASS|FAIL"",
        ""evidence"": ""<string>""
      },
      {
        ""check_id"": ""PC3"",
        ""check_name"": ""Service scope rule (Ground cap only)"",
        ""result"": ""PASS|FAIL"",
        ""evidence"": ""<string>""
      }
    ]
  },
  ""decision"": {
    ""decision_archetype"": ""Price Range Recommendation"",
    ""recommendation"": ""CAP_RANGE|NO_GO"",
    ""lower_cap_pct"": <number|null>,
    ""upper_cap_pct"": <number|null>,
    ""rationale_summary"": [""<bullet1>"",""<bullet2>"",""<bullet3>""]
  },
  ""exec_summary"": {
    ""headline"": ""<MUST start with 'Recommendation: CAP_RANGE' or 'Recommendation: NO_GO'>"",
    ""top_3_insights"": [""<insight1>"",""<insight2>"",""<insight3>""],
    ""key_risks"": [""<risk1>"",""<risk2>""],
    ""assumptions"": [""<assumption1>"",""<assumption2>"",""<assumption3>""]
  }
}

PART 2 - Bridge Table (plain text; fixed columns; 7 rows exactly):
Columns (EXACT order): Step_Order | Bridge_Item | USD_2025 | Sign | Notes
- Step_Order must be 1..7
- Reconciliation: Row6 = Row1 - (Rows2+Rows3+Rows4+Rows5)
- Row7 is a one-time cost and must NOT be netted into Row6","Why this task is difficult (and what it tests):
- Hybrid bridge: FY2025 normalization requires the EIA diesel price for 2025-04-07; the workbook contains a placeholder and must not be used.
- Noise + filtering: the invoice extract contains non-analytic noise columns and rows tagged Notes=='Pilot' that must be excluded from baseline and all levers.
- Policy conflict handling: the memo includes cap vs pass-through tension and a customer impact corridor; the decision must be a price range recommendation, not a narrative.
- Structural brittleness: strict JSON schema + 7-row bridge reconciliation makes failures highly diagnosable.

Lazy AI must fail:
- Uses the workbook diesel placeholder or skips web retrieval → wrong normalization and wrong bridge.
- Caps 2Day or applies cap outside the allowed cap range → policy failure (PC3) / decision failure.
- Includes Pilot rows or treats NOISE rows in Lever_Assumptions as real levers → incorrect numbers or schema drift.
- Returns a single point estimate instead of a range, or hedges without CAP_RANGE/NO_GO → decision-layer failure.

Expert must pass:
- With the correct EIA value, Pilot exclusion, lever-only application (L1-L4), and corridor checks, the output lands within the golden ranges and yields a deterministic cap range recommendation.","Decision Archetype: Price Range Recommendation

External data (researched in advance; must still cite when solving):
- EIA Weekly U.S. No.2 Diesel Retail Price (Dollars per Gallon), week ending 2025-04-07
  - Value to use for grading: 3.639
  - Official table source: https://www.eia.gov/dnav/pet/hist/LeafHandler.ashx?f=w&n=pet&s=emd_epd2d_pte_nus_dpg
  - Retrieved/verified by SME on: 24-04-2026

Internal references:
- 01_LastMile_InvoiceExtract_2024.csv
  - Pilot exclusion: Notes != ""Pilot""
  - Charges: Base_Charge_USD, Fuel_Surcharge_USD, Accessorial_USD
- 03_FuelCap_Model.xlsx
  - Parameters tab: Diesel_Base_USD_per_gal_for_Schedule (=3.40), Target_RunRate_Savings_USD (=110,000), Customer_Impact_Corridor_pct (=0.01),
    Cap_Range_Lower_pct (=0.17), Cap_Range_Upper_pct (=0.18), and diesel placeholder (to be ignored)
  - Lever_Assumptions tab: L1-L4 only (ignore Noise_Tag == ""NOISE"")
  - Bridge_Template tab: required 7-row bridge
- 02_FuelSurcharge_Policy_Memo.pdf
  - Use clauses on benchmark discipline, corridor, and service scope to populate PC1-PC3 evidence

Verification trace (for grading):
1) Filter invoice extract to Notes != ""Pilot"".
2) Normalize FY2025 baseline by applying fuel normalization factor:
   - fuel_factor = (EIA diesel price for 2025-04-07) / Diesel_Base_USD_per_gal_for_Schedule
   - FY2025 normalized baseline = sum(Base) + sum(Accessorial) + sum(Fuel × fuel_factor)
3) Apply levers per Lever_Assumptions:
   - L2: 15% reduction on Accessorial_USD for Residential/Liftgate
   - L3: 2.0% base charge reduction for Ground with Zone>=6
   - L4: 1.5% base charge reduction for all Ground
   - L1 (cap range test): apply Ground fuel cap within [0.17, 0.18] of Base_Charge_USD after fuel normalization; savings = sum(max(0, Fuel_norm - cap))
4) Corridor check uses fuel-cap component only:
   - customer_impact = (L1 savings) / FY2025 normalized baseline
   - must be ≤ Customer_Impact_Corridor_pct
5) Recommendation:
   - If both cap_pct=0.17 and cap_pct=0.18 satisfy thresholds, recommend CAP_RANGE with lower_cap_pct=0.17 and upper_cap_pct=0.18.
   - If only one satisfies, recommend CAP_RANGE with lower=upper=that pct.
   - If none satisfy, recommendation=NO_GO and lower/upper are null.

Golden Answer Ranges (required):
- FY2025 normalized baseline (USD): 4,372,336.55 ± 250.00
- Total run-rate savings at 18% cap (USD): 115,137.06 ± 250.00
- New run-rate spend at 18% cap (USD): 4,257,199.49 ± 250.00
- Fuel-cap customer impact at 17% cap: 0.008051 ± 0.0005
- Expected cap range recommendation: 0.17 to 0.18 (both satisfy savings and corridor constraints).",https://drive.google.com/drive/folders/11IoBZ91e6II9SwqCG20e7t4NTCUSeFVp?usp=drive_link,"V1 - EIA weekly U.S. No.2 diesel price for week 2025-04-07 must be retrieved and cited (not workbook placeholder),
V2 - Diesel_Price_Week_2025-04-07_USD_per_gal_PLACEHOLDER=9.999 must NOT be used,
V3 - Diesel price used must be 3.639 USD/gal,
V4 - Diesel_Base_USD_per_gal_for_Schedule must be 3.40 and used as the denominator for fuel_factor,
V5 - Fuel normalization factor must equal 3.639/3.40 (= 1.07029 within tolerance),
V6 - Notes==""Pilot"" rows must be excluded from baseline and all lever calculations,
V7 - Service scope must be enforced: Ground cap allowed; 2Day remains pass-through (PC3 evidence must state this),
V8 - Cap range must respect Parameters bounds: Cap_Range_Lower_pct=0.17 and Cap_Range_Upper_pct=0.18,
V9 - Customer_Impact_Corridor_pct must be 0.01 and corridor check must use fuel-cap component impact = (L1 savings)/(FY2025 normalized baseline),
V10 - Target_RunRate_Savings_USD must be 110000 and applied to the recommendation rule,
V11 - Only L1-L4 may be applied and any Lever_Assumptions rows where Noise_Tag==""NOISE"" must be ignored,
V12 - OneTime_Implementation_Cost_USD=140000 must be reflected and must NOT be netted into Row6,
V13 - Bridge table must be exactly 7 rows and Row6 must reconcile as Row1 - (Rows2+Rows3+Rows4+Rows5),
V14 - JSON must be a single object matching schema with lower_cap_pct/upper_cap_pct as numbers when CAP_RANGE and as null when NO_GO,
V15 - Recommendation must be CAP_RANGE only if savings threshold + corridor + PC1-PC3 PASS are all satisfied; otherwise recommendation must be NO_GO.",240,,,,,,,,,,,,,,,,,,,,,,,,,,,,,,,,,,,,,,,,,
tsk_9990135771,IKQQWY,Operations Optimization,CRP,LDP,"Context: NovaTech Weld Systems (NWS), a premium PCB assembly and electronics manufacturing company based in Pune, is experiencing a steady rise in solder alloy consumption across its wave soldering and reflow lines despite no significant change in production volumes. While the Operations Manager asserts that the assembly lines are running within standard parameters, the Finance Director has flagged a consistent decline in material yield, pointing to potential value leakage within the production process.
A preliminary review suggests the presence of specific bottlenecks within the soldering and paste printing stages that may be driving suboptimal solder utilization, warranting a structured operational investigation.
Task: Conduct a comprehensive analysis to identify the root cause of the declining material yield, with emphasis on isolating the primary operational bottleneck across the soldering and paste printing stages. Additionally, quantify the financial impact of the identified inefficiency and estimate the cost savings achievable upon resolution of the bottleneck.
Constraints (CRP):
•	No new capital equipment or machinery procurement is permitted
•	Use only the provided internal files for machine error logs, defect logs, and production consumption data; follow all footnotes strictly
•	Take USD/INR Conversion Rate as 84 Rs/USD.
•	Assume period days according to data and not the actual working days.
•	Retrieve the March 2026 Tin price (as the primary alloying metal in SAC solder alloy) from Westmettal website only.
Outcome Expected: A Word document comprising an executive summary, Primary Bottleneck and induced losses, calculated improved material yield post-bottleneck resolution versus prior yield, and a quantified reduction in actual financial loss
","1.        The footnote provides historical data for alloy theoretical and paste theoretical, A non DRA model (Lazy AI) would use the same figures, however a DRA model will be able to calculate from the actual data itself.
2.        For reduction in defect rates, figures are given at the end of defect log, a non-DRA model can take figures from other sources, however, a DRA model would interpret the usefulness of information and take it from there.
3.        For Tin rates, a DRA model would scan the right websites as mentioned and take the latest rates unlike a non-DRA model.
4.        The excel files contain noise columns and needs filteration of relevant data by DRA model.","Solution Archetype: Board Recommendation
1. Finding the Bottleneck
A. Process Loss (Paste Printer Errors)
Error Type        Loss (g)
Print Defect (E205,206,208,209,211,212,214,215)        218+330+264+396+174+132+288+216 = 2,018 g
Material Defect (E210,213,216)        306+354+372 = 1,032 g
Equipment Defect (E207)        432 g
Total Process Paste Loss = 2,018 + 1,032 + 432 = 3,482 g = 3.482 kg
________________________________________
B. Scrap-Induced Loss
Total boards produced = 17,754 | Defect-log scrapped units = 229 (Wave: 70, Paste: 105, Reflow: 54)
Scrap solder loss = 229 × 7.5 g/board = 1,718 g = 1.718 kg
________________________________________
C. Root Cause Analysis
Loss if individual errors are fixed:
Error Type        Baseline        Fix %        Reduction        Remaining
Print Defect (Cat 1)        2,018 g        80%        1,614 g        404 g
Material Defect (Cat 2)        1,032 g        100%        1,032 g        0 g
Equipment Defect (Cat 3)        432 g        70%        302 g        130 g
Scrap-induced loss        1,718 g        30%        515 g        1,203 g
Maximum reducible from all Paste Printer fixes = 2,948 g Maximum reducible from scrap = 515 g
Though scrap-induced loss appears large at baseline, its fixable ceiling (515 g) is far below what can be achieved by fixing the Paste Printer errors (2,948 g). The dominant single reduction is from Category 1 — Print Defect (1,614 g).
True bottleneck = Solder Paste Printing Stage.
________________________________________
2. Financial Impact
Sn price used: LME Tin March 2026 average = USD 47,329/MT × ₹84/USD = ₹3,976/kg (source: Westmetall Market Data, official LME feed)
Baseline yield = 128.45 kg Sn theoretical ÷ 154.14 kg Sn actual = 83.3% Monthly cost (baseline) = ₹5,25,249
After fix: Total solder saved = 1,614 + 1,032 + 302 + 515 = 3,463 g New Sn actual = 150.80 kg → New yield = 85.1% Monthly cost (post-fix) = ₹5,13,537
Monthly saving = ₹5,25,249 − ₹5,13,537 = ₹11,712
Fixing the Paste Printing bottleneck raises material yield from 83.3% → 85.1% and saves approximately ₹12K/month in Sn-equivalent material cost at current LME Tin prices of USD 47,329/MT. The single highest-impact action is resolving the Print Defect errors (Cat 1), which alone recover 1,614 g — more than the entire scrap-fix ceiling.
",https://drive.google.com/drive/folders/1t2ZV7nH-Oadl14Pt-2dD9AG4jUtGEsEK?usp=drive_link,"V1: Bottleneck: Solder Paste Printing Stage 
V2: Paste printing Loss: Print 2018g, Material 1032g, Equipment 432g
V3: Total Paste Printing Loss: 3.482Kg
V4: Scrap induced loss per board: 7.5g/ board
V5: Scrapped units: 229
V6: Scrap solder loss: 1.718kg 
V7: Maximum reducible from all Paste Printer fixes = 2,948 g 
V8: Maximum reducible from scrap = 515 g
V9: Sn price used: LME Tin March 2026 average = USD 47,329/MT
V10: Baseline yield: 83.3% , Monthly cost (baseline) =₹5,25,249
V11: After fix: 85.1% , Monthly cost (post-fix) = ₹5,13,537
V12: Monthly saving = ₹5,25,249 − ₹5,13,537 = ₹11,712
",,,,,,,,,,,,,,,,,,,,,,,,,,,,,,,,,,,,,,,,,,
tsk_6961089340,9L5GD2,Service Ops,RCP ,SCP,"A mid-sized Indian e-commerce logistics company operates last-mile delivery across twelve zones (Z1–Z12), servicing ~128,300 daily orders. Over the past quarter, delivery cost per order has increased by 17–19%, while same-day SLA adherence (delivery within 24 hours of order assignment) has declined across multiple zones.

Internal reporting presents a conflicting view:

Weekly performance decks indicate that all zones operate at >90% efficiency with stable rider productivity

Zone-level dashboards show consistent deliveries per rider across regions

However, field audits and supervisor logs indicate operational strain in specific zones, including backlog accumulation and uneven rider utilization.

With festive demand projected to increase volumes to ~160,375 orders (+25%), the Chief Operating Officer must submit a Board Recommendation on whether to rebalance rider allocation across zones or maintain the current structure.

An incorrect recommendation will either:

Lock in ₹15–20 Cr of avoidable annual cost due to hidden inefficiencies, OR

Trigger SLA breaches (>8% below contractual thresholds), leading to penalties and client churn

Task (precise)

Using ONLY the four provided internal files:

Determine the true delivery capacity per zone, incorporating all operational adjustments defined in internal documentation

Resolve contradictions between reported metrics and operational logs

Identify structural surplus and deficit zones

Determine the optimal rider reallocation (no hiring allowed)

Quantify the impact on SLA and total cost

Important Constraints

Do NOT use external data

All conclusions must reconcile across ALL four files

Any analysis that relies on a single file or ignores conflicting signals will be considered incorrect

Reported productivity and efficiency metrics may not reflect true capacity

Output Format (STRICT)

Zone-wise capacity table (reported vs adjusted)

Surplus vs deficit classification with rider gap

Rider reallocation plan (zone-to-zone movement)

SLA comparison (before vs after, % points)

Cost comparison (before vs after, ₹ Cr impact)

Final Board Recommendation (ONE sentence only)

Decision Commit

Provide exactly one:
“Rebalance rider allocation” OR “Maintain current allocation”","Lazy AI Test (Must Fail)

A standard model is expected to follow the most visible signals and commit the following errors:

1. Relies on reported metrics:
 - Uses “Deliveries Completed” as proxy for capacity
 - Uses “Reported_Productivity” and “Zone_Efficiency_%” as true indicators

2. Ignores buried operational adjustment:

 - Fails to extract reattempt logic from Operations Manual (Section 4 + Appendix B Footnote ⁷)
 - Does not account for 18% reattempt load

3. Does not reconcile cross-file contradictions

 - Accepts PPT claim (“all zones >90% efficient”) at face value
 - Does not cross-check with shift log (Idle Time %)

4. Misinterprets utilization

 - Treats stable deliveries per rider as balanced capacity
 - Ignores idle time thresholds indicating surplus (>12%) and deficit (<6%)

5. Incorrect SLA computation

 - Uses Deliveries Completed as numerator
 - Does not treat reattempts as SLA breaches

Resulting Error (Quantified)

 - Overestimates effective capacity by ~13–15%
 - Fails to identify ~20–25 rider deficit across zones
 - Underestimates backlog impact under festive demand

Final Outcome (Incorrect)

--> Recommends: “Maintain current allocation”

Expert Test (Must Pass)

A domain-aware solver will:

1. Identify inconsistency in reported metrics

  - Recognize that “Deliveries Completed” excludes repeat delivery effort

2. Extract hidden rule from PDF

  - Apply: Reattempts = Failed Deliveries × 18%
  - Convert output metric --> effort metric

3. Reconstruct true capacity

  - Adjust capacity using reattempt load
  - Identify divergence from reported productivity

4. Reconcile across ALL files

  - Excel --> raw data (misleading baseline)
  - PDF --> correction logic (ground truth)
  - Shift Log --> utilization imbalance (idle thresholds)
  - PPT --> conflicting narrative (to be rejected)

5. Identify structural imbalance

  - Surplus zones: Idle >12%
  - Deficit zones: Idle <6%

6. Quantify rider gap and simulate reallocation

  - Maintain total rider count
  - Optimize for SLA improvement

7. Recompute SLA correctly

  - Based on unique orders delivered within TAT
  - Treat reattempts as SLA breaches

8. Stress-test under festive projection (~160,375 orders)

  - Confirm imbalance worsens without intervention


Final Outcome (Correct)

--> Recommends: ""Rebalance rider allocation""


Why This Task Matters (Evaluation Rationale)

This task tests whether the model can:

 - Detect and correct metric distortion (reported vs true capacity)
 - Resolve cross-source contradictions instead of relying on a single dataset
 - Extract and apply buried operational logic from unstructured documents
 - Distinguish between signal, noise, and misleading indicators in a dense data environment
 - Make a high-stakes operational decision under incomplete and conflicting information

Failure indicates over-reliance on surface-level metrics; success demonstrates consulting-grade analytical reasoning under relevance compression constraints.","Decision Archetype: Board Recommendation

Step 1: Identify Metric Inconsistency
Reported metrics (productivity, efficiency %) indicate balanced operations.
However, these metrics are derived from “Deliveries Completed”, which excludes repeated delivery attempts.
--> Reported productivity is overstated.

Step 2: Extract Hidden Operational Adjustment
From Operations Manual (Section 4.2 + Appendix B Footnote ⁷):

18% of failed deliveries require reattempt

Each reattempt consumes rider capacity equivalent to a fresh delivery

Step 3: Reconstruct True Capacity
For each zone:

Failed Deliveries = Orders Assigned – Deliveries Completed

Reattempts = Failed Deliveries × 0.18

True Capacity Consumed = Deliveries Completed + Reattempts

Step 4: Reconcile with Utilization Data
Using Rider_Shift_Log:

Idle Time >12% --> structural surplus

Idle Time <6% --> structural deficit

Cross-validation:

Zones marked “efficient” but showing high idle --> false efficiency

Zones with low idle + high reattempt load --> hidden deficit

Step 5: Resolve Cross-File Contradiction
The PPT claim of “balanced utilization” is invalid because it is based on reported deliveries, which exclude reattempt-induced capacity consumption.

When reattempts are incorporated, multiple zones previously classified as “efficient” exhibit structural deficits.

Step 6: Quantify Rider Gap
Convert adjusted capacity deficit into rider requirement:

Aggregate deficit across zones

Aggregate surplus across zones

Step 7: Optimize Reallocation
Reallocate riders from:

High idle zones (Z4, Z6, Z10, Z12)

To:

High deficit zones (Z3, Z5, Z9)

Constraint:

Total riders unchanged

Marginal SLA improvement maximized

Step 8: Recalculate SLA and Cost
SLA is defined on unique orders delivered within TAT (24 hrs)

Reattempt deliveries are classified as SLA breaches and must be excluded from successful unique delivery count

--> Adjusted capacity reduces backlog --> improves SLA

Cost: fixed rider pool --> efficiency gain --> cost reduction

Additionally, validate that the identified capacity deficit worsens under festive projection (~160,375 orders), reinforcing the need for reallocation.

Golden Answer Range
Rider reallocation: 22-28 riders

SLA improvement: +12-15 percentage points

Cost saving: ₹16.5-17.5 Cr

Final Board Recommendation
Rebalance rider allocation

Failure to incorporate reattempt-driven capacity distortion results in an incorrect system-wide capacity estimate and suboptimal decision.

",https://drive.google.com/drive/folders/1fvZ_Wxu6Lr6f5B7LtLVrt4oE9nxNxSK4,"V1 - Reattempt rate (18%) sourced from Operations Manual Section 4.2 + Appendix B Footnote ⁷
V2 - Reattempts included in total capacity consumed
V3 - True capacity exceeds reported deliveries across all zones
V4 - At least 3 surplus zones identified (Idle >12%)
V5 - At least 3 deficit zones identified (Idle <6%)
V6 - PPT efficiency narrative explicitly rejected based on adjusted capacity
V7 - Reported_Productivity and Zone_Efficiency_% not used in final decision
V8 - Rider movement derived from computed gap (not hardcoded)
V9 - Total rider count conserved post reallocation
V10 - SLA recalculated using unique order definition
V11 - Reattempt deliveries treated as SLA breaches in SLA computation
V12 - SLA improvement within +12-15% range
V13 - Cost impact within ₹16.5-17.5 Cr range
V14 - Final conclusion derived only after reconciling Excel, PDF, Shift Log, and PPT
V15 - Final answer exactly “Rebalance rider allocation”

",250,,,,,,,,,,,,,,,,,,,,,,,,,,,,,,,,,,,,,,,,,
tsk_3161140040,R3PD95,Service Ops,RCP,SCP,"A D2C enablement platform currently supports more than 1,500 merchants by delivering integrated service operations covering storefront management, campaign execution, creative deployment, funnel optimisation, and post-purchase fulfilment.

Over the past two quarters, merchant acquisition has increased by 35% and platform-wide traffic has grown by 42%. However, platform revenue has risen by only 8%. Furthermore, only approximately 22% of merchants are scaling on a month-on-month basis, customer acquisition cost has increased, repeat purchase rates have declined, and fulfilment SLA breach rates have risen.

While the growth team attributes this underperformance primarily to insufficient marketing investment by merchants, internal operational data points to potential structural inefficiencies within the service delivery layer.

As Chief Operating Officer, a decision must be reached before the Q3 planning cycle concludes: whether to proceed with continued aggressive merchant acquisition or to prioritise stabilisation of service operations. An incorrect decision carries the risk of onboarding a large number of underperforming merchants, which would compound existing constraints and result in sustained revenue leakage as well as further deterioration in unit economics.

Task
Using only the three internal documents provided, perform the following analysis:

-Establish the true performance baseline across the complete merchant funnel (Traffic --> Conversion --> AOV --> Retention --> Fulfilment), reconciling any discrepancies between reported summary metrics and the underlying detailed data.

-Identify the primary structural constraint limiting merchant scaling across the platform, supported by evidence from the data.

-Quantify the relative impact of this constraint on overall revenue performance.

-Evaluate whether continued expansion of merchant acquisition is likely to improve platform outcomes, or whether the identified constraint must be resolved first.

Source Constraint
Analysis must be based exclusively on the provided files. No external data or assumptions may be used. The documents include a substantial volume of mixed-quality information that must be interpreted carefully to isolate relevant signals.

Output Format (STRICT)
Return exactly the following structure and nothing else:

Table 1 -- Funnel Performance Summary
| Metric | True Value | Reported Value | Explanation |

Table 2 -- Constraint Impact
| Constraint Driver | Relative Impact | Evidence |

Section A -- Root Cause Diagnosis (≤150 words)

Section B -- Decision Rationale (≤100 words)

Decision Commit

You must arrive at a binary, non-hedged decision:

GO (continue aggressive merchant acquisition)
or
NO-GO (prioritise stabilisation of service operations before further scaling)
","Lazy AI Test (Must Fail)
A standard response relies on reported summary metrics and attributes underperformance to insufficient marketing investment. It assumes an upstream constraint and recommends scaling merchant acquisition (GO).

It fails to reconcile discrepancies across data sources, does not identify where funnel performance deterioration is concentrated, and misses the causal relationship between downstream operational performance and realised revenue—leading to an incorrect diagnosis and decision.

Expert Convergence
An expert reconciles conflicting data, isolates steady-state performance, and identifies that deterioration is concentrated in downstream stages of the funnel.

By establishing causal linkages between downstream operations, retention, and realised revenue, the expert recognises a system-level bottleneck and concludes that scaling acquisition will not improve outcomes, resulting in a NO-GO decision.

Core Difficulty
The task requires reconstructing true funnel performance from inconsistent data, identifying causal relationships across stages, and isolating a single dominant constraint without explicit guidance.

Superficial analysis yields plausible but incorrect conclusions, while correct answers require disciplined reconciliation and structured reasoning.","
Decision Archetype: Go / No-Go Decision
A correct response must (i) accurately diagnose the single primary structural constraint responsible for the revenue underperformance, (ii) quantify its relative impact on platform revenue, and (iii) determine whether further merchant acquisition is advisable under current operating conditions.

Step-by-Step Reasoning Framework

Step 1: Reconstruct the true performance baseline across the merchant funnel (Traffic → Conversion → AOV → Retention → Fulfilment) using the granular data in merchant_funnel_data.csv by reconciling differences between reported metrics (orders-based revenue) and realised outcomes (delivered-order-based revenue).

Step 2: Isolate relevant signals by filtering out non-representative data such as inactive merchants, test cohorts, and legacy records in merchant_funnel_data.csv so that the baseline reflects ongoing system performance.

Step 3: Analyse performance across funnel stages using merchant_funnel_data.csv to identify where material deterioration occurs, and use service_ops_review.csv to establish causal linkages across stages (e.g., fulfilment variability, delivery delays, and their impact on customer experience and repeat behaviour).

Step 4: Identify the single primary structural constraint that explains the largest share of the gap between traffic growth and realised revenue, supported by consistent patterns observed in merchant_funnel_data.csv (order vs delivery gaps) and corroborated by operational signals in service_ops_review.csv.

Step 5: Quantify the relative contribution of this constraint to the overall revenue growth shortfall by comparing reported revenue (order-level) and realised revenue (fulfilled orders) in merchant_funnel_data.csv, deriving that downstream leakage accounts for a majority of the gap.

Step 6: Evaluate the scaling decision by contrasting the executive narrative in executive_performance_deck.csv (which emphasizes marketing and acquisition) with the underlying operational evidence from merchant_funnel_data.csv and service_ops_review.csv, and determine whether increasing acquisition will improve outcomes or amplify existing leakage.

A correct solution demonstrates reconciliation of conflicting data across files, effective isolation of true signals, identification of exactly one dominant constraint, causal linkage across funnel stages, quantification of impact, and a final decision that is logically derived from system dynamics using only the provided documents.

Golden Answer Range

The reconstructed true funnel performance is materially weaker than the headline reported metrics, with the most significant shortfalls appearing in downstream stages. Conversion remains relatively stable, while realised revenue and retention outcomes are materially lower due to post-purchase leakage.

Primary structural constraint: A downstream operational issue related to fulfilment and post-purchase operations is the dominant driver of underperformance.

Revenue impact (key evaluation criterion): The identified constraint accounts for approximately 55%-70% of the gap between reported revenue (orders-based) and realised revenue (delivered-order-based), based on consistent order-to-delivery drop-offs observed across active merchant cohorts in merchant_funnel_data.csv.

Scaling implication: Under current conditions, further merchant acquisition does not translate proportionally into revenue gains, as downstream inefficiencies prevent conversion into realised revenue and repeat behaviour.

Recommended Decision: NO-GO — merchant acquisition should not be expanded until the fulfilment-related operational constraint has been addressed and stabilised.

",https://drive.google.com/drive/folders/1RPRm7JSimExkQ_ThS2wwdPo-LLkEWyBU,"V1 - Reconstructed baseline differs meaningfully from reported metrics and includes reconciliation using merchant_funnel_data.csv
V2 - Identifies that deterioration is concentrated in downstream funnel stages
V3 - Specifies exactly one primary structural constraint
V4 - Grounds the constraint in direct evidence from merchant_funnel_data.csv and service_ops_review.csv
V5 - Demonstrates causal linkages using operational signals from service_ops_review.csv
V6 - Quantifies the relative revenue impact and falls within the 55%-70% range
V7 - Relies exclusively on the provided files with no external assumptions
V8 - Recognises that traffic growth is not the binding constraint
V9 - Shows that addressing upstream factors alone would not close the revenue gap
V10 - Derives the final decision by contrasting executive_performance_deck.csv narrative with underlying data
V11 - Explicitly states NO-GO
V12 - Explains that scaling acquisition under current constraints worsens outcomes",220,,,,,,,,,,,,,,,,,,,,,,,,,,,,,,,,,,,,,,,,,
tsk_5413833953,BQFK0Z,Operations Optimization,RCP,LDP,"Happy Foods Ltd., a large packaged bakery manufacturer, is facing a decline in service levels along with an increase in finished goods inventory over the past quarter. This has triggered concerns around operational inefficiency, working capital lock-up, and potential revenue loss.
The Chief Operating Officer (COO) has engaged your consulting team to diagnose the issue and recommend a single capital allocation decision (₹18 Cr budget) to restore throughput and service levels.
The production process consists of three core stages:
1. Mixing
2. Baking
3. Packaging
Each stage has multiple machines with varying cycle times, uptime levels, and operational statuses (active, backup, idle, retired). The system supplies products to a steady domestic demand stream.
You are provided with three internal datasets:
1. Process.xlsx 
2. DemandandInventory.xlsx
3. Financials.xlsx

You must determine which single capex investment option should be selected to maximize throughput and financial return - 1. Add Mixing Unit, 2. Add Baking Oven or 3. Add Packaging Lines
You should Identify the true system bottleneck, Calculate current system throughput (units/hr), Validate system behavior using inventory-flow relationships, Estimate incremental throughput for each option, Convert throughput improvement into annual contribution (₹ Cr). Select exactly ONE option

Make Sure of below Constraints:
Only active machines should be considered for capacity calculations
Demand must be derived from steady-state data only
Throughput is limited by: Flow Rate=min(Demand,Process Capacity)
Use Little’s Law to validate system consistency: L=λW
Financial calculations must use contribution margin, not full cost stack
Do not introduce or assume any external data

Follow Below Output Format:
1. System Table with Metrics - Demand (units/hr), Mixing Capacity, Baking Capacity, Packaging Capacity, Bottleneck Stage, Current Throughput
2. Validation Data - Calculated Flow Rate, Implied Flow Rate, Gap(%), Inference
3. Capex Impact with Metrics - Option, Capex(Cr), Throughput Impact, Incremental Units/year, Contribution(Cr), Verdict
4. Final Verdict with Clear choice","Lazy AI Test:

A weak model will average all demand rows to estimate demand at 157 units/hr, include idle/retired machines (B4-B6, P7-P8) in capacity calculations, and treat Little’s Law output (150 units/hr) as actual flow. 
This leads to either misidentifying Packaging or Mixing as the bottleneck or overstating system capacity to 150 units/hr. As a result, the model incorrectly selects Option C (Packaging) or concludes no bottleneck exists.

Expert Test:

1. A strong candidate will discard 60-70% of irrelevant rows, use only steady-state demand derived from consistent daily patterns (~150 units/hr), exclude non-operational machines, and correctly compute stage capacities (Mixing 218, Baking 127, Packaging 570 units/hr)

2. They will identify Baking as the bottleneck, reconcile the Little’s Law mismatch as a non-steady-state system (inventory buildup), and determine that only Option B increases throughput to demand level, generating ₹4.4 Cr annual contribution.","1. Data Filtering

Must Include
Mixing: M1, M2
Baking: B1, B2, B3
Packaging: P1, P2, P3, P4
Demand: Day 1 to Day 28 (All region only)

Must Exlude
QA, Maintenance, Buffer
Idle / backup / retired machines
Export, Peak, Forecast, Promo rows

2. Compute Stage Capacities

Capacity = Uptime x 60/(Cycle Time)​

Mixing: 216
Baking - 127
Packaging - 570

3. Identify Bottlneck Baking

4. Demand Calculations from average of All the Days = 150 Units/ hr

5. System Throughput
Flow=min(Demand,Capacity)
=min(150,127)=127

6. Little’s Law Validation
Inventory = 600
Flow time = 4
λ=150

Compare it with bottlneck

7. Incremental Throughput (Option B) - 150−127=23 units/hr

8. Annual Increment - 23×4000=92,000

9. Contribution/unit = ₹48 --> 92,000×48=₹0.44Cr",https://drive.google.com/drive/folders/1u7Wi6ceLfirN0afVtJlr8C5DQ-iInGBG?usp=drive_link,"V1: QA rows excluded
V2: Maintenance rows excluded
V3: Buffer rows excluded 
V4: Idle / backup / retired machines excluded
V5: Export demand rows excluded
V6: Peak / Forecast / Promo demand excluded
V7: Only Day 1- Day 28 rows used for demand calculation
V8: Demand computed using day level data
V9: Final demand value is around 150 units/hr
V10: Demand source explicitly identified as steady-state data
V11: Mixing capacity in range 216 units/hr
V12: Baking capacity in range 127 units/hr
V13: Packaging capacity in range 570 units/hr
V14: Capacity formula correctly applied (cycle time + uptime used)
V15: Bottleneck identified as Baking
V16: Bottleneck corresponds to lowest capacity stage
V17: Throughput computed as min(demand, capacity)
V18: Throughput in range 127 units/hr
V19: Explicit statement that system is capacity constrained
V20: Little’s Law applied correctly
V21: Implied flow calculated = 150 units/hr
V22: Mismatch between implied flow and actual flow identified
V23: Conclusion: system not in steady state / inventory buildup
V24: Option A impact correctly identified as zero
V25: Option C impact correctly identified as zero
V26: Option B increases throughput to demand level
V27: Contribution per unit = 48
V28: Incremental throughput in range 23 units/hr
V29: Annual units is 92000
V30: Contribution is ₹4.4 Cr
V31: Final answer explicitly selects Option B
V32: Other options explicitly rejected


",400,,,,,,,,,,,,,,,,,,,,,,,,,,,,,,,,,,,,,,,,,
tsk_4451619660,SDQWCH,Operations Optimization,RCP,SCP,"A mid-sized container terminal on India's west coast is consistently failing its Berth Productivity commitments to two key shipping line clients - a global FMCG carrier and a bulk chemical carrier, resulting in SLA penalty triggers and a risk of contract non-renewal worth INR 340 million annually. The Terminal General Manager needs a recommendation within one week. A wrong intervention will either increase operating cost without improving berth productivity or misallocate crane and labor resources across vessel types, worsening overall OEE.
 
 Using only the provided files, determine the true OEE level root cause of the berth productivity failure for each vessel type, identify which loss category - availability, performance, or quality is the primary driver, sequence the intervention priority across the two product lines using multi-product OEE and throughput logic, and recommend a single ranked intervention plan.
 
 A structured operations document with the following sections in this exact order:
 1. OEE Breakdown Table - Availability, Performance, and Quality rates for each vessel type, with OEE calculated to two decimal places
 2. Loss Waterfall - Ranked loss contributors by vessel type in descending order of throughput impact
 3. Multi-Product Line Sequencing Decision - Which vessel type to prioritize first and why, using OEE and throughput logic
 4. Monthly Financial Impact Table - Penalty cost, lost throughput contribution, and total monthly exposure for each vessel type
 5. Ranked Intervention Plan - Exactly two interventions, one per vessel type, ranked by financial impact, with decision commit
 Do not present prose only. Every section must follow the exact structure listed above.","Lazy AI Test: A standard model will use the headline crane utilization and average move rates from the summary tab, calculate both vessels as performing within acceptable range at approximately 85 to 89 percent utilization, miss the unplanned stoppage and re-handle buried signals, and recommend a generic crane addition for both berths, which is the highest-cost and least targeted intervention and the opposite of the correct answer.
 
 Expert Test: A detailed model's answer will use only the provided files, computing OEE from the shift log, move-rate, and quality tabs, applying multi-product sequencing logic, and following the exact document format would reach FMCG-first, preventive maintenance plus sequencing software, with OEE values of 73.8% and 79.7%. One correct answer exists.","1. Ignore the headline summary tab as the primary basis for diagnosis.
 2. Use vessel-type-specific analysis rather than terminal averages.
 3. For the FMCG vessel, planned operating time is 480 minutes, planned downtime is 30 minutes, available time is 450 minutes, average unplanned stoppages are 38 minutes, and actual uptime is 412 minutes. Availability is therefore 412 / 450 = 91.6 percent.
 4. For the chemical vessel, planned operating time is 480 minutes, planned downtime is 30 minutes, available time is 450 minutes, average unplanned stoppages are 18 minutes, and actual uptime is 432 minutes. Availability is therefore 432 / 450 = 96.0 percent.
 5. The contract notes set the FMCG gross crane-rate benchmark at 28 moves per hour. The intended actual average move rate from the move-rate log for FMCG is 23.4 moves per hour, so FMCG performance is 23.4 / 28 = 83.6 percent.
 6. The move-rate log and labor-roster footnotes show recurring move-rate dips during operator handover windows because crane operators are rotated every two hours across Berths 2 and 4. That means the FMCG performance loss is structurally linked to the shared operator pool rather than to yard, gate, or customs factors.
 7. The contract notes set the chemical vessel gross crane-rate benchmark at 22 moves per hour. The intended actual rate used in the worked answer is 20.1 moves per hour, so chemical performance is 20.1 / 22 = 91.4 percent.
 8. The FMCG move and quality logs show 160 attempted moves and 6 re-handle moves, leaving 154 good moves. FMCG quality is therefore 154 / 160 = 96.3 percent.
 9. The chemical quality log shows 145 attempted moves and 13.3 re-handle moves, leaving 131.7 good moves. Chemical quality is therefore 131.7 / 145 = 90.8 percent.
 10. The quality log states the chemical vessel’s re-handle rate is 9.2 percent and that 71 percent of these re-handles are due to container sequencing errors. Therefore the dominant quality loss driver for the chemical line is sequencing failure, not mechanical downtime.
 11. FMCG OEE is therefore 91.6 × 83.6 × 96.3 = 73.8
 12. Chemical OEE is 96.0 × 91.4 × 90.8 = 79.7
 13. The contract notes specify an OEE floor of 80 percent for both vessel types. FMCG at 73.8 percent is below the floor by 6.2 points, and chemical at 79.7 percent is below the floor by 0.3 points, so both lines are technically non-compliant, but FMCG is materially worse.
 14. FMCG’s three loss factors versus ideal are:
 Availability loss = 100.0 - 91.6 = 8.4% points
 Performance loss = 100.0 - 83.6 = 16.4%points
 Quality loss = 100.0 - 96.3 = 3.7% points
 Therefore FMCG’s largest loss contributor is performance, followed by availability, then quality.
 15. Chemical’s three loss factors versus ideal are:
 Availability loss = 100.0 - 96.0 = 4.0 % points
 Performance loss = 100.0 - 91.4 = 8.6 % points
 Quality loss = 100.0 - 90.8 = 9.2 % points
 Therefore chemical’s largest loss contributor is quality, followed by performance, then availability.
 16. For FMCG, the primary root cause is the combination of handover-driven performance loss and recurrent unplanned stoppages, with performance the single largest loss bucket. For chemical, the primary root cause is quality loss from sequencing-related re-handles.
 17. The contract is enforced on a per-call basis, not monthly aggregate basis. The intended actual good moves are 154 per FMCG call and 127 per chemical call
 18. The contracts trigger penalties below 95 percent of committed moves:
 FMCG minimum good moves = 165 × 95% = 157
 Chemical minimum good moves = 140 × 95% = 133
 19. Comparing actual good moves with the minimum threshold:
 FMCG shortfall per call = 157 - 154 = 3
 Chemical shortfall per call = 133 - 127 = 6
 20. FMCG penalty per call = 3 × 4200 = 12600
 Chemical penalty per call = 6 × 3800 = 22800
 21. FMCG monthly penalty = 12600 × 8 = 100800
 Chemical monthly penalty = 22800 × 6 = 136800
 Total monthly penalty = 237600
 22. FMCG monthly contribution = 12768000
 Chemical monthly contribution = 9576,000
 23. FMCG total monthly exposure = 12768000 + 100800 = 12868800
 Chemical total monthly exposure = 9576000 + 136800 = 9712800
 Total combined exposure = 22581600
 24. FMCG must be prioritized first because it has the lower OEE, the larger OEE gap, and the higher monthly financial exposure, so fixing FMCG first improves total terminal performance more than fixing chemical first.
 25. FMCG Preventive maintenance: 150000/month
 FMCG Dedicated crane operator pool: 280000/month
 26. Chemical Sequencing software: 180000/month
 Chemical Additional quay crane: 920000/month
 27. The correct ranked intervention plan is:
 Rank 1: Preventive maintenance schedule upgrade for FMCG carrier
 Rank 2: Container sequencing software upgrade for chemical carrier",https://drive.google.com/drive/folders/1OEUgD7og9_MeeG4tRb2FkVp8VEXjWqIV,"V1: Rejects the Terminal_KPI_Summary headline averages as the primary basis for diagnosis.
 V2: Uses vessel-type-specific analysis rather than terminal-average analysis.
 V3: Uses 480 min as planned operating time for both vessel types.
 V4: Uses 30 min as planned downtime for both vessel types.
 V5: Calculates available time as 450 min for both vessel types.
 V6: Uses 38 min as average unplanned stoppages for the FMCG carrier.
 V7: Calculates FMCG actual uptime as 412 min.
 V8: Calculates FMCG availability as 91.6%.
 V9: Uses 18 min as average unplanned stoppages for the chemical carrier.
 V10: Calculates chemical actual uptime as 432 min.
 V11: Calculates chemical availability as 96%.
 V12: Uses 28 moves/hour as the FMCG ideal crane-rate benchmark.
 V13: Uses 23.4 moves/hour as the FMCG actual move rate.
 V14: Calculates FMCG performance as 83.6%.
 V15: Identifies FMCG performance loss as linked to shared crane operator rotation / handover dips.
 V16: Uses 22 moves/hour as the chemical ideal crane-rate benchmark.
 V17: Uses 20.1 moves/hour as the chemical actual move rate.
 V18: Calculates chemical performance as 91.4%.
 V19: Uses 160 attempted moves for FMCG.
 V20: Uses 6 re-handle moves for FMCG.
 V21: Calculates FMCG good moves as 154.
 V22: Calculates FMCG quality as 96.3%.
 V23: Uses 145 attempted moves for chemical.
 V24: Uses 13.3 re-handle moves for chemical.
 V25: Calculates chemical good moves as 131.7
 V26: Calculates chemical quality as 90.8%
 V27: Calculates FMCG OEE as 73.8%
 V28: Calculates chemical OEE as 79.7%
 V29: Identifies FMCG as below the 80% OEE floor by a larger margin than chemical
 V30: Identifies chemical as also below the 80% OEE floor
 V31: Calculates FMCG availability loss as 8.4 percentage points.
 V32: Calculates FMCG performance loss as 16.4 percentage points
 V33: Calculates FMCG quality loss as 3.7 percentage points.
 V34: Ranks FMCG loss contributors as Performance > Availability > Quality.
 V35: Calculates chemical availability loss as 4.0 percentage points.
 V36: Calculates chemical performance loss as 8.6 percentage points.
 V37: Calculates chemical quality loss as 9.2 percentage points.
 V38: Ranks chemical loss contributors as Quality > Performance > Availability.
 V39: Identifies the chemical carrier’s dominant root cause as container sequencing errors.
 V40: Uses 71% of chemical re-handles as caused by sequencing errors.
 V41: Uses 165 as FMCG committed moves per call.
 V42: Uses 140 as chemical committed moves per call.
 V43: Uses 95% as the SLA threshold for both vessel types.
 V44: Calculates FMCG minimum good moves threshold as 157.
 V45: Calculates chemical minimum good moves threshold as 133.
 V46: Uses 154 as FMCG actual good moves per call for penalty analysis.
 V47: Uses 127 as chemical actual good moves per call for penalty analysis.
 V48: Calculates FMCG shortfall per call as 3 moves.
 V49: Calculates chemical shortfall per call as 6 moves.
 V50: Uses 4200 as FMCG penalty per missed move.
 V51: Uses 3800 as chemical penalty per missed move.
 V52: Calculates FMCG penalty per call as INR 12600
 V53: Calculates chemical penalty per call as INR 22800
 V54: Uses 8 calls/month for FMCG.
 V55: Uses 6 calls/month for chemical.
 V56: Calculates FMCG monthly penalty as 100800.
 V57: Calculates chemical monthly penalty as 136800.
 V58: Calculates total monthly penalty as 237600.
 V59: Uses 12768,000 as FMCG monthly contribution at risk.
 V60: Uses 9576000 as chemical monthly contribution at risk.
 V61: Calculates FMCG total monthly exposure as 12868800.
 V62: Calculates chemical total monthly exposure as 9712800.
 V63: Calculates combined monthly exposure as 22581600.
 V64: Prioritizes FMCG first in the multi-product sequencing decision.
 V65: Justifies FMCG-first sequencing using both lower OEE and higher monthly exposure.
 V66: Evaluates preventive maintenance schedule upgrade for FMCG.
 V67: Uses INR 150,000/month as the monthly cost of FMCG preventive maintenance.
 V68: Uses +4.8% OEE as the expected improvement from FMCG preventive maintenance.
 V69: Evaluates dedicated crane operator pool per berth for FMCG.
 V70: Uses 280000/month as the monthly cost of the dedicated operator pool.
 V71: Uses +4.2% OEE as the expected improvement from the dedicated operator pool.
 V72: Selects preventive maintenance over dedicated operator pool for FMCG.
 V73: Evaluates container sequencing software upgrade for chemical.
 V74: Uses 180,000/month as the monthly cost of the chemical sequencing software.
 V75: Uses +6.1% OEE as the expected improvement from the chemical sequencing software.
 V76: Rejects additional quay crane for Berth 4 as the recommended intervention.
 V77: Uses 920,000/month as the monthly cost of the additional quay crane option.
 V78: States that the additional quay crane does not address the root cause.
 V79: Rejects gate process redesign as a non-berth-OEE intervention.
 V80: Rejects yard crane automation as a non-berth-OEE intervention.
 V81: Recommends Preventive maintenance schedule upgrade as Rank 1.
 V82: Recommends Container sequencing software upgrade as Rank 2.
 V83: Uses the exact required section order: OEE Breakdown Table, Loss Waterfall, Multi-Product Line Sequencing Decision, Monthly Financial Impact Table, Ranked Intervention Plan.",540,,,,,,,,,,,,,,,,,,,,,,,,,,,,,,,,,,,,,,,,,
tsk_1631283589,MBBE6P,Cost Optimization,SCP,FSP,"CONTEXT:
 - Client: GridNexus Fulfillment operates three Texas fulfillment sites: DAL1 (Dallas), HOU2 (Houston), SAT3 (San Antonio).
 - Situation: CFO needs a board-ready walk‑away threshold decision for the FY2025 DAL1 electricity contract while executing a demand/efficiency program network-wide.
 - Inputs: (1) FY2024 facility energy profile, (2) internal energy procurement policy memo with an Operationally Critical override, (3) an energy cost model workbook defining levers and the bridge template.
 
 TASK:
 Using the attached internal files AND one required external benchmark:
 1) Build the FY2025 tariff-basis baseline cost for all three sites using the proposed rates and demand charge assumptions in the workbook (exclude pilots).
 2) Quantify the FY2025 run-rate impact of levers L1-L4 exactly as specified in the workbook (exclude pilots; ignore NOISE-tag rows).
 3) Reconcile baseline-to-post‑lever cost into the 7-row bridge structure.
 4) Culminate in a definitive WALK‑AWAY THRESHOLD decision for DAL1: ACCEPT vs WALK AWAY, using the decision rules below.
 
 DECISION RULES (no ""it depends""):
 - External benchmark = Texas Industrial electricity price for year 2024 (cents/kWh) from EIA Electric Power Annual Table 2.10.
 - Walk-away threshold for DAL1:
  - If DAL1_Is_Operationally_Critical == YES → threshold = benchmark + 1.5 cents/kWh
  - Else → threshold = benchmark + 1.0 cents/kWh
 - Recommend ACCEPT only if BOTH are true:
  (i) Proposed_DAL1_Rate_cents_per_kWh ≤ walk-away threshold, AND
  (ii) total run-rate savings ≥ 220,000 (run-rate only; do not net one-time cost).
 - Otherwise recommend WALK AWAY.
 - First line of your output must be EXACTLY one of:
  ""DECISION: ACCEPT"" or ""DECISION: WALK AWAY""
 
 CONSTRAINTS:
 A) HYBRID WEB REQUIREMENT (mandatory):
 - Retrieve the Texas Industrial electricity price for year 2024 (cents/kWh) from EIA Table 2.10 and cite the exact URL used.
 - Ignore the benchmark placeholder embedded in the workbook Parameters tab (trap value).
 
 B) INTERNAL DATA DISCIPLINE:
 - Use 01_Facility_Energy_Profile_2024.csv as the ONLY source for Total_kWh, Peak_kW, and On_Peak_Share.
 - Exclude rows where Notes == ""Pilot"" from baseline and all lever calculations.
 
 C) POLICY GUARDRAILS (must be reflected in compliance checks):
 - Use 02_Energy_Procurement_Policy_Memo.pdf to populate evidence for:
  - PC1 Benchmark discipline (Table 2.10 use + placeholder trap avoidance),
  - PC2 Operationally Critical override application,
  - PC3 One-time cost separation (must not be netted into run-rate).
 
 D) LEVERS:
 - Use ONLY levers L1-L4 from 03_Energy_Cost_Model.xlsx → sheet ""Lever_Assumptions""
 - Ignore any rows where Noise_Tag == ""NOISE"".
 
 OUTPUT FORMAT (do not add extra sections):
 1) First line: DECISION line exactly as specified above.
 
 2) Table 1 - Results Summary (MUST be exactly 10 rows; 2 columns; no extra text)
 Columns: Item | Value
 Rows in this exact order:
 1. EIA TX Industrial Benchmark (2024, cents/kWh)
 2. DAL1 Operationally Critical (YES/NO)
 3. Walk-Away Threshold (DAL1, cents/kWh)
 4. Proposed DAL1 Rate (cents/kWh)
 5. FY2025 Tariff-Basis Baseline Cost (USD)
 6. Total Run-Rate Savings (USD)
 7. New Run-Rate Cost After Levers (USD)
 8. One-Time Implementation Cost (USD)
 9. Policy Compliance (PC1-PC3 all PASS?) (YES/NO)
 10. Recommendation Rationale (one sentence)
 
 3) Table 2 - 7-row Bridge (MUST be exactly 7 rows)
 Columns (EXACT): Step_Order | Bridge_Item | USD_2025 | Sign | Notes
 - Step_Order 1..7
 - Reconciliation: Row6 = Row1 - (Row2+Row3+Row4) + Row5
 - Row7 must NOT be netted into Row6
 
 4) Table 3 - Policy Compliance Checks (MUST be exactly 3 rows)
 Columns: Check_ID | Check_Name | Result | Evidence
 Rows must be PC1-PC3 in order; Result must be PASS or FAIL.","Why this task is difficult (and what it tests):
 - Hybrid bridge: DAL1 walk-away threshold requires an external benchmark from EIA Table 2.10 (Texas industrial 2024); workbook includes a decoy placeholder.
 - Noise + filtering: energy profile contains Pilot-tag rows and operational noise columns; workbook includes NOISE-tag rows that must be ignored.
 - Policy logic: memo introduces an Operationally Critical override that changes the allowed premium (+1.5 vs +1.0) and must be applied correctly.
 - Structural brittleness: exact DECISION line + fixed table row counts/order + bridge reconciliation makes drift easy to catch.
 
 Lazy AI must fail:
 - Uses the workbook benchmark placeholder or fails to cite EIA Table 2.10 → wrong threshold and wrong decision.
 - Includes Notes=='Pilot' rows or uses NOISE-tag assumptions → incorrect baseline/savings and broken bridge math.
 - Ignores Operationally Critical override → wrong threshold.
 - Breaks fixed table structure or bridge reconciliation → SCP failure.
 
 Expert must pass:
 - With correct EIA retrieval + citation, Pilot/NOISE exclusions, correct override logic, and lever application, results land within the golden ranges and yield a single deterministic decision.","Decision Archetype: Walk-Away Threshold
 
 External benchmark (researched in advance; must still cite when solving):
 - EIA Electric Power Annual - Table 2.10 (Average Price of Electricity to Ultimate Customers, by State, 2024 and 2023)
  - Texas Industrial, 2024 = 6.12 cents/kWh.
  - Source URL: https://www.eia.gov/electricity/annual/html/epa_02_10.html
 
 Internal references:
 - 01_Facility_Energy_Profile_2024.csv:
  - Pilot exclusion: Notes != ""Pilot""
  - Inputs: Total_kWh, Peak_kW, On_Peak_Share
 - 03_Energy_Cost_Model.xlsx:
  - Parameters: proposed rates (DAL1/HOU2/SAT3), demand charge, Target_RunRate_Savings_USD=220,000, OneTime_Implementation_Cost_USD=310,000, DAL1_Is_Operationally_Critical flag, benchmark placeholder to be ignored
  - Lever_Assumptions: L1-L4 only; ignore Noise_Tag=='NOISE'
  - Bridge_Template reconciliation: Row6 = Row1 - (Row2+Row3+Row4) + Row5
 - 02_Energy_Procurement_Policy_Memo.pdf:
  - PC1 benchmark discipline; PC2 override logic; PC3 one-time separation
 
 Verification trace:
 1) Filter energy profile to Notes != ""Pilot"".
 2) Baseline FY2025 tariff-basis cost:
  - Energy charge = sum(Total_kWh * proposed_rate/100)
  - Demand charge = sum(Peak_kW * demand_charge_per_kW_month)
  - Baseline = Energy + Demand
 3) Apply levers (run-rate, FY2025$):
  - L1: reduce Peak_kW by 6% → demand charge savings
  - L2: reduce Total_kWh by 4% → energy charge savings
  - L3: reduce On_Peak_Share by 0.03 (floor 0.30) → rate improvement per workbook assumption
  - L4: procurement delta vs walk-away threshold for DAL1 (bridge adjustment term)
 4) Total run-rate savings = L1 + L2 + L3 (+/- L4 as defined in workbook); run-rate savings threshold check uses run-rate only.
 5) Walk-away threshold:
  - DAL1 operationally critical YES → threshold = 6.12 + 1.50 = 7.62 cents/kWh
 6) Decision:
  - ACCEPT if Proposed_DAL1_Rate ≤ 7.62 AND total run-rate savings ≥ 220,000; else WALK AWAY.
 7) Output: strict DECISION line + Table 1 (10 rows) + Table 2 (7-row bridge) + Table 3 (PC1-PC3).
 
 Golden Answer Ranges:
 - FY2025 baseline cost (USD): 2556036.87 ± 75.00
 - Total run-rate savings (USD): 329884.91 ± 75.00
 - New run-rate cost (USD): 2226151.96 ± 75.00
 - Walk-away threshold (DAL1, cents/kWh): 7.62 ± 0.01
 - Expected recommendation: ACCEPT",https://drive.google.com/drive/folders/1tL-6oCCpULvfcPPMy4T3FUBwQLgD392c?usp=drive_link,"V1 - Texas Industrial electricity price (2024) must be retrieved from EIA Table 2.10 and cited (not the workbook placeholder),
 V2 - Workbook benchmark placeholder must NOT be used,
 V3 - Texas Industrial benchmark used must be 6.12 cents/kWh,
 V4 - DAL1_Is_Operationally_Critical must be YES and reflected in Table 1 row 2,
 V5 - Walk-away threshold must use the Operationally Critical premium (+1.5) resulting in 7.62 cents/kWh and appear in Table 1 row 3,
 V6 - Decision must be ACCEPT only if Proposed_DAL1_Rate ≤ 7.62 and total run-rate savings ≥ 220000 (run-rate only; one-time not netted),
 V7 - One-time implementation cost must be shown separately in Table 1 row 8 and PC3 evidence must confirm it is not netted into run-rate,
 V8 - Notes==""Pilot"" rows must be excluded from baseline and all lever calculations,
 V9 - Only L1-L4 may be applied and any Lever_Assumptions rows where Noise_Tag==""NOISE"" must be ignored,
 V10 - Output first line must be exactly ""DECISION: ACCEPT"" or ""DECISION: WALK AWAY"",
 V11 - Table 1 must be exactly 10 rows in the specified order,
 V12 - Table 2 must be exactly 7 rows and Row6 must reconcile as Row1 - (Row2+Row3+Row4) + Row5,
 V13 - Table 3 must be exactly 3 rows PC1-PC3 in order with PASS/FAIL and evidence populated.",245,,,,,,,,,,,,,,,,,,,,,,,,,,,,,,,,,,,,,,,,,
tsk_8717359545,ELQ4XM,Operations Optimization,RCP,LDP,"A Tier-1 auto components manufacturer supplying brake caliper brackets to two major passenger vehicle OEMs has missed dispatch commitments in three of the last six weeks, triggering expedited freight, line-side shortage alerts from one OEM, and a potential annualized penalty exposure if service levels do not recover within the next month. The COO must decide within 72 hours whether to approve a proposed Rs 12 crore capex request for a second CNC machining cell or instead stabilize throughput through an operations-control redesign.
 
 Using only the provided files, determine the true system constraint for the brake caliper bracket line, assess whether the proposed second CNC cell should be approved, and design a Drum-Buffer-Rope operating logic for the line. Your answer must identify the correct drum resource, define what buffer should protect it, explain how upstream release should be controlled, and quantify the expected impact on throughput and WIP if the recommended action is implemented.
 
 Do not use any external sources. Solve only from the provided files.
 
 Prepare a 1-page COO decision memo with exactly these 5 sections:
 1. Executive recommendation: approve or reject the second CNC cell, with a one-sentence reason.
 2. True constraint diagnosis: identify the real bottleneck and explain why the apparent bottleneck is incorrect.
 3. Effective capacity build: compare nominal vs effective capacity for the relevant resources.
 4. DBR redesign: define the drum, buffer, and rope logic for the line.
 5. Operational impact: quantify expected change in weekly throughput, WIP, and customer service risk.
 
 State clearly whether the company should: approve the second CNC cell immediately, or reject/defer the capex and instead redesign production control around the true constraint.
 
 Key Assumptions:
 Demand over the next 8 weeks is stable and above current shipped output.
 No new labor hiring or additional floor space can be assumed within the decision horizon.
 Only one primary action may be recommended for immediate implementation.
 Use weekly throughput as the main output metric.
 If you use a range, keep it narrow and justify it from the files.","Lazy AI Test
 A weak model will likely use the Exec Summary, Process Utilization, and Proposed CNC Cell Business Case materials to conclude that CNC machining is the pacing resource, approve the Rs 12 crore CNC capex, and project weekly shipments of about 9920; this will be wrong by roughly 1250-1400 units/week because the model will fail to integrate furnace downtime, restart stabilization loss, interrupted batch recovery, and post heat treatment distortion/rework, which make HT 02 the actual constraint and keep realistic shipments near 8500 - 8700/week good output before downstream minor losses.
 
 Expert Test
 Experienced consultants will use the the same files and would reach the same answer: reject or defer the second CNC cell, identify HT-02 as the true drum, and redesign the line using Drum-Buffer-Rope with a controlled buffer before heat treatment and upstream release subordinated to furnace-effective pace. One correct answer exists because demand is above output, no approved alternate furnace is available, immediate labor or space expansion is disallowed, and the file evidence consistently shows furnace-effective capacity and post-HT yield determine shipments","File 1: Plant_Performance_Dashboard_Q2
 File 2: HeatTreat_Maintenance_and_Cycle_Log
 File 3: Quality_Rework_and_Scrap_Register
 File 4: COO_Capex_Note_and_Customer_Penalty_Tracker
 File 5: Shift_Supervisor_Daily_Notes
 
 1. Start from the misleading headline view in File 1: Plant_Performance_Dashboard_Q2.xlsx, in the Exec Summary tab, which reports CNC Machining as the main constraint, shows reported CNC utilization = 91.2%, reported furnace utilization = 82.2%, and avg queue before CNC = 1150 versus avg queue before Heat Treat = 780. This is the deliberate trap because a shallow model will stop here and conclude that CNC is the bottleneck.
 
 2. Reject the headline bottleneck read because TOC requires identifying the true system constraint based on flow and throughput, not local utilization alone
 
 3. Establish the rated furnace model from the process standards. In File 1, the Cycle Time Master tab shows Heat Treat Furnace = 240 min / 400-part batch, and in File 2: HeatTreat_Maintenance_and_Cycle_Log.pdf, the Brake Caliper Bracket Furnace Overview section shows planned hours = 120/week, planned batches/week = 25, and rated weekly output = 10000 parts.
 
 4. Correct rated capacity for unplanned downtime. In File 2, the Weekly Furnace Availability section shows downtime by week of 14, 18, 21, 16, 19, and 15 hours, giving an average of 17.17 hours/week of unplanned downtime. This immediately reduces actual usable furnace time below the standard-capacity assumption used in the dashboard.
 
 5. Add hidden restart loss that the dashboard standard excludes. In File 2, the Warm-Up and Stabilization Losses section shows weekly warm-up loss of 3.6, 4.8, 5.2, 3.6, 4.8, and 3.3 hours, averaging 4.22 hours/week. This matters because File 1, in the Cycle Time Master tab footer note, explicitly says standard heat-treat cycle excludes restart stabilization and other minor losses.
 
 6. Add interruption and reload loss that is also hidden from the headline capacity view. In File 2, the Cycle Interruptions and Reload Delays section shows reload delay hours = 1.6, 2.1, 2.7, 1.8, 2.4, 1.4, averaging 2 hours/week. These losses further reduce effective capacity.
 
 7. Calculate effective furnace time per week. Starting from 120 planned hours/week from File 2 Brake Caliper Bracket Furnace Overview, subtract 17.17 hours/week downtime from Weekly Furnace Availability, 4.22 hours/week restart stabilization loss from Warm-Up and Stabilization Losses, and 2 hours/week interruption/reload delay from Cycle Interruptions and Reload Delays. This gives effective furnace time of about 96.61 hours/week.
 
 8. Convert effective time into effective gross furnace capacity. Using the standard cycle of 4 hours per 400-part batch from File 1 Cycle Time Master, the furnace can complete about 96.61 / 4 = 24.15 batches/week, which implies gross effective capacity of about 24.15 × 400 = 9661 parts/week before line-sharing or quality losses.
 
 9. Adjust for furnace sharing with other programs. In File 2, the Brake Caliper Bracket Furnace Overview section states shared capacity with other programs = 6% of planned time. Applying that to the gross effective capacity gives bracket-dedicated effective capacity of about 9661 × 94% = 9081 parts/week.
 
 10. Adjust for heat-treatment yield to get true good constrained output. In File 3, Quality_Rework_and_Scrap_Register, the FPY by Process tab shows Heat Treat FPY = 95.6%. Applying this to the bracket-dedicated effective furnace capacity gives about 9081 × 95.6% = 8,684 good parts/week, which is the practical throughput ceiling of the true CCR.
 
 11. Validate the furnace-constrained conclusion against actual operating outputs. In File 1, the Line Output Weekly tab shows weekly furnace output of 8740; 8610; 8520; 8680; 8560; 8700, while shipments are only 8380; 8240; 8150; 8310; 8180; 8350. These actuals fit the calculated furnace good-output ceiling far better than the capex note’s claimed post-CNC shipment level of 9,920/week. 
 
 12. Validate using the quality signal after heat treatment. In File 3, the Rework Loop Detail tab shows post-HT straightening/regrind = 310 units/week, the Scrap by Defect Code tab shows Distortion = 420 units Q2 and Hardness Out = 180 units Q2, and the Post-HeatTreat Distortion tab shows weekly distortion of 3.8% to 4.5%. This confirms that the heat-treatment stage destroys good throughput materially through both time loss and quality loss.
 
 13. Validate with batch release and QA-hold evidence. In File 3, the Batch Rejection Summary tab shows 2 to 3 QA holds per week and 2 to 3 batches released late per week, while the Inspection Holds tab shows post-HT geometry variation = 510 units on hold, the largest hold category. This supports the conclusion that downstream good-flow is constrained by heat treatment and its immediate consequences rather than by machining capacity.
 
 14. Validate with maintenance and supervisor notes. In File 2, the Shift Engineer Remarks section states that CNC stayed live while HT queue rose, machining made plan but dispatch still slipped due to HT carryover, and additional machining OT did not materially improve shipments. In File 5, Shift_Supervisor_Daily_Notes, weekly notes say HT lost one batch after restart delay, highest queue seen near HT, HT could not absorb all baskets same day, and suggest tighter release into HT rather than pushing upstream. These remarks directly confirm the real operating constraint.
 
 15. Compare true system capacity against CNC installed capacity. In File 1, the Process Utilization tab shows CNC standard capacity = 10800/week, and the Capex Justification tab repeats that the proposed project lifts CNC capacity to 15600/week. Since the recalculated heat-treat good-output ceiling is only about 8684/week, current CNC capacity is already above the true system limit and extra CNC capex will mostly inflate WIP rather than shipments.
 
 16. Reject the capex business case logic explicitly. In File 4, the Proposed CNC Cell Business Case, Expected Throughput Uplift, and Working Hypothesis slides assume that increased CNC output converts directly into shipment recovery and treat downstream conversion as unchanged. But File 1 Capex Justification includes the footnote that downstream losses are simply assumed stable, while the operating and quality files show heat-treat losses are neither minor nor stable enough to support this assumption.
 
 17. Estimate realistic immediate benefit from CNC capex alone. In File 1, actual shipments in the Line Output Weekly tab average roughly 8.27k/week, while the recalculated heat-treat good-output ceiling is about 8.68k/week before final downstream leakage. This means CNC capex alone could at best deliver only a marginal uplift, around 0 to 250 units/week, not the claimed 1,600/week.
 
 18. Select the correct operational intervention using TOC and DBR. TOC requires first identifying the true constraint, then exploiting it, subordinating everything else to it, and elevating it only after exploitation. Therefore the correct action is to define HT-02 as the drum, hold a protective buffer before heat treatment, and use a rope/release control so CNC and upstream release are paced to furnace-effective throughput rather than local machining utilization.
 
 19. Define the final decision. Defer or reject immediate approval of the second CNC cell, identify HT-02 as the true CCR, and launch a near-term HT exploitation plan: restore PM discipline, reduce restart loss, reduce interruption and reload delay, tighten pre-HT quality checks, and redesign production control with DBR. Only if heat-treat throughput remains constrained after those actions should management consider an HT-focused capex or process redesign.
 
 
 Golden Answer Range
 true bottleneck: Heat Treat Furnace HT 02
 effective furnace time per week: 95.5 to 97.5 hours
 gross effective furnace capacity per week: 9550 to 9750 parts
 bracket dedicated furnace capacity per week after shared loading: 8950 to 9150 parts
 heat treat first pass yield: 95.6 percent
 good output ceiling per week after heat treat yield: 8580 to 8780 good parts
 current cnc standard capacity per week: 10800 parts
 claimed post capex cnc capacity per week: 15600 parts
 realistic shipment uplift from cnc only capex: 0 to 250 parts per week
 claimed shipment uplift in capex case: 1600 parts per week
 capex decision: Do not approve second CNC cell yet
 required operating action: Exploit Heat Treat first using TOC and DBR",https://drive.google.com/drive/folders/1BVGlAr5Iv9ATrcIYlwyDaxyikBbKr1fW,"V1: identifies Heat Treat Furnace HT 02 as the true bottleneck
 V2: does not identify CNC Machining as the true bottleneck
 V3: uses planned furnace time of 120 hours per week
 V4: uses standard heat treat cycle of 240 minutes per 400 parts
 V5: includes average weekly furnace downtime of about 17.2 hours
 V6: includes average weekly warm up and stabilization loss of about 4.2 hours
 V7: includes average weekly interruption and reload delay loss of about 2.0 hours
 V8: calculates effective furnace time in the range of 95.5 to 97.5 hours per week
 V9: calculates gross effective furnace capacity in the range of 9550 to 9750 parts per week
 V10: applies shared capacity deduction of 6 percent
 V11: calculates bracket dedicated effective furnace capacity in the range of 8950 to 9150 parts per week
 V12: applies heat treat first pass yield of 95.6 percent
 V13: calculates good output ceiling in the range of 8580 to 8780 good parts per week
 V14: states that current CNC capacity already exceeds the true system limit
 V15: rejects the claimed 1600 parts per week shipment uplift from CNC only capex
 V16: recommends deferring or rejecting immediate approval of the second CNC cell
 V17: recommends TOC and DBR based action focused on Heat Treat first",540,,,,,,,,,,,,,,,,,,,,,,,,,,,,,,,,,,,,,,,,,
tsk_4571708692,3VUUW6,Cost Optimization,SCP,FSP,"CONTEXT:
 GridNexus Fulfillment operates 3 Texas sites (DAL1, HOU2, SAT3). The CFO is evaluating a FY2025 inventory reduction program to release working capital while maintaining service levels. Inputs: (1) inventory profile extract, (2) internal guardrails memo, (3) working-capital model template.
 
 TASK:
 Using the attached internal files AND one required external datapoint:
 1) Build the FY2024 baseline annual carrying cost (USD) from the inventory profile (exclude Pilot/Noise rows).
 2) Retrieve SOFR for 2025-02-03 from FRED *table data* and cite the exact URL used.
 3) Compute CarryRate = (SOFR + spread), where spread (bps) is in the workbook Parameters tab.
 4) Quantify FY2025 annual savings for levers L1-L4 exactly as specified in the workbook (ignore NOISE-tag lever rows).
 5) Reconcile baseline-to-post-lever carrying cost into the provided 7-row bridge structure.
 6) Provide a definitive BOARD RECOMMENDATION: APPROVE vs DO NOT APPROVE, using the decision rules below.
 
 DECISION RULES (must be definitive; no hedging):
 - APPROVE only if BOTH are true:
  (i) Total annualized savings ≥ Target_Annual_Savings_USD (Parameters tab), AND
  (ii) Service guardrail is satisfied at ALL sites per policy memo (no exceptions).
 - Otherwise DO NOT APPROVE.
 - Final line must be exactly: DECISION: APPROVE or DECISION: DO NOT APPROVE
 
 CONSTRAINTS (violations are failures):
 A) HYBRID REQUIREMENT (mandatory):
 - SOFR must be sourced from FRED table data and cited.
 - Do NOT use SOFR_PLACEHOLDER_PCT in the workbook.
 
 B) INTERNAL DATA DISCIPLINE:
 - Use 01_Inventory_Profile_FY2024.csv as the ONLY source for on-hand units and unit costs.
 - Exclude any rows where Notes == ""Pilot"" OR Notes contains ""Noise"".
 
 C) POLICY GUARDRAILS:
 - Use 02_WorkingCapital_Policy_Memo.pdf for service and reporting guardrails.
 
 D) STRUCTURAL COMPLIANCE(SCP trap):
 Return exactly TWO outputs in this order:
 1) Bridge Table: exactly 7 rows with columns:
  Step_Order | Bridge_Item | USD_FY2025 | Sign | Notes
  Reconciliation: Row6 = Row1 - (Rows2+Rows3+Rows4+Rows5); Row7 must NOT be netted into Row6.
 2) Decision Summary Table: exactly 4 rows with columns:
  Check | Result (PASS/FAIL) | Evidence
  Checks must be: DC1 Savings threshold, DC2 Service guardrail, DC3 External rate discipline, DC4 Structural compliance.
 No other narrative is allowed outside these two tables except the final DECISION line.","Why this task is difficult (and what it tests):
 - Hybrid: correct CarryRate requires SOFR from FRED for 2025-02-03; the workbook contains a decoy placeholder.
 - Noise + exclusions: inventory extract includes Pilot and Noise-tag rows that must be excluded.
 - Structural brittleness: exact 7-row bridge + 4-row decision check table; anything else is non-compliant.
 
 Lazy AI must fail (quantified):
 - Using SOFR placeholder 9.99% instead of SOFR 4.35% inflates CarryRate by > 7.4 pts and overstates savings by > $300k.
 
 Expert must pass:
 - With the cited SOFR, fixed spread, exclusions, and lever rules, the bridge math and decision are deterministic within the golden ranges.","Decision Archetype: Board Recommendation (Go/No-Go)
 
 External datapoint (researched in advance, must still cite URL):
 - SOFR for 2025-02-03 = 4.35%
 - Source (FRED table data): https://fred.stlouisfed.org/data/SOFR
 
 Internal references:
 - 01_Inventory_Profile_FY2024.csv: Avg_OnHand_Units, Unit_Cost_USD, Site, LeadTime_Days; exclude Pilot/Noise.
 - 03_WorkingCapital_Model.xlsx:
  - Parameters: spread, savings threshold, one-time cost; SOFR placeholder is a trap.
  - Lever_Assumptions: L1-L4 only (ignore NOISE-tag rows).
  - Bridge_Template: required 7-row bridge layout.
 - 02_WorkingCapital_Policy_Memo.pdf: service and reporting guardrails.
 
 Calculation trace:
 1) Filter inventory rows: Notes not Pilot and not Noise.
 2) CarryRate = (SOFR + 175 bps) / 100.
 3) Baseline annual carrying cost = SUM(Avg_OnHand_Units * Unit_Cost_USD) * CarryRate.
 4) Lever savings:
  - L1: 8% reduction on eligible SKUs (LeadTime_Days <= 21)
  - L2: 6% reduction on eligible SKUs (Unit_Cost_USD >= 45)
  - L3: 3% reduction on DAL1 eligible SKUs
  - L4: 5% reduction on eligible SKUs (LeadTime_Days >= 28)
 5) Total savings = L1+L2+L3+L4; Net cost = Baseline - Total savings.
 6) Decision: APPROVE only if Total savings >= 420,000 AND service guardrail passes for all sites (per memo).
 
 Golden Answer Ranges:
 - Baseline annual carrying cost (USD): 73,466.73 ± 2,500
 - Total annual savings (USD): 8,277.37 ± 2,500
 - Net annual carrying cost (USD): 65,189.36 ± 2,500
 - Expected decision: DO NOT APPROVE",https://drive.google.com/drive/folders/1c0WDfWDRo_ODRQqU3JAiIjO5zcAMfjqh?usp=drive_link,"V1 - SOFR must be sourced from FRED table/data for 2025-02-03 and cited (not workbook placeholder),
 V2 - SOFR_PLACEHOLDER_PCT=9.99 must NOT be used,
 V3 - SOFR_DATE_REQUIRED must be 2025-02-03 and the SOFR value used must be 4.35%,
 V4 - SOFR_SPREAD_BPS=175 must be used and CarryRate must be computed from (SOFR + spread),
 V5 - Target_Annual_Savings_USD=420000 must be applied to DC1 (Savings threshold),
 V6 - Inventory rows where Notes==""Pilot"" OR Notes contains ""Noise"" must be excluded from baseline and lever math,
 V7 - Baseline annual carrying cost must be SUM(Avg_OnHand_Units * Unit_Cost_USD) * CarryRate,
 V8 - Only L1-L4 may be applied and any Lever_Assumptions rows with Noise_Tag==""NOISE"" must be ignored,
 V9 - L1 must apply 8% Avg_OnHand_Units reduction for LeadTime_Days <= 21,
 V10 - L2 must apply 6% Avg_OnHand_Units reduction for Unit_Cost_USD >= 45,
 V11 - L3 must apply 3% Avg_OnHand_Units reduction for DAL1 only,
 V12 - L4 must apply 5% Avg_OnHand_Units reduction for LeadTime_Days >= 28,
 V13 - OneTime_Implementation_Cost_USD=155000 must appear in the bridge as one-time and must NOT be netted into Row6,
 V14 - Bridge table must be exactly 7 rows and Row6 must reconcile as Row1 - (Rows2+Rows3+Rows4+Rows5) with Row7 not netted,
 V15 - Decision Summary table must be exactly 4 rows with checks DC1-DC4 in order (PASS/FAIL + evidence),
 V16 - Final line must be exactly ""DECISION: APPROVE"" or ""DECISION: DO NOT APPROVE"" and must be DO NOT APPROVE if DC1 fails or DC2 fails.",260,,,,,,,,,,,,,,,,,,,,,,,,,,,,,,,,,,,,,,,,,
tsk_3770943122,E9QRRJ,Cost Optimization,SCP,FSP,"CONTEXT:
 AeroKart RetailOps is renegotiating its FY2025 corrugated supply contract across three sites (DAL1, HOU2, SAT3). Finance requires a board-ready walk-away threshold decision for the supplier’s proposed blended unit price, while ensuring procurement guardrails are met.
 
 TASK:
 Using the attached internal files AND one required external datapoint:
 1) Build the FY2024 corrugated baseline spend from the spend extract (exclude Pilot/Noise lines).
 2) Retrieve the official BLS Producer Price Index for Corrugated and Solid Fiber Box Manufacturing (series PCU322211322211) for Dec 2025 via FRED *table data* and cite the exact URL used.
 3) Compute the FY2025 benchmark escalator ratio = (PPI Dec 2025) / (PPI Dec 2024 reference in workbook Parameters).
 4) Inflate the FY2024 baseline to a FY2025 benchmarked baseline using the escalator ratio.
 5) Quantify the FY2025 run-rate impact of levers L1-L4 exactly as specified in the workbook (ignore NOISE-tag lever rows).
 6) Reconcile baseline-to-post-lever cost into the 7-row bridge structure.
 7) Provide a definitive WALK-AWAY decision: ACCEPT vs WALK AWAY for the supplier’s proposed blended unit price.
 
 DECISION RULES (must be definitive; no hedging):
 - Proposed blended unit price (from supplier memo) = 0.4590 USD/unit.
 - WalkAway_Ceiling_USD_per_unit = (benchmarked baseline cost / total baseline units) × (1 + WalkAway_Ceiling_PctAbove_Benchmark).
 - ACCEPT only if BOTH are true:
  (i) proposed blended unit price ≤ WalkAway_Ceiling_USD_per_unit, AND
  (ii) total run-rate savings ≥ Target_RunRate_Savings_USD.
 - Otherwise WALK AWAY.
 - Final line must be exactly: DECISION: ACCEPT or DECISION: WALK AWAY
 
 CONSTRAINTS (violations are failures):
 A) HYBRID REQUIREMENT (mandatory):
 - PPI Dec 2025 must be sourced from FRED table data for series PCU322211322211 and cited.
 - Do NOT use any PPI Dec 2025 placeholder shown in files (trap values exist).
 
 B) INTERNAL DATA DISCIPLINE:
 - Use 01_Corrugated_SpendExtract_FY2024.csv as the ONLY baseline source.
 - Exclude Notes == ""Pilot"" AND Notes contains ""Noise: sample"" from baseline and all levers.
 
 C) POLICY GUARDRAILS (must be evaluated):
 - Use 03_Procurement_Policy_Corrugated.pdf for PC1-PC2 guardrails (concentration cap and dual-source per plant).
 
 D) STRUCTURAL COMPLIANCE (SCP trap):
 Return exactly TWO outputs in this order:
 1) Bridge Table (7 rows exactly):
  Step_Order | Bridge_Item | USD_2025 | Sign | Notes
  Reconciliation: Row6 = Row1 - (Rows2+Rows3+Rows4+Rows5); Row7 not netted into Row6.
 2) Compliance Table (5 rows exactly):
  Check_ID | Check_Name | PASS/FAIL | Evidence
  Checks must be: PC1 Concentration cap, PC2 Dual-source minimum, PC3 External benchmark discipline, DC1 Savings threshold, DC2 Walk-away ceiling test.
 No other narrative is allowed outside the two tables except the final DECISION line.","Why this task is difficult (and what it tests):
 - Hybrid: must pull PPI Dec 2025 from official FRED table data; trap placeholders exist in the workbook and supplier appendix.
 - Noise + exclusions: spend extract includes Pilot and Noise lines; missing these shifts the escalated baseline materially.
 - Structural brittleness: strict 7-row bridge + strict 5-row compliance table; any drift fails.
 - Decision: forces an unhedged ACCEPT/WALK AWAY based on a computed ceiling and savings threshold.
 
 Lazy AI must fail (quantified):
 - Using PPI placeholder 999.999 instead of PPI 464.966 inflates the escalator ratio by > 125% and overstates baseline by > $2.0M.
 
 Expert must pass:
 - With correct PPI retrieval, fixed Dec 2024 reference, exclusions, and lever rules, the bridge and decision are deterministic within the golden ranges.","Decision Archetype: Walk-Away Threshold
 
 External datapoint (researched in advance; solver must still cite URL):
 - BLS PPI for Corrugated and Solid Fiber Box Manufacturing (PCU322211322211), Dec 2025 = 464.966
  Source (FRED table data): https://fred.stlouisfed.org/data/PCU322211322211
 
 Internal references:
 - 01_Corrugated_SpendExtract_FY2024.csv: baseline spend and units; exclude Pilot and Noise lines.
 - 02_Supplier_Proposal_Memo.pdf: proposed blended unit price = 0.4590 USD/unit; contains a trap placeholder PPI.
 - 04_Corrugated_Model.xlsx:
  - Parameters: Dec 2024 reference PPI and thresholds; Dec 2025 placeholder is a trap.
  - Lever_Assumptions: L1-L4 only (ignore NOISE rows).
  - Bridge_Template: required 7-row structure.
 - 03_Procurement_Policy_Corrugated.pdf: PC1-PC3 guardrails.
 
 Calculation trace:
 1) Filter spend extract (exclude Pilot and Noise).
 2) Pull PPI Dec 2025 from FRED; ratio = PPI_2025-12 / PPI_2024-12.
 3) FY2025 benchmarked baseline = FY2024 spend × ratio.
 4) Apply L1-L4 per Lever_Assumptions to compute run-rate savings (2025$).
 5) Net run-rate cost = baseline - total savings.
 6) Walk-away ceiling per unit = (baseline / total units) × (1 + 1.8%).
 7) Decision: ACCEPT if proposed unit price <= ceiling AND savings >= 260,000; else WALK AWAY.
 
 Golden Answer Ranges:
 - FY2024 baseline spend (USD): 914,757.37 ± 5,000
 - Escalator ratio: 1.046137 ± 0.0005
 - FY2025 benchmarked baseline (USD): 956,961.43 ± 10,000
 - Total run-rate savings (USD): 54,404.74 ± 10,000
 - Net FY2025 run-rate cost (USD): 902,556.68 ± 10,000
 - Walk-away ceiling (USD/unit): 0.4440 ± 0.0008
 - Expected decision: WALK AWAY",https://drive.google.com/drive/folders/1pPL1JJql9PIDcAO-qX7OCM0h6JEDGGTH?usp=drive_link,"V1 - PPI series must be PCU322211322211 and Dec 2025 value must be sourced from FRED table/data and cited,
 V2 - PPI_DEC2025_PLACEHOLDER=999.999 must NOT be used,
 V3 - PPI Dec 2025 used must be 464.966,
 V4 - PPI_DEC2024_REFERENCE must be 444.46 from 04_Corrugated_Model.xlsx Parameters,
 V5 - Escalator ratio must be computed as (PPI Dec 2025)/(PPI Dec 2024 reference) and used to inflate FY2024 baseline,
 V6 - Baseline source must be only 01_Corrugated_SpendExtract_FY2024.csv and must exclude Notes==""Pilot"" and Notes containing ""Noise: sample"",
 V7 - Total baseline units must come from the spend extract and be used in the per-unit ceiling calculation,
 V8 - Proposed blended unit price must be 0.4590 USD/unit (from supplier memo) and used for the walk-away test,
 V9 - WalkAway_Ceiling_PctAbove_Benchmark must be 1.8% and WalkAway_Ceiling_USD_per_unit must be (benchmarked baseline / total units) × (1+1.8%),
 V10 - Target_RunRate_Savings_USD must be 260000 and applied to DC1,
 V11 - Only levers L1-L4 may be applied and any Lever_Assumptions rows tagged NOISE must be ignored,
 V12 - Output must contain exactly two tables only: Bridge Table (7 rows, Row6 = Row1 - (Rows2+Rows3+Rows4+Rows5), Row7 not netted) and Compliance Table (5 rows in order PC1, PC2, PC3, DC1, DC2),
 V13 - Final line must be exactly ""DECISION: ACCEPT"" or ""DECISION: WALK AWAY"",
 V14 - Decision must be WALK AWAY if proposed price exceeds WalkAway_Ceiling or if savings < 260000 (either failure triggers WALK AWAY).",265,,,,,,,,,,,,,,,,,,,,,,,,,,,,,,,,,,,,,,,,,
tsk_8466318157,X3P6QB,Market Strategy,SCP,FSP,"A commerce grocery platform operating in Southeast Asia is evaluating entry into the Indian urban market in FY2026. An evaluation is being made at this point to decide whether the company should go ahead with its plans of having a network of dark stores in Tier-1 locations or opt for a hybrid approach involving dark stores alongside third-party retailers. There have been fast-growing initiatives within the Indian market from firms such as Blinkit, Zepto, and Instamart. But it appears that there has been growing concern regarding unit economics lately. The company has a fixed capital budget of $135M over 3 years (FY2026–FY2028). Management needs a deterministic recommendation on whether to: Enter with a Dark Store Model Enter with a Hybrid Model (Dark Store + Retail Partner Fulfilment) Or Defer entry for 24 months. You must prepare a Board Memo that determines the optimal strategy. You must follow the rules below: 1. Use the internal files to compute Net Fulfillable Order Capacity. Ensure your capacity analysis accounts for non-serviceable orders, pilot store exclusions, and peak-hour demand spillover : deriving all intermediate variables from first principles using the internal dataset. Do not use any summary ""Total Capacity"" value directly. 2. Urban household growth rate must be sourced ONLY from World Bank urban population dataset (India, 2026 baseline). Do not use the growth rate present in internal documents. All financial calculations must be performed in USD. INR values must be converted using the FX rate provided in the internal assumptions file. Do not use any live exchange rate. Unit economics must be derived strictly from internal datasets. Do not introduce external assumptions. The memo must contain ONLY the five sections below in exact order: 1. Executive Summary: ~120 words. Must include final decision and expected IRR. 2. Market Demand Table: Mention the following points: Urban Households (adjusted for growth), Number of Orders per Month, Annual Demand, Source of growth rate (mention World Bank explicitly) 3. Capacity & Utilization Table: Mention the following points: Net Fulfillable Capacity, Annual Demand, Capacity Utilization (%), Type of constraint (demand-side / capacity-side) 4. Unit Economics Table: Mention the following points: Cost per order, Revenue per order, Contribution Margin, Total annual Profit ($M) 5. Final Recommendation: Choose ONLY one option and justify using: 60–85% utilisation viability band, IRR threshold of 14%, Capacity constraint logic","This task is difficult because it requires correct sequencing of multi-layer dependent calculations across both demand and capacity sides, with embedded traps in both internal and external data sources. The analyst must correctly identify that the internal growth rate of 3.2% is outdated and replace it with the World Bank value of 5.4%, which significantly increases projected demand. Simultaneously, the analyst must compute peak-hour demand using a load factor and identify spillover loss, which is not explicitly provided but must be derived using a formula. The capacity dataset includes multiple misleading values, including pilot store capacity and total capacity figures that appear usable but must be adjusted. The analyst must integrate demand, spillover-adjusted capacity, and unit economics to arrive at a constrained utilisation level that drives the final IRR calculation and decision. Lazy AI Test: A standard model will use the internal 3.2% growth rate instead of the World Bank 5.4% value and will skip the spillover loss derivation, producing an overestimated net capacity of ~870M orders (vs. correct ~389M), a utilisation of ~370% instead of ~831%, and incorrectly recommending the Dark Store model due to its higher unit margins. Expert Test: A human consultant following the instructions will replace the internal growth rate with the World Bank value, compute peak demand using the load factor, derive spillover loss, and correctly exclude pilot capacity. This leads to severe capacity constraints and an IRR below threshold for the dark store model, leaving the hybrid model as the only viable option. The logic path is deterministic and leads to a single correct answer.","Decision Archetype: Go/No-Go Decision
 
 Step 1 : External Growth Rate
 Source: World Bank Open Data : Urban population growth (annual %) for India
 URL: https://data.worldbank.org/indicator/SP.URB.GROW?locations=IN 
 Dataset: World Development Indicators (WDI), India, most recent available year aligned to FY2026 baseline
 Value used: 5.4%
 Note: Strategy Assumptions.docx contains an internal growth rate of 3.2% labelled OUTDATED, this must be overridden by the World Bank value per prompt instruction.
 
 Step 2 : Adjust Urban Households
 Source: Urban_Households column, Urban Demand Data.csv
 Base households (sum of all 30 cities): 31,200,000
 Adjusted households:
 31,200,000 × (1 + 0.054) = 32,884,800
 
 Step 3 : Compute Annual Demand
 Source: Monthly Order Frequency column, Urban Demand Data.csv : household-weighted average across all 30 cities
 Weighted avg monthly order frequency: 8.2
 Annual Demand =
 32,884,800 × 8.2 × 12
 = ~3,234,245,760 orders
 (Exact value will vary marginally based on weighted frequency computation from the CSV; acceptable range: 3.1B–3.3B)
 
 Step 4 : Peak Hour Demand
 Daily Demand = 3,234,245,760 ÷ 365 = 8,862,329
 Source: Peak Load Factor column, Capacity Model.xlsx : uniform across all cities
 Peak Load Factor: 2.4
 Peak Hour Demand = 8,862,329 × 2.4 = 21,269,590
 
 Step 5 : Compute Spillover Loss
 Source: Peak Hour Capacity column, Capacity Model.xlsx : sum across all 30 cities
 Peak Hour Capacity: 16,000,000
 Spillover Loss = (21,269,590 − 16,000,000) × 0.25
 = 1,317,397 orders/day
 Annual Spillover Loss = 1,317,397 × 365 = 480,850,000
 
 Step 6 : Compute Net Capacity
 Source: Total Order Capacity (Millions), Non Serviceable Orders (Millions), Pilot Store Capacity (Millions) columns, Capacity Model.xlsx : all values in millions of annual orders; sum across all 30 cities
 Total Capacity: 1,400,000,000
 Non-Serviceable: 220,000,000
 Pilot: 310,000,000
 Net Capacity BEFORE spillover:
 = 1,400,000,000 − 220,000,000 − 310,000,000 = 870,000,000
 Final Net Capacity:
 870,000,000 − 480,850,000 = 389,150,000
 
 Step 7 : Utilisation
 Utilisation = 3,234,245,760 ÷ 389,150,000 = ~831%
 → Severe capacity constraint (well above 85% viability ceiling)
 
 Step 7.5 : INR to USD Conversion
 Source: Strategy Assumptions.docx
 FX Rate: ₹88 / USD
 All unit economics values in the internal dataset are denominated in USD. If any INR-denominated line items appear in the internal files, divide by 88 before use in financial calculations. Do not use any live exchange rate.
 
 Step 8 : Unit Economics
 Source: internal dataset
 Dark Store contribution margin: $1.35 per order
 Hybrid contribution margin: $1.10 per order
 
 Step 9 : IRR
 Dark Store IRR: 13.2% → FAIL (below 14% threshold from Strategy Assumptions.docx)
 Hybrid IRR: 14.6% → PASS (above 14% threshold)
 
 Final Decision: Hybrid Model = GO
 
 Golden Answer Range:
 Demand: 3.1B – 3.3B
 Net Capacity: 370M – 420M
 Utilisation: >700%
 IRR Hybrid: 14–15%
 Decision: Hybrid",https://drive.google.com/drive/u/0/folders/18L1wXucGKon9KRNcQZKIdXdrdLABc6IF,"V1: Growth rate used = 5.4% (World Bank), not 3.2%
 V2: Household adjustment correctly applied
 V3: Demand ≈ 3.23B
 V4: Peak demand computed using load factor
 V5: Spillover loss computed correctly
 V6: Pilot capacity excluded
 V7: Net capacity ≈ 389M
 V8: Utilisation >700%
 V9: Dark Store IRR <14%
 V10: Hybrid IRR ≥14%
 V11: Final decision = Hybrid",400,,,,,,,,,,,,,,,,,,,,,,,,,,,,,,,,,,,,,,,,,
tsk_5505884115,9A6T8R,Cost Optimization,FSP,CRP,"SKB Food Products Pvt. Ltd. is a Delhi-based FMCG manufacturer running for close to 30 years now, making things like roasted snacks, breakfast cereals, vermicelli and dry fruit mixes under their Yum Yum brand. Nothing fancy they're a mid-sized operation, somewhere around ₹18–22 Cr revenue, distributing primarily through General Trade and some Modern Trade across Delhi-NCR and Punjab.
 SKB Food Products (₹18–22 Cr FMCG player) currently sources packaging from Pragati (Supplier A). A disruption exposed single-source risk.
 Vardhman (Supplier B) offers ~7% lower base price; proposed at 30% allocation.
 CFO requires rigorous TCO validation using RBI Repo Rate (official source only). Wrong decision risks ₹14–18L annual margin loss.
 Task
 Using provided files (+ RBI website for repo rate), compute Total Effective Cost (TEC) per 1,000 pouches for both suppliers across 4 SKUs.
 TEC Components (MANDATORY – no additions/removals)
 Landed Cost = Base price + freight + QC
 Defect Cost = Rejection rate × 1000 × ₹4.20
 Working Capital Cost =
 Landed Cost × (Payment Days / 365) × RBI Repo Rate
 Repo rate must be sourced from rbi.org.in (MPC release only)
 Inventory Cost =
 Landed Cost × 15% × (Lead Time / 365)
 TEC = Sum of above
 Analysis Required
 Compute TEC for 4 SKUs × 2 suppliers (8 cases)
 Scale to annual cost using volumes
 Compare:
 Scenario A: 100% Supplier A
 Scenario B: 70% A + 30% B
 Critical Constraint (NON-NEGOTIABLE)
 Repo rate must be verified from RBI MPC release
 If mismatch with file:
 Flag it
 Provide correct rate + RBI URL
 Recalculate all costs
 OUTPUT FORMAT
 Deliver a Procurement Decision Memo of 3 to 4 pages. It must have exactly these four sections in this order:
 Section 1, Executive Summary: Keep it to 120–150 words. State your recommendation upfront. Include the RBI Repo Rate you used, the URL you sourced it from, and whether the file's embedded rate was accurate or stale.
 Section 2, Per-Unit Cost Build: A clean table showing all five TEC components for both suppliers for each of the four SKUs. Values in ₹ per 1,000 pouches, rounded to two decimal places. Intermediate calculations must be shown not just final numbers.
 Section 3, Annual Cost Comparison: Show Scenario A total and Scenario B total in ₹ Lakh, and state the annual cost delta.
 Section 4, Recommendation: Retain or Introduce, in one clear sentence. Follow with one paragraph of rationale covering the cost delta, the quality differential from File 2, and any conditions that would need to be met before Supplier B could be reconsidered.
 None of these four sections may be skipped or merged. If the RBI rate you find differs from what's in the file, you must flag this in Section 1 not bury it in a footnote.
 DECISION ARCHETYPE
 Retain / Introduce should Vardhman Packtech be brought on as an approved packaging vendor at 30% volume?","LAZY AI TEST:
 GPT-4o will read the 8.25% value from the yellow-highlighted cell in File 1 and use it directly without verifying it against rbi.org.in. At 8.25%, the working capital cost for Supplier A on the Snacks SKU comes to approximately ₹19.20 per 1,000 pouches rather than the correct ₹12.23. Across all four SKUs and a full year at 100% Supplier A volume, this inflates Scenario A's annual cost by roughly ₹6.2 Lakh artificially widening the gap between the two scenarios and making dual-sourcing appear to save ₹6.8–7.5 Lakh annually rather than the actual ₹67,000. At ₹6.8 Lakh apparent savings, a model will recommend introducing Supplier B. At the correct ₹67,000, the quality risk does not justify it. The rate error flips the recommendation.
 EXPERT TEST:
 An MC analyst who fetches the December 2025 MPC press release from rbi.org.in, corrects the repo rate to 5.25%, applies it in the working capital formula with supplier-specific payment terms (45 days for A, 30 days for B), adds defect and inventory carrying costs using the lead times from File 1, and reads the quality scorecard from File 2 will arrive at a Scenario A total of approximately ₹197.86 Lakh and a Scenario B total of approximately ₹197.19 Lakh. The saving is ₹67,000 less than 0.35% of packaging spend insufficient to recommend introducing a vendor with a below-threshold audit score and a nearly double rejection rate. One correct answer exists.","Before doing any calculations, the first step is to validate the RBI Repo Rate.
 The model currently uses 8.25%, but this is incorrect. The latest RBI MPC resolution (Dec 5, 2025) shows the rate as 5.25%. This means the model is off by 300 basis points, which is a significant error.
 So, the correct approach is:
 Replace 8.25% with 5.25%
 This step is critical because even a small rate error can distort cost comparisons.
 
 Step 1: Landed Cost per 1,000 Pouches (Base Price + Freight + QC)
 Formula: Base Price + Freight + QC
 Supplier A (Local): Freight ₹38, QC ₹12
 Snacks 250g: 1,840 + 38 + 12 = ₹1,890
 Cereal 500g: 2,180 + 38 + 12 = ₹2,230
 Vermicelli 200g: 1,620 + 38 + 12 = ₹1,670
 Dry Fruits 1kg: 2,640 + 38 + 12 = ₹2,690
 Supplier B (Ludhiana): Freight ₹87, QC ₹12
 Snacks 250g: 1,710 + 87 + 12 = ₹1,809
 Cereal 500g: 2,020 + 87 + 12 = ₹2,119
 Vermicelli 200g: 1,495 + 87 + 12 = ₹1,594
 Dry Fruits 1kg: 2,430 + 87 + 12 = ₹2,529
 Supplier B wins on landed cost for every SKU.
 
 Step 2: Defect & Rejection Cost per 1,000 Pouches
 Formula: Rejection Rate × 1,000 × ₹4.20 (rework + disposal)
 Supplier A (1.8%): 0.018 × 1,000 × 4.20 = ₹75.60 (all SKUs)
 Supplier B (3.4% – 90‑day trial only): 0.034 × 1,000 × 4.20 = ₹142.80 (all SKUs)
 Supplier A advantage: ₹67.20 per 1,000 pouches.
 
 Step 3: Working Capital Financing Cost per 1,000 Pouches
 Formula: Landed Cost × (Payment Terms / 365) × Corrected Repo Rate (5.25%)
 
 Supplier A (Net 45 days):
 Snacks: 1,890 × (45/365) × 0.0525 = ₹12.23
 Cereal: 2,230 × (45/365) × 0.0525 = ₹14.43
 Vermicelli: 1,670 × (45/365) × 0.0525 = ₹10.81
 Dry Fruits: 2,690 × (45/365) × 0.0525 = ₹17.41
 
 Supplier B (Net 30 days):
 Snacks: 1,809 × (30/365) × 0.0525 = ₹7.81
 Cereal: 2,119 × (30/365) × 0.0525 = ₹9.14
 Vermicelli: 1,594 × (30/365) × 0.0525 = ₹6.88
 Dry Fruits: 2,529 × (30/365) × 0.0525 = ₹10.91
 
 Supplier B advantage here due to shorter payment terms.
 
 Step 4: Inventory Carrying Cost per 1,000 Pouches
 Formula: Landed Cost × 15% × (Lead Time / 365)
 
 Supplier A (Lead time 12 days):
 Snacks: 1,890 × 0.15 × (12/365) = ₹9.32
 Cereal: 2,230 × 0.15 × (12/365) = ₹10.99
 Vermicelli: 1,670 × 0.15 × (12/365) = ₹8.23
 Dry Fruits: 2,690 × 0.15 × (12/365) = ₹13.27
 
 Supplier B (Lead time 22 days):
 Snacks: 1,809 × 0.15 × (22/365) = ₹16.36
 Cereal: 2,119 × 0.15 × (22/365) = ₹19.16
 Vermicelli: 1,594 × 0.15 × (22/365) = ₹14.41
 Dry Fruits: 2,529 × 0.15 × (22/365) = ₹22.87
 
 Supplier A advantage due to shorter lead time.
 
 Step 5: Total Effective Cost (TEC) per 1,000 Pouches
 Formula: Landed + Defect + WC Financing + Inventory Carrying
 
 Supplier A:
 Snacks: 1,890 + 75.60 + 12.23 + 9.32 = ₹1,987.15
 Cereal: 2,230 + 75.60 + 14.43 + 10.99 = ₹2,331.02
 Vermicelli: 1,670 + 75.60 + 10.81 + 8.23 = ₹1,764.64
 Dry Fruits: 2,690 + 75.60 + 17.41 + 13.27 = ₹2,796.28
 
 Supplier B:
 
 Snacks: 1,809 + 142.80 + 7.81 + 16.36 = ₹1,975.97
 Cereal: 2,119 + 142.80 + 9.14 + 19.16 = ₹2,290.10
 Vermicelli: 1,594 + 142.80 + 6.88 + 14.41 = ₹1,758.09
 Dry Fruits: 2,529 + 142.80 + 10.91 + 22.87 = ₹2,705.58
 
 Supplier B remains cheaper on TEC for all SKUs, but margins are narrow (₹7–₹91 per 1,000).
 
 Step 6: Annual Cost Comparison – Scenario A vs. Scenario B
 Volumes (pouches/1,000): Snacks 4,200 | Cereal 1,800 | Vermicelli 2,600 | Dry Fruits 950
 
 Scenario A (100% Supplier A):
 Snacks: 4,200 × 1,987.15 = ₹83,46,030
 Cereal: 1,800 × 2,331.02 = ₹41,95,836
 Vermicelli: 2,600 × 1,764.64 = ₹45,88,064
 Dry Fruits: 950 × 2,796.28 = ₹26,56,466
 Total = ₹1,97,86,396 (~₹197.86 Lakh)
 
 Scenario B (70% A / 30% B blend):
 Blended TEC = (0.7 × TEC_A) + (0.3 × TEC_B)
 
 Snacks: (0.7×1,987.15)+(0.3×1,975.97) = ₹1,983.80
 Cereal: (0.7×2,331.02)+(0.3×2,290.10) = ₹2,318.74
 Vermicelli: (0.7×1,764.64)+(0.3×1,758.09) = ₹1,762.68
 Dry Fruits: (0.7×2,796.28)+(0.3×2,705.58) = ₹2,769.07
 
 Annual:
 Snacks: 4,200 × 1,983.80 = ₹83,31,960
 Cereal: 1,800 × 2,318.74 = ₹41,73,732
 Vermicelli: 2,600 × 1,762.68 = ₹45,82,968
 Dry Fruits: 950 × 2,769.07 = ₹26,30,617
 Total = ₹1,97,19,277 (~₹197.19 Lakh)
 
 Annual saving from Scenario B = ₹67,119 (≈0.34% of spend)
 
 Step 7: Final Recommendation
 Do not switch to dual sourcing.
 Annual saving of ₹67,000 is immaterial relative to operational complexity.
 Supplier B’s quality metrics are below threshold:
 Quality score 3.80 vs. A’s 4.57
 Audit score 67 (below 70)
 4 open corrective action items
 Rejection rate of 3.4% based on only 90 days of trial data.
 
 Decision: Retain Supplier A as sole approved vendor for FY25.
 
 Conditional path for Supplier B: Reconsider for FY26 Q2 only if:
 All 4 CAP items closed.
 Audit score >70.
 Defect rate <2.5% over two full quarters of trial volume.",https://drive.google.com/drive/folders/1yJ8KECyH4svajT1CY35Y7PME-Ik95C_W?usp=drive_link,"V1: RBI Repo Rate used in working capital cost computation = 5.25%, sourced from rbi.org.in MPC press release dated December 5, 2025,
 V2: File 1's embedded rate of 8.25% explicitly flagged as stale in the memo's Executive Summary section, not buried in a footnote,
 V3: Source URL for the RBI rate cited in the memo output must be a direct link to the RBI monetary policy page, not a third-party site,
 V4: Landed cost Supplier A, Snacks 250g pouch = ₹1,890 per 1,000 pouches (1,840 base + 38 freight + 12 QC),
 V5: Landed cost Supplier B, Snacks 250g pouch = ₹1,809 per 1,000 pouches (1,710 base + 87 freight + 12 QC),
 V6: Defect cost Supplier A, all SKUs = ₹75.60 per 1,000 pouches (0.018 × 1,000 × ₹4.20),
 V7: Defect cost Supplier B, all SKUs = ₹142.80 per 1,000 pouches (0.034 × 1,000 × ₹4.20),
 V8: Working capital cost Supplier A, Dry Fruits 1kg = between ₹17.10 and ₹17.80 per 1,000 pouches, computed using 5.25% rate and 45-day payment terms,
 V9: Inventory carrying cost Supplier B uses 22-day lead time (not 12 days). Any response using 12 days for both suppliers fails this check,
 V10: TEC Supplier A, Dry Fruits 1kg = between ₹2,780 and ₹2,820 per 1,000 pouches,
 V11: TEC Supplier B, Dry Fruits 1kg = between ₹2,685 and ₹2,730 per 1,000 pouches,
 V12: Total annual cost Scenario A (100% Supplier A) = between ₹195 Lakh and ₹201 Lakh,
 V13: Annual cost delta between Scenario A and Scenario B = between ₹0.5 Lakh and ₹1.2 Lakh,
 V14: Supplier B weighted quality score from File 2 cited in the recommendation = 3.80 out of 5.0,
 V15: Final recommendation = Retain Supplier A as sole vendor for FY25 (responses recommending dual-sourcing without conditional criteria fail; responses recommending outright rejection of Supplier B with no conditions also fail there must be forward-looking qualification criteria stated)",415,,,,,,,,,,,,,,,,,,,,,,,,,,,,,,,,,,,,,,,,,
tsk_6501707867,KPZ1U1,Operations Research,LDP,FSP,"Yes bank limited is currently in the biggest turmoil phase. There have been various factors including both executive faults and bribery reasons as well as loss of customer trust and fast withdrawals by Savings as well as Current account holder. The CFO has come up with the possibility to undergo Merger & Acquisition as a way out to support the bank and be back on track.
 There are two other commercial banks who are interested in partnering with Yes Bank in M&A deals – HDFC & Axis.
 
 The CFO wants to choose the best M&A deal package amongst the two as well as the expected net return over 7-year period using Net-present value (NPV).
 Please use M&A Package HDFC.pptx for HDFC M&A package & cash in-flows.
 Please use M&A Package Axis - Cash Inflow FInancials.pptx & M&A Package Axis - Phased Plan Outline.pptx for Axis phased M&A package & cash in-flows.
 
 Strictly DO NOT browse the web for any information. Only rely on the internal files provided which are M&A Package HDFC.pptx, M&A Package Axis - Cash Inflow FInancials.pptx & M&A Package Axis - Phased Plan Outline.pptx
 The recovery scenarios within the banking sector are strictly categorized as either “optimistic” or “realistic”. There exist no other moderate or interim scenarios.
 All M&A packaged deals are confident of cash flow for next 7 years & the same timeline shall be strictly used for any decision analysis.
 All set-up, expansion related Capex, cash outflow are one time i.e., there is no staggered investment. Similarly, all the cash inflows are single shot at the year end, no staggering patterns observed.
 Strictly use the discount rate for cash flows (inflows & outflows) as 10% only.
 Do not hallucinate or use/assume datapoints by yourself. Strictly adhere to data points provided in this prompt.
 
 Create an output word document with name of the file as “Yes Bank M&A Analysis” & include chosen M&A package, rationale, expected NPVs from each package deal as well as explain the methodology & decision logics used to arrive at the final go-to strategy.","LAZY AI TEST:
 - The lazy AI test was performed using ChatGPT LLM basic model and the prompt has been designed with appropriate complexity so that basic model fails. Below are the reasons:
 o There is a known pitfall created for the LLM where in M&A Package HDFC.pptx the realistic bank recovery probability has been left blank. Forces LLM to consider constraint of only presence of optimistic or realistic recovery scenario
 o There are three .pptx files where Axis M&A Package has been sliced into two different power point files.
 o There is a diagrammatic phase wise investment & cash-inflow, used in synthetic files as well as linguistic driven details, constraints mentioned in PowerPoint files. This requires strong processing, inferencing as well as cross-linking capacities.
 o All the calculation logic, variables, other details have been disguised. Leaving pure analysis on the LLM
 o Rather directly ask LLM to use discounting principles for decision making. There is indirect constraint to make decision 7 recommend based on net present value.
 o Additional information regarding channel partnership, advertising campaign has been mentioned just to confuse the LLM and check its focus and adherence to the task.
 
 EXPERT TEST:
 - There is just a single business logic which shall be used step by step to ensure that a single correct mathematical logical answer is achieved by a human. Any incorrect logic or missing step will lead to wrong answers.","The decision archetype used is Scenario modeling.
 Calculation Steps:
 - Using constraint in the prompt à Scope of analysis is only restricted to 7 years
 HDFC M&A package analysis:
 - Investment => (2,00,00,000 + 3,50,00,000 + 4,00,00,000 + 3,00,00,000) => 12,50,00,000 Rs
 - Probability (Optimistic Bank Recovery) = 0.7
 Using constraint in the prompt à As mentioned in the constraint that the recovery scenarios within the banking sector are strictly categorized as either “optimistic” or “realistic”. There exist no other moderate or interim scenarios.
 - Probability (Realistic Bank Recovery) = 1-0.7=0.3
 
 - Net present value of cash-inflows =>
 
 o If for next 7 years, there is ‘Optimistic’ bank recovery scenario then net present value of cash inflows => 24.36 Cr
 Year Cash Inflow (In Crs) Discount Factor (10%) Present Value (In Crs)
 1 5 0.909 4.55
 2 5 0.826 4.13
 3 5 0.751 3.76
 4 5 0.683 3.42
 5 5 0.621 3.11
 6 5 0.564 2.82
 7 5 0.513 2.57
 
 o If for next 7 years, there is ‘realistic’ bank recovery scenario net present value of cash inflows => 4.86 Cr
 Year Cash Inflow (In Crs) Discount Factor (10%) Present Value (In Crs)
 1 1 0.909 0.91
 2 1 0.826 0.83
 3 1 0.751 0.75
 4 1 0.683 0.68
 5 1 0.621 0.62
 6 1 0.564 0.56
 7 1 0.513 0.51
 
 Net Present Value gained via HDFC M&A Package = Sum [ (Probability of Scenario) X (Scenario Net Present Value)] => 
 o [Probability (Optimistic Bank Recovery) X Optimistic Bank Recovery Net Present Value] + [Probability (Realistic Bank Recovery) X Realistic Bank Recovery Net Present Value]
 o [0.7X(24.36)] + [0.3X(4.86)]
 o 17.052+1.458=18.51 Cr
 18.51 Cr – Investment of 12,50,00,000 Rs = 6.01 Cr
 Axis M&A package analysis:
 - Investment in Phase 1 => (1,00,00,000 + 2,50,00,000 + 3,00,00,000 + 2,00,00,000) => 8,50,00,000 Rs
 - During Phase 1: 
 - Probability (Realistic Bank Recovery) = 0.5
 Using constraint in the prompt à As mentioned in the constraint that the recovery scenarios within the banking sector are strictly categorized as either “optimistic” or “realistic”. There exist no other moderate or interim scenarios.
 - Probability (Optimistic Bank Recovery) = 1-0.5=0.5
 - Net present value of cash-inflows (Phase 1) =>
 o If for next 2 years, there is ‘Optimistic’ bank recovery scenario then net present value of cash inflows => 1.116 Cr
 Year Cash Inflow (In Crs) Discount Factor (10%) Present Value (In Crs)
 1 0.50 0.909 0.455
 2 0.80 0.826 0.661
 
 o If for next 2 years, there is ‘realistic’ bank recovery scenario then net present value of cash inflows => 0.339 Cr
 Year Cash Inflow (In Crs) Discount Factor (10%) Present Value (In Crs)
 1 0.10 0.909 0.091
 2 0.30 0.826 0.248
 
 Phase 1 Net Value:
 o Sum [ (Probability of Scenario) X (Cash In-flow for scenario)]
 § [0.5 (1.116) + 0.5 (0.339)] = 0.7275 Cr
 o There is expansion investment = 0.7275 Cr – 8.5 Cr = −7.7725 Cr
 
 - During Phase 2:
 
 - Investment => (1,50,00,000 + 50,00,000 + 1,00,00,000 + 1,00,00,000) => 4,00,00,000 Rs
 - Probability (Realistic Bank Recovery) = 0.4
 Using constraint in the prompt à As mentioned in the constraint that the recovery scenarios within the banking sector are strictly categorized as either “optimistic” or “realistic”. There exist no other moderate or interim scenarios.
 - Probability (Optimistic Bank Recovery) = 1-0.4=0.6
 - Net value of cash-inflows (Phase 2) at the end of year 2 =>
 o If for next 5 years, there is ‘Optimistic’ bank recovery scenario then net value of cash inflows at the end of year 2=> 2.357 or 2.36 Cr
 Year Cash Inflow (In Crs) Discount Factor (10%) Present Value (In Crs)
 1 0.50 0.909 0.455
 2 0.80 0.826 0.661
 3 0.70 0.751 0.526
 4 0.50 0.683 0.342
 5 0.60 0.621 0.373
 
 o If for next 5 years, there is ‘realistic’ bank recovery scenario then net value of cash inflows at the end of year 2 => 1.204 or 1.20 Cr
 Year Cash Inflow (In Crs) Discount Factor (10%) Present Value (In Crs)
 1 0.10 0.909 0.091
 2 0.30 0.826 0.248
 3 0.20 0.751 0.150
 4 0.50 0.683 0.342
 5 0.60 0.621 0.373
 
 Phase 2 Net Value:
 o Sum [ (Probability of Scenario) X (Cash In-flow for scenario)]
 § [0.6 (2.36) + 0.4 (1.2)] = 1.896Cr
 o There is expansion investment = 1.896 Cr – 4 Cr = -2.104 Cr
 Aggregation with Phase 1 Values:
 § Phase 1 NPV = -6.42 Cr
 § Phase 2 NPV = -2.104 Cr
 § Total Axis Phased NPV = − 8.524 Cr
 
 Golden Range Answer: 
 An output word document with name of the file as “Yes Bank M&A Analysis” which contains finally recommended M&A package to be opted by Yes Bank. The rationale should clearly outline the logic used for aggregating the probability-based net-present values at different branching points. An optimal substantiation of numbers to back the final recommendation. The HDFC bank’s M&A package’s NPV shall be equivalent to 6.01 (Error Range +/-0.01) & Axis Bank’s M&A package’s NPV shall be equivalent to – 8.52 (Error Range +/-0.01). Final recommendation is to opt for HDFC Bank’s M&A package.",https://drive.google.com/drive/folders/1z8cO4a4AaO6CvRruBb5_ZU58dAnyGT1G?usp=drive_link,"V1: The file name of the output file shall be ""Yes Bank M&A Analysis"",
 V2: The output file format shall be a document with file extensions as .doc or .docx,
 V3: The finally recommended package for M&A is HDFC Bank's M&A package,
 V4: HDFC bank’s M&A package’s NPV shall be equivalent to 6.01 (Error Range +/-0.01),
 V5: Axis Bank’s M&A package’s NPV shall be equivalent to – 8.52 (Error Range +/-0.01),
 V6: The LLM response shall clearly outline the rationale and logic used for recommendation of M&A package & aggregating logics for NPVs,
 V7: There shall strictly be no use of any external web-based data points only synthetic input ppts shall be used,
 V8: The discounting rate shall be used common across all the calculations as 10%,
 V9: The sum of realistic & optimistic bank recovery probabilities for any year shall be equal to 1,
 V10: The expenses/investment mentioned across People & Structural costs, Baking process costs, Technology aggregation costs, Infrastructure, Offices, Channel partners shall be aggregated as investment for the M&A,
 V11: The LLM response document file shall be well-formatted and executive ready with less than 5 % scope of formatting",300,,,,,,,,,,,,,,,,,,,,,,,,,,,,,,,,,,,,,,,,,
tsk_7793547912,11EGD0,Financial Modelling,LDP,RCP,"Context: 
 You are a financial analyst experienced in reading and understanding annual reports of companies. You have been provided with the income statement and balance sheet data of a company. Your task is to create a Working Capital schedule forecast model for the next 5 periods comprising Inventory, Accounts Payables, Accounts Receivables. 
 Output Format: 
 The final output will be a Microsoft Excel file with the following sheets “Balance Sheet”, “Income Statement”, “Working Capital Schedule” and “Calculation Logic”. The data in “Working Capital Schedule” sheet should follow the same format as the sample provided.
 Solution Approach: 
 Working Capital schedule will comprise of the following:
 1. Inventory Calculation
 2. Accounts Payable Calculation
 3. Accounts Receivable Calculation
 • Revenue forecast:
 Assume that the revenue grows with the same CAGR in the forecast period as the base period. Show the CAGR calculation in the “Calculation Logic” sheet. Make sure to consider your calculation as the base case and add best(20% above base) and worst case(20% below case) scenarios. The scenario selection must be possible using a dropdown toggle and accordingly the data should be used for the revenue forecasting for the parameter.
 • Cost of Materials Consumed forecast:
 Assume that the Cost of Materials Consumed forecast grows with the same CAGR in the forecast period as the base period. Show the CAGR calculation in the “Calculation Logic” sheet. Make sure to consider your calculation as the base case and add best(20% below base) and worst case(20% above case) scenarios. The scenario selection must be possible using a dropdown toggle and accordingly the data should be used for the revenue forecasting for the parameter.
 • Inventory Calculation:
 Required Data: Cost of Materials Consumed (Income Statement), Inventory (Balance Sheet) for the base period. First, calculate inventory turnover ratio for each period as Cost of Materials Consumed / Average Inventory for the current and previous period. Then calculate Days of Inventory on Hand for each period as 360 / inventory turnover ratio. For each period in the forecast window, calculate the Days of Inventory on Hand as the moving average of the preceeding 3 periods. Calculate the corresponding inventory turnover ratio for each period. Calculate the inventory for the period as ((2*Cost of Materials Consumed Forecast for the period)/inventory turnover ratio)-inventory of previous period.
 • Accounts Payable Calculation:
 Required Data: Cost of Materials Consumed (Income Statement), Accounts Payable (Balance Sheet) for the base period. First, calculate payable turnover ratio for each period as Cost of Materials Consumed / Average Accounts Payable for the current and previous period. Then calculate Days of Payables Outstanding for each period as 360 / payable turnover ratio. For each period in the forecast window, calculate the Days of Payables Outstanding as the moving average of the preceeding 3 periods. Calculate the corresponding payable turnover ratio for each period. Calculate the Accounts Payable for the period as ((2*Cost of Materials Consumed Forecast for the period)/payable turnover ratio)-Accounts Payable of previous period.
 • Accounts Receivable Calculation:
 Required Data: Revenue (Income Statement), Accounts Receivable (Balance Sheet) for the base period. First, calculate receivable turnover ratio for each period as Revenue / Average Accounts Receivable for the current and previous period. Then calculate Days of Receivable Outstanding for each period as 360 / receivable turnover ratio. For each period in the forecast window, calculate the Days of Receivable Outstanding as the moving average of the preceeding 3 periods. Calculate the corresponding receivable turnover ratio for each period. Calculate the Accounts Receivable for the period as ((2*Revenue)/payable turnover ratio)-Accounts Receivable of previous period.
 Constraints:
 1. All the data mentioned above must be calculated using formulae, and hardcoded data is not allowed for any of these.
 2. Do not scale any data. Use them as it is from the source files.
 3. Do not search the web for any data. Restrict search within the documents attached. 
 Output Validations:
 4. Run a final check before producing the output to ensure that in the “Income Statement Model” the key metrics are not hardcoded, have relevant values and the calculations are free of circular references.
 5. Do not forget to add the calculation logic in the “Calculation Logic” tab.
 6. Ensure that there are no external links in your output.","This prompt tries to automate a fundamental task in balance sheet modelling, i.e., building the working capital schedule. The novelty in the projection method used for this is the use of two step iteration for calculation of the projections, combined with the use of moving average across the time series.
 The difficulty of the task is multifold and the first scenario where the Lazy AI is likely to fail is at data ingestion. The prompt does not categorically specify if the data is to be taken from the standalone data or the consolidated data. Secondly, while determining the components to include in the calculation of cost of materials consumed, the LLM must determine which costs to include from the expense list. Models without the financial acumen may include overhead expenses like spares consumed as well. Thirdly, for the calculation of the projected value of inventory, accounts receivable and payable, the approach to remove the effect of past years data i.e. (2*Turnover Ratio)-Previous Year’s value is not categorically specified, hence the quantitative reasoning logic of the LLM is tested through its ability to define the logic accordingly, especially in the projection period, where the turnover ratios are not calculated using the average formula directly, but using the moving average of the days outstanding ratio. The ability of the model to trace the flow of logic to determine the said logic is another trap which the Lazy AI is likely to fail.
 The sample result was produced using Claude Sonnet 4.6, the latest flagship model from Anthropic. This output was considered the best after comparing outputs from Gemini 3.0 and GPT 5.2.","• Step 1: Data Ingestion
 Each of the annual reports contain data for 2 years, the current year and the year before. Refer to the Consolidated Statement for Profit and Loss section for Income statement data. Get the revenue line item for each year. For Cost of Materials Consumed, the line items for cost of raw materials and construction materials consumed needs to be added to get the total value for each year in this particular case. Refer to the Consolidated Balance Sheet section for balance sheet data. Identify the line items for Inventory, Accounts Payable (mentioned here as Trade Payables) and Accounts Receivable (mentioned here as trade receivables; ) from the consolidated Balance Sheet for the years. 
 • Step 2: Calculate turnover ratios within base period (supplied data)
 For all cases, calculation of the ratio for the first period in the base window is not possible
 For Inventory Turnover:
 Calculate the average of the inventory for the period and that of the previous period. Divide the period’s Cost of Materials Consumed by the result.
 For Payable Turnover:
 Calculate the average of the accounts payable for the period and that of the previous period. Divide the period’s Cost of Materials Consumed by the result.
 For Receivable Turnover:
 Calculate the average of the accounts receivable for the period and that of the previous period. Divide the period’s revenue by the result.
 • Step 3: Calculate days outstanding within base period (supplied data)
 For all 3 cases, i.e. Inventory, Accounts Payable and Accounts Receivable, divide 360 (approximating number of days in a year relevant for regular production related operations) by the corresponding turnover ratio.
 • Step-4: Calculate moving averages for days outstanding for projection period.
 For all 3 cases, i.e. Inventory, Accounts Payable and Accounts Receivable, calculate the moving average of the 3 preceeding periods. This means that the calculated value for the initial projection periods, example 2026 in this case will be used for calculation of the parameter for 2027.
 • Step-5: Calculate turnover ratios for projection period
 For all 3 cases, i.e. Inventory, Accounts Payable and Accounts Receivable, divide 360 (approximating number of days in a year relevant for regular production related operations) by the corresponding number of days outstanding.
 • Step-6: Calculate base case growth factors for revenue and cost of materials consumed
 For both cases assume the compounded annual growth rate (CAGR) from the base period as the constant growth factor for the base case in the projection period. Use the same formula:
 =((Value for final year in base period/Value for first year in base period)^(1/number or years in base period))-1
 • Step-7: Add best and worst case toggles revenue and cost of materials consumed
 The calculated growth factor in step-6 is for the base period. For revenue, assume that the factor increases by 20% for the best scenario and reduces by 20% for the worst scenario. For cost of materials consumed, assume that the factor decreases by 20% for the best scenario and increases by 20% for the worst scenario. 
 • Step-8: Perform projections for the revenue and cost of materials consumed
 According to the selected scenario, calculate the revenue and cost of materials consumed for all periods in the projection period.
 • Step-9: Calculate the projected values for Inventory, Accounts Payable and Accounts Receivable 
 For Inventory:
 Use formula: (2*(Cost of materials consumed for period/Inventory Turnover Ratio for the period))-Inventory of previous period.
 This approach is taken to nullify the effect of the previous period’s inventory used during the initial calculation of the Inventory Turnover Ratio.
 For Accounts Payable:
 Use formula: (2*(Cost of materials consumed for period/Payable Turnover Ratio for the period))-Accounts Payable of previous period.
 This approach is taken to nullify the effect of the previous period’s Accounts Payable used during the initial calculation of the Payable Turnover Ratio.
 For Accounts Receivable:
 Use formula: (2*(Revenue for period/Receivable Turnover Ratio for the period))-Accounts Receivable of previous period.
 This approach is taken to nullify the effect of the previous period’s Accounts Receivable used during the initial calculation of the Receivable Turnover Ratio.",https://drive.google.com/drive/folders/1aENbcf50kFEEkY3wSUUwrI7ICvC5pR6q?usp=drive_link,"V1-Inclusion of both Cost of Raw Materials & Construction materials from the annual reports in the calculation of Cost of materials consumed and exclusion of spares consumed. The values for FY2021,FY2022,FY2023,FY2024 and FY2025 should be 135979.03,156521.23,183340.7,221112.91,255734.45 respectively,
 V2-Inclusion of both Trade Payables to MSME and others from the annual reports for calculation of total accounts payable. The values for FY2021,FY2022,FY2023,FY2024 and FY2025 should be 45745.23,51365.62,49784.12,53292.88,52459.34 respectively,
 V3-All the available data for both cost of materials consumed and revenue are used to calculate their respective CAGRs and the number of periods for calculation of CAGR is determined as number of years-1. The values of CAGR for the period FY2021-25 for cost of materials consumed and revenue should be 22.78% and 17.11% respectively considering 4 periods spanning across 5 financial years,
 V4-The usage of variation factor (20%) for framing the best and worst cases from the base case value is done according to the nature of impact that revenues and cost of materials as mentioned in the prompt,
 V5-Correct lookback period of 3 years for base case projections in for all projection relevant line items,
 V6-Scenario selection available as dropdown - scenario is not required to be typed in explicitly-1,
 V7-Inventory values for base case projection of cost of materials consumed for the projection period i.e., FY2026,FY2027,FY2028,FY2029,FY2030 should be 12596.09643,11178.59905,17553.4856,18657.52071,25270.05251 respectively,
 V8-Accounts Payables values for base case projection of cost of materials consumed for the projection period i.e., FY2026,FY2027,FY2028,FY2029,FY2030 should be 103280.0131,77206.44849,140172.7486,135583.6144,197873.198 respectively,
 V9-Accounts Receivables values for base case projection of revenue for the projection period i.e., FY2026,FY2027,FY2028,FY2029,FY2030 should be 77983.63628,69708.54627,103008.5668,102427.0615,135782.3744 respectively,
 V10-The output is an excel sheet comprising the sheets mentioned explicitly in the prompt",360,,,,,,,,,,,,,,,,,,,,,,,,,,,,,,,,,,,,,,,,,
tsk_7464400765,QRU3L6,Service Ops,RCP,SCP,"A leading quick commerce company has seen its order cancellation rate increase from 6.2% to 14.8% over the past 4 months. This has resulted in an estimated ₹18-22 Cr monthly revenue loss and significant dark store under-utilization. Customer NPS has dropped 11 points in the same period.
 
 The COO must submit a root cause diagnosis and clear recommendation before the monthly performance review in 9 days. A flawed diagnosis risks either continued revenue leakage or misallocation of ₹12–15 Cr in proposed fixes.
 
 Task (Precise) 
 Using ONLY the four provided internal files:
 
 1. Identify the primary root cause of the order cancellation rate spike. 
 2. Quantify the relative contribution of the top 2-3 drivers. 
 3. Recommend the top 2 fixes (ranked by expected impact) with estimated cost and timeline. 
 4. State the expected improvement in cancellation rate if the top recommendation is implemented. 
 
 Important Constraints
 - Use ONLY the provided files. No external data or assumptions. 
 - All conclusions must reconcile across ALL four files. 
 - Reported metrics may be directionally misleading - true performance must be reconstructed from raw data. 
 - Non-operational data (marketing, ESG, competitor benchmarking, unrelated tech initiatives) must be aggressively filtered. 
 
 Output Format (STRICT)
 
 Table 1 - Root Cause Contribution Analysis
 
 | Rank | Root Cause | Contribution to Spike (%) | Evidence Source |
 |-------- |-------------------------------------|-----------------------------------|-----------------|
 | 1 | Inventory Mismatch | | |
 | 2 | Delivery Slot Unavailability | | |
 | 3 | Customer Change of Mind | | |
 
 
 Section A — Root Cause Diagnosis (≤200 words) 
 Section B — Recommended Fixes & Expected Impact (≤150 words) 
 
 Final Line (MANDATORY): 
 Primary Recommendation: Implement real-time inventory sync + dynamic slotting with expected cancellation rate reduction of ≈5.0 percentage points (rounded to nearest 0.1)","Lazy AI Test (Must Fail) 
 A standard model will use the headline 14.8% cancellation rate and accept dashboard attribution as primary, missing Appendix C Footnote 12 (true rate = 18.4%) and the inventory mismatch signal (~41%), leading to incorrect diagnosis. 
 
 Expert Test (Must Pass) 
 A domain-aware solver will: 
 1. Reject 14.8% and use 18.4% from Appendix C 
 2. Derive driver mix (~41% inventory mismatch) from raw data 
 3. Validate using utilization drop and stockout increase 
 4. Compute spike (12.2 percentage points) and attribute ≈5.0 percentage points to inventory mismatch 
 5. Recommend real-time inventory sync + dynamic slotting 
 
 Deterministic Outcome 
 - Root cause: Inventory mismatch (~41%) 
 - Impact: ≈5.0 percentage points 
 - Recommendation: Real-time inventory sync + dynamic slotting 
 
 Why This Task Matters 
 This task evaluates the ability to: 
 - Detect hidden metric distortion 
 - Filter noise from operational datasets 
 - Reconcile multiple internal sources 
 - Identify root causes with quantified impact 
 - Deliver actionable, high-stakes recommendations","Decision Archetype: Root Cause Diagnosis + Recommendation 
 
 Step 1: Reconstruct True Cancellation Rate 
 - Headline cancellation rate = 14.8% (Performance Deck) 
 - True cancellation rate = 18.4% (Operations Manual, Appendix C, Footnote 12) 
 - Includes re-opened and re-cancelled orders 
 - Headline metric rejected 
 
 Step 2: Identify True Drivers (Raw Data) 
 From Order_Cancellation_Data.csv (52 rows): 
 - Inventory Mismatch ≈ 41% (derived from dataset; rounded from raw counts) 
 - Delivery Slot Unavailable ≈ 27% 
 - Customer Change of Mind ≈ 18% 
 - App/Technical Issue ≈ 9% 
 - Other ≈ 5% 
 
 Step 3: Cross-File Validation (Utilization Data) 
 From Dark_Store_Utilization.csv: 
 - DS-Mumbai-03 utilization: 78% --> 57% 
 - Cancellation rate: 6.8% --> 18.2% 
 - Stockout rate: 4.2% --> 29.1% 
 
 Step 4: Inventory Log Validation 
 From Inventory_Mismatch_Logs.csv: 
 - Large and repeated gaps between planned vs actual stock 
 - Consistent stockout-driven cancellations across multiple stores 
 - Confirms systemic inventory mismatch across locations 
 
 Step 5: Root Cause 
 Primary driver is failure of real-time inventory synchronization between central OMS and dark stores, driven by weak demand forecasting and delayed stock updates. 
 
 Step 6: Recommendation & Impact 
 
 Top Fix: Real-time inventory sync + dynamic slotting 
 
 Assumption: Driver contribution shares observed in total cancellations are used as a proxy for contribution to the incremental spike due to absence of time-segmented driver breakdown in the dataset. 
 
 Impact Calculation: 
 - Total spike = 18.4% - 6.2% = 12.2 percentage points 
 - Inventory mismatch contribution = 41% 
 - Impact attributable = 12.2 * 0.41 = 5.002 ≈ 5.0 percentage points 
 
 Interpretation: 
 Approximately 5.0 percentage points of the increase is attributable to inventory mismatch under the stated proportional contribution assumption. 
 
 Secondary Fix: Increase buffer stock for top 200 SKUs 
 Cost: As per internal estimates (not used in core analysis) 
 
 Golden Answer Range 
 - Root cause: Inventory mismatch (~41%) 
 - Expected impact: ≈5.0 percentage points reduction 
 - Recommendation: Real-time inventory sync + dynamic slotting",https://drive.google.com/drive/folders/1rYmyKccv1_t3KtwQ8Dz0-6QPxmqaObfQ,"V1 - True cancellation rate used = 18.4% (Appendix C, Footnote 12) 
 V2 - Headline 14.8% explicitly rejected 
 V3 - Driver distribution derived from 52 rows in Order_Cancellation_Data.csv 
 V4 - Inventory mismatch identified as largest driver (~41%, rounded) 
 V5 - Delivery slot and customer change drivers correctly ranked (27%, 18%) 
 V6 - Utilization drop used as validation (78% --> 57%) 
 V7 - Stockout rate increase used (4.2% --> 29.1%) 
 V8 - Inventory logs used as supporting evidence 
 V9 - Root cause identified at system level (inventory sync failure) 
 V10 - Spike calculated correctly = 12.2 percentage points 
 V11 - Impact calculated as 12.2 * 0.41 = 5.0 percentage points (rounded) 
 V12 - Impact calculated using explicitly stated proportional contribution assumption 
 V13 - Recommendation aligned to identified root cause",250,,,,,,,,,,,,,,,,,,,,,,,,,,,,,,,,,,,,,,,,,
tsk_6871772637,K3Y17Z,Service Ops,RCP,SCP,"A large Indian telecom company operates a 2,400-seat blended contact center. Current performance shows Service Level at 78% (target 85%), Average Handle Time at 6.8 minutes (target 5.5), First Call Resolution at 71%, and Cost per Call at ₹48. NPS stands at 71 (target 80).
 
 The COO must submit a Performance Benchmarking + Gap Analysis before the quarterly operations review in 10 days. A flawed analysis risks continued cost inefficiency or misallocation of improvement investments.
 
 TASK (PRECISE)
 Using ONLY the four provided internal files:
 1. Benchmark performance against industry top-quartile and average performers.
 2. Identify and rank the top 3 performance gaps by financial and customer impact.
 3. Qualitatively assess the cost and NPS impact of each gap using policy-defined relationships.
 4. Recommend the top 2 priority actions with expected impact and timeline.
 
 IMPORTANT CONSTRAINTS
 - Use ONLY the provided files. No external data or assumptions.
 - All conclusions must reconcile across ALL four files.
 - Reported benchmark data may be directionally misleading - true benchmarks must be reconstructed where required.
 - Non-operational data (marketing, ESG, unrelated IT projects) must be filtered out.
 
 OUTPUT FORMAT (STRICT)
 
 Table 1 - Performance Benchmarking & Gap Analysis
 (Complete all cells using data from the files)
 
 | Metric | Current | Industry Average | Top Quartile | Gap vs Top Quartile | Impact (Qualitative) |
 |----------------------|---------|------------------|--------------|---------------------|----------------------|
 | Service Level | 78% | | | | |
 | Average Handle Time | 6.8 min | | | | |
 | First Call Resolution| 71% | | | | |
 | Cost per Call | ₹48 | | | | |
 | NPS | 71 | | | | |
 
 Section A - Top 3 Gaps & Impact Analysis (≤180 words)
 Section B - Priority Recommendations (≤120 words)
 
 FINAL LINE (MANDATORY)
 Top Priority: Implement AI-powered call routing and real-time coaching to address AHT and FCR gaps, driving cost efficiency and NPS improvement.","Lazy AI Test (Must Fail)
 A standard model will:
 - Use the headline AHT benchmark of 5.5 min
 - Overstate the AHT gap
 - Treat Cost per Call as a root gap
 - Recommend generic fixes like hiring more agents
 
 It will fail to:
 - Apply Appendix C correction
 - Distinguish root drivers vs outcome metrics
 - Use policy relationships
 
 Expert Test (Must Pass)
 A domain-aware solver will:
 1. Adjust AHT benchmark to 6.2 min using policy
 2. Identify FCR and AHT as primary drivers
 3. Treat Cost per Call as a derived outcome metric
 4. Use policy relationships to assess impact
 5. Recommend AI routing + real-time coaching
 
 Deterministic Outcome
 - Top gaps: FCR (11 pp), AHT (0.6 min), Service Level (10 pp)
 - Root cause: Capability gap in routing and agent enablement
 - Recommendation: AI routing + real-time coaching
 
 Why This Task Matters
 This task evaluates whether the model can:
 - Correct misleading benchmark data
 - Distinguish root drivers vs outcome metrics
 - Apply policy-based reasoning instead of assumptions
 - Perform structured gap prioritization
 - Recommend high-impact operational interventions","Decision Archetype: Performance Benchmarking + Gap Analysis
 
 Step 1: Reconstruct True Benchmark
 - Headline Top Quartile AHT = 5.5 min (Performance Deck)
 - Policy adjustment (Appendix C, Footnote 9): True Top Quartile AHT = 6.2 min
 - Reason: Headline excludes training, coaching, and complex call handling time
 - Other benchmark metrics are used as reported (no policy adjustments identified)
 
 Step 2: Validate Current Performance
 - Current AHT (6.8 min) is consistent with the observed range across sites in the operational dataset
 - FCR (~71%), Service Level (~78%), and Cost per Call (~₹48) align with cross-site averages
 
 Step 3: Calculate True Gaps
 - AHT Gap: 6.8 - 6.2 = 0.6 min
 - FCR Gap: 71% vs 82% = 11 pp
 - Service Level Gap: 78% vs 88% = 10 pp
 - Cost per Call Gap: ₹48 vs ₹32 = ₹16 (derived outcome metric)
 - NPS Gap: 71 vs 82 = 11 points
 
 Step 4: Gap Prioritization Logic
 Gaps are ranked based on:
 - Customer impact (NPS sensitivity)
 - Cost impact (operational efficiency)
 
 Primary operational drivers:
 - FCR --> resolution quality --> NPS
 - AHT --> efficiency --> cost
 
 Derived outcome metrics:
 - Cost per Call
 - NPS
 
 As per policy relationships (Appendix D):
 - FCR strongly influences NPS
 - AHT strongly influences cost
 
 Step 5: Top 3 Gaps (Ranked)
 1. FCR Gap (11 pp) - Highest customer impact (primary NPS driver)
 2. AHT Gap (0.6 min) - Primary cost driver
 3. Service Level Gap (10 pp) - Queue performance and customer experience
 
 Cost per Call is treated as a derived outcome metric, not a root operational gap.
 
 Step 6: Root Cause Diagnosis
 Evidence across policy and operational data indicates:
 - Lack of advanced call routing capability
 - Limited real-time coaching and agent enablement
 - Gaps in agent support systems
 
 Top-performing centers generally exhibit:
 - AI-powered routing
 - Strong agent enablement systems
 - Integrated self-service capabilities
 
 Step 7: Recommendations
 
 Top Priority Action:
 Implement AI-powered call routing + real-time coaching
 
 Expected Impact (Directional):
 - Reduce AHT
 - Improve FCR
 - Lower Cost per Call
 - Improve NPS
 
 (All aligned with policy-defined relationships in Appendix D)
 
 Secondary Action:
 Strengthen knowledge base and increase self-service deflection
 
 Golden Answer
 - Top gaps: FCR (11 pp), AHT (0.6 min), Service Level (10 pp)
 - Root cause: Capability gap in routing and agent enablement
 - Recommendation: AI routing + real-time coaching",https://drive.google.com/drive/folders/1eLoV53lXzPP2zPovSNzZWFGkSTjHtvB_,"V1 - True Top Quartile AHT = 6.2 min used (Appendix C, Footnote 9)
 V2 - Headline 5.5 min explicitly rejected
 V3 - Other benchmarks used without adjustment (no policy adjustments identified)
 V4 - All gaps calculated using correct benchmarks
 V5 - FCR gap correctly identified as 11 pp
 V6 - Service Level gap correctly identified as 10 pp
 V7 - Cost per Call treated as derived outcome metric (not root gap)
 V8 - AHT correctly identified as primary cost driver
 V9 - Appendix D relationships used for impact logic
 V10 - No unsupported financial calculations used
 V11 - All conclusions reconciled across all four files
 V12 - No external data or assumptions used
 V13 - Recommendation aligned with benchmark best practices",230,,,,,,,,,,,,,,,,,,,,,,,,,,,,,,,,,,,,,,,,,
tsk_7913873183,8EAR5G,Cost Optimization,FSP,CRP,"CONTEXT + STAKES
 Bobby Pharma Products Pvt. Ltd. (Hyderabad, Unit II) currently buys all APIs from a single vendor Shreya Life Sciences, Hyderabad. A 4-day supply disruption in Oct 2024 cost roughly ₹6.2 Lakh in lost production. The Procurement Head has since trialled a second source, Arjuna Pharma Chem (Ankleshwar, Gujarat), on two molecules Metformin HCl and Pantoprazole Sodium and is now proposing to formalise Arjuna at 40% volume for both. The CFO wants a full TCO comparison before this goes to the MD. A wrong approval risks adding ₹12–18 Lakh to annual API costs.
 TASK
 Using the three attached files, compute Total Effective Cost per kg for both suppliers for Metformin HCl and Pantoprazole Sodium only. TEC has four components: (1) landed cost base price + inward freight + QC inspection; (2) OOS/CoA failure cost supplier OOS rate × ₹210/kg rework cost; (3) working capital financing cost landed cost × (payment terms/365) × current RBI Policy Repo Rate; (4) inventory carrying cost landed cost × 16% × (lead time days/365). Then compare annual total cost under Scenario A (100% Supplier A) vs Scenario B (60% Supplier A / 40% Supplier B) using volumes from the files.
 
 The RBI Policy Repo Rate must be sourced exclusively from the MPC press release at rbi.org.in. Do not use any news site, fintech portal, or the rate currently in the cost model file it is an unverified placeholder. If it differs from the RBI figure, correct it and flag the discrepancy in your output.
 
 OUTPUT FORMAT
 Keep it to 2–3 pages. Four sections, in this order:
 Section 1, Summary: State your recommendation upfront. Include the RBI Repo Rate you verified, its source URL, and whether the file had the right number.
 Section 2, Per-kg Cost Build: Show all four TEC components for both suppliers, for both molecules. Values in ₹/kg, two decimal places.
 Section 3, Annual Cost Comparison: Scenario A total vs Scenario B total in ₹ Lakh. State the delta.
 Section 4, Rationale: One paragraph. Reference the cost delta, the quality score differential from File 2, and state any conditions under which Arjuna could be reconsidered for expanded scope.
 DECISION ARCHETYPE
 Approve / Reject — should Arjuna Pharma Chem be formalised as a second approved API vendor at 40% volume for Metformin HCl and Pantoprazole Sodium?","Lazy AI Test:
 A standard model will use the 7.50% repo rate from File 1 without verifying RBI. This inflates working capital costs, overstating Scenario B savings (~₹2.1 Lakh vs correct ₹0.20 Lakh) and leading to an incorrect Approve decision instead of the correct Reject.
 Expert Test:
 An analyst who verifies the RBI repo rate (5.25%) and recomputes all cost components will arrive at correct TEC values and a Scenario B saving of ~₹0.20 Lakh, where the quality differential drives a Reject decision. One correct answer exists.","Step 1 - Correct the RBI Repo Rate
 Fetch MPC press release from rbi.org.in (December 5, 2025). Current rate = 5.25%. File 1 shows 7.50% stale by 225 bps. Use 5.25% for all WC calculations.
 Step 2 - Landed Cost per kg (base + freight + QC)
 Metformin: Sup A = 148 + 18 + 22 = ₹188.00 | Sup B = 131 + 52 + 22 = ₹205.00
 Pantoprazole: Sup A = 1,820 + 18 + 22 = ₹1,860.00 | Sup B = 1,660 + 52 + 22 = ₹1,734.00
 Note: Supplier B's base price edge on Metformin is fully erased by the Ankleshwar–Hyderabad freight.
 Step 3 - OOS / CoA Failure Cost per kg (OOS rate × ₹210)
 Sup A (0.9%): 0.009 × 210 = ₹1.89 | Sup B (2.8%): 0.028 × 210 = ₹5.88
 Same for both molecules OOS rate is supplier-level, not molecule-level.
 Step 4 - Working Capital Cost per kg (Landed × payment days/365 × 5.25%)
 Metformin: Sup A = 188 × (30/365) × 0.0525 = ₹0.81 | Sup B = 205 × (21/365) × 0.0525 = ₹0.62
 Pantoprazole: Sup A = 1,860 × (30/365) × 0.0525 = ₹8.03 | Sup B = 1,734 × (21/365) × 0.0525 = ₹5.24
 Step 5 - Inventory Carrying Cost per kg (Landed × 16% × lead time/365)
 Lead times: Sup A = 8 days | Sup B = 19 days
 Metformin: Sup A = 188 × 0.16 × (8/365) = ₹0.66 | Sup B = 205 × 0.16 × (19/365) = ₹1.71
 Pantoprazole: Sup A = 1,860 × 0.16 × (8/365) = ₹6.52 | Sup B = 1,734 × 0.16 × (19/365) = ₹14.43
 Step 6 - Total Effective Cost per kg (sum of all four components)
 Metformin: Sup A = 188.00 + 1.89 + 0.81 + 0.66 = ₹191.36 | Sup B = 205.00 + 5.88 + 0.62 + 1.71 = ₹213.21
 Pantoprazole: Sup A = 1,860.00 + 1.89 + 8.03 + 6.52 = ₹1,876.44 | Sup B = 1,734.00 + 5.88 + 5.24 + 14.43 = ₹1,759.55
 Step 7 - Annual Cost Comparison (volumes: Metformin 9,800 kg | Pantoprazole 2,260 kg)
 Scenario A - 100% Supplier A:
 Metformin: 9,800 × 191.36 = ₹18.75 Lakh
 Pantoprazole: 2,260 × 1,876.44 = ₹42.41 Lakh
 Total A = ₹61.16 Lakh
 Scenario B - 60% Supplier A / 40% Supplier B:
 Metformin blended TEC = (0.60 × 191.36) + (0.40 × 213.21) = ₹200.10 ; 9,800 × 200.10 = ₹19.61 Lakh
 Pantoprazole blended TEC = (0.60 × 1,876.44) + (0.40 × 1,759.55) = ₹1,829.68 ; 2,260 × 1,829.68 = ₹41.35 Lakh
 Total B = ₹60.96 Lakh
 Annual saving from dual-sourcing = ₹61.16L - ₹60.96L = ₹0.20 Lakh (₹20,000)
 Step 8 - Decision
 ₹20,000 annual saving does not justify introducing a vendor with a QA score of 3.41 vs 4.68, 2 open CAPAs, and an audit score of 71 (below the 75 threshold). The economics work on Pantoprazole alone (Sup B is ₹116.89/kg cheaper loaded) but not on Metformin (Sup B is ₹21.85/kg more expensive once freight and quality costs land). Blanket 40% dual-sourcing: Reject. Pantoprazole-only split after CAPA closure: acceptable counter-proposal.",https://drive.google.com/drive/folders/1t7L7bG57D6xZp6VhKeHzh7qY7we833rq?usp=drive_link,"V1: RBI Repo Rate used = 5.25%, sourced from rbi.org.in MPC press release dated December 5, 2025 not the 7.50% in the file,
 V2: File 1's embedded rate of 7.50% flagged as stale in the output's first section not buried or ignored,
 V3: Metformin landed cost Supplier A = ₹188.00/kg (148 + 18 + 22),
 V4: Metformin landed cost Supplier B = ₹205.00/kg (131 + 52 + 22) Supplier B more expensive on landed despite lower base price,
 V5: Pantoprazole landed cost Supplier A = ₹1,860.00/kg. Pantoprazole landed cost Supplier B = ₹1,734.00/kg,
 V6: OOS cost Supplier A = ₹1.89/kg for both molecules (0.009 × 210). OOS cost Supplier B = ₹5.88/kg (0.028 × 210),
 V7: Inventory carry cost uses 8-day lead time for Supplier A and 19-day lead time for Supplier B any response using the same lead time for both suppliers fails,
 V8: Metformin TEC Supplier B is higher than Supplier A if the response shows Supplier B cheaper on Metformin it has likely used the wrong freight or lead time,
 V9: Pantoprazole TEC Supplier B is lower than Supplier A, within the range ₹1,752–₹1,768/kg,
 V10: Total annual cost Scenario A is between ₹59.5 Lakh and ₹62.5 Lakh,
 V11: QA score for Supplier B cited from File 2 = 3.41/5.0 weighted.
 V12: Final recommendation = Reject blanket 40% dual-sourcing molecule-specific split (Pantoprazole only) with quality conditions is also an acceptable answer; recommending Approve across both molecules is a fail.",405,,,,,,,,,,,,,,,,,,,,,,,,,,,,,,,,,,,,,,,,,
tsk_260217210442744WS35O,11EGD0,Operations Research,LDP,SCP,"Mariott International Ltd. is one of the key leaders in hospitality sector. They have a dedicated research & analytics team, who have been doing research for the past 6 months and has come up with certain insights into the revenue prediction.
 The Senior Manager of the research team has floated an email on the partial hypothesis. The very high-level hypothesis is that the revenue of the firm is a function of marketing expense as well as sales force size. There are other attachments in the email as well for deeper insights. However, the revenue function stated in the attachment lacks all coefficients and so can’t be used for future revenue prediction.
 
 Find the right fit coefficients of the revenue function which can be used to complete the partial revenue function/equation. This revenue function is dependent on both marketing expenses as well as sales force size.
 Please use Historical Data File 1.xlsx to extract the historical details on the marketing spend, customer acquisition costs & Net profit margin related trends observed.
 Please use Historical Data File 2.xlsx to extract the Return on Capital Employed (ROCE), Sales Force Size, & Revenue details.
 Please use Revenue Research Insights.pptx to understand the research insights and the revenue relationship shared by the research team.
 Do consider footnotes in all the files provided to ensure that right data points are used for calculations from the files.
 Use historical data points provided in the files to complete the partial mathematical relationship of revenue. This can be done by finding the right fit coefficients.
 
 Strictly DO NOT browse the web for any information. Only rely on the internal files provided namely Historical Data File 1.xlsx, Historical Data File 2.xlsx, Revenue Research Insights.pptx.
 Do not hallucinate or use datapoints by yourself. Strictly adhere to the business logic & different data points provided in this prompt.
 
 Create an output as a single slide of PowerPoint presentation named “Revenue Prediction Model.pptx” the below guidelines:
 - Keep a big header of the slide as Mariott International Ltd. Revenue Forecaster
 - Mention the complete revenue mathematical relationship
 - Mention the clear legend information as well as its respective units","LAZY AI TEST:
 - The lazy AI test was performed using ChatGPT LLM & the prompt has enough traps & complexities designed to ensure that the Research Revenue mathematical model is not easily extractable. A few hurdles for basic LLMs where they fall short are below:
 
 - Two different formats of files including .xlsx (has minor overlaps within the time series data points) & .ppt (which has image based mathematical relationship to use for solving)
 - Requires inference logic and understanding to ensure that the right overlapping data within the two historical files are picked and merged for solving the models. The temporal data is applicable for ""2011-2019"" only, rest year data gets filtered.
 - Additional metrics and data points like Customer acquisition costs, Profit Margin ROCE, Revenue has been added to ensure that the model fails if that hallucinates within the data sets provided
 - Requires clear understanding of notes, reasoning to ensure right data points are picked up for mathematical modelling
 - High end GRG Non-linear algorithms are required to ensure right outcomes for the business problem are fetched where basic LLMs fail
 
 EXPERT TEST:
 - There is just a single business logic which shall be used step by step to ensure that a single correct mathematical logical answer is achieved by a human. Any incorrect logic or missing step will lead to wrong answers.","Calculation Steps
 - Extract the datapoints Revenue, Marketing Spend (in Mn $), Sales Force Size (in '000s ) for all historical years
 
 - A = Coefficient of constant term in the partially complete revenue’s mathematical equation
 - B = Coefficient of Marketing Spend (in Mn $) in the partially complete revenue’s mathematical equation
 - C = Coefficient of Sales Force Size (in '000s ) in the partially complete revenue’s mathematical equation
 - D = Coefficient of square of Marketing Spend (in Mn $) in the partially complete revenue’s mathematical equation
 - E = Coefficient of square of Sales Force Size (in '000s ) in the partially complete revenue’s mathematical equation
 - F = Coefficient of product of Marketing Spend (in Mn $) & Sales Force Size (in '000s ) in the partially complete revenue’s mathematical equation
 
 - Create a mathematical model with the objective function below:
 - Minimize [Mean Square Error] between the actual revenue from files and the predicted revenue based on varying coefficients A, B, C, D, E, F
 - Use method as GRG non-linear
 
 - Solve equations using Linear integer programming
 
 Golden Range Answer: A PowerPoint with a slide with a big header on the slide as Mariott International Ltd. Revenue Forecaster & complete revenue mathematical relationship. The values of coefficients post rounding shall come out as A, B, C, D, E, F as 1000, 25, 40, -2, -3, 1.5 respectively.
 Mention the clear legend information as well as its respective units",https://drive.google.com/drive/folders/1wyyeHeZnGinnnpMoWlQP5-M19j5yPUwz?usp=drive_link,"V1-A PPT file named “Revenue Prediction Model.pptx” as output
 V2- “Revenue Prediction Model.pptx” shall have only a single slide
 V3-Existence of complete revenue mathematical relationship
 V4-Existence of clear legend details & units of all the variables in mathematical model
 V5-The coefficient without variables A is ""1000""
 V6-The coefficient ""Marketing Spend"" variables B is ""25""
 V7-The coefficient of ""Sales Force Size"" C is ""40""
 V8-The coefficient of square of ""Marketing Spend"" D is is ""-2""
 V9-The coefficient of square of ""Sales Force Size"" E is is ""-3""
 V10-The coefficient product of ""Marketing Spend"" & ""Sales Force Size""variables F is ""1.5""",200,,,,,,,,,,,,,,,,,,,,,,,,,,,,,,,,,,,,,,,,,
tsk_2602172104427440MALZ,WOAY3I,Operations Research,LDP,SCP,"A Mckinsey consultant has been hired by ABC Company which is a Cold-Chain Distribution Network to manage the entire transportation and schedule in order to enhance revenue & indirectly enhancing EBITDA. He has also been provided with existing transportation revenue (in Rs/Unit) data points.
 The client of ABC Company has multiple cold-chain distribution nodes/warehouses (Including but not limited to Goa, Ambala, Bimtal etc.) and caters to the need/demand of vaccines across 5 unique downstream demand nodes or demand centers. Each of these demand centers namely (1, 2, 3, 4, 5) will have a few sub-demand centers or last-mile points (E.g., Loc_1, loc_2 etc.) which helps in driving demand aggregation at a demand center.
  
 The Mckinsey consultant has been asked to maximize the total overall transportation revenue for transporting vaccines from warehouse to demand centers.
 Please use Warehouse Availability Details.xlsx to extract the warehouse wise total vaccines available for transportation.
 Please use Transportation Revenue Details.xlsx to extract the vaccine transportation costs from warehouse to respective demand centers.
 Please use Demand Details.xlsx to extract total demand value from each demand center.
 Create a mathematical model for maximizing the total overall transportation revenue for transporting Vaccines from warehouse to demand centers.
 
 Strictly DO NOT browse the web for any information. Only rely on the internal files provided namely Warehouse Availability Details.xlsx, Transportation Revenue Details.xlsx, Demand Details.xlsx.
 Only consider the warehouses which have a valid license as well as total yearly availability of unit & which can be used for transportation of vaccines.
 Number of vaccines which can be transported from eligible warehouses to demand centers has supply constraint limited to the available vaccines at each warehouse.
 The number of vaccines to be transported to each demand point is subject to total requirement value from each demand center (regardless of sub-demand center).
 The number of vaccines which shall be transported from different warehouses to demand centers shall be integers as well as non-negative.
 Do not hallucinate or use datapoints by yourself. Strictly adhere to the business logic & different data points provided in this prompt.
 
 Create an output as a single slide of PowerPoint presentation named “Maximized Transportation Revenue Strategy.pptx” based on the maximized overall transportation cost and mention the below:
 - Create allocation matrix for vaccine transportation:
 - Vertically mention the warehouses & horizontally mention the demand centers & in the table populate shipment quantities which shall be flowing from warehouse to respective demand center
 - At the bottom on slide mention the total transportation revenue in Rupees","LAZY AI TEST:
 - The lazy AI test was performed using ChatGPT basic LLM & the prompt has been designed to meet the complexity standards to fail the basic LLM capabilities. The rationality has been mentioned below:
 o Presence of 3 excel files where there are linguistic capabilities for the LLM model being checked as the data points are high and the note mentions exclusion criteria which shall be considered well to ensure that the right data sub set is used for maximization/problem solving
 o Addition of data points which may confuse/side-track the LLM into using un-necessary information. This tests reasoning power of LLM. E.g., In ""Warehouse Availability Details.xlsx"" has multiple warehouses but a few of them 'Tokyo' & 'Poland' are not applicable as they dont have a valid licence, a lot Many like Goa, Srinagar etc. dont have ""Total"" availability of units which makes them inapplicable for any recommendation or optimization model. These details are clearly mentioned as footnotes of the file ""Warehouse Availability Details.xlsx""
 o There is a need to perform data aggregation activities across the files and then create the mathematical model
 o Requires high-end libraries to crack the relationship coefficients in order to derive the needed metric is the task
 o Gives almost no hint around the methodology to be used for maximizing the Total overall Transportation cost which tests the thinking and analytical ability of basic LLMs
 
 EXPERT TEST:
 - There is just a single business logic which shall be used step by step to ensure that a single correct mathematical logical answer is achieved by a human. Any incorrect logic or missing step will lead to wrong answers.","Considering notes mentioned regarding the eligible warehouses as well as non-availability of yearly availbility of unit constraints mentioned in ""Warehouse Availability Details.xlsx"" - only Ambala, Bimtal & Chandigarh can be considered for transportation.
 - XA1: Number of Vaccine which should be transported from “Ambala” to “Demand Center 1” 
 - XA2: Number of Vaccine which should be transported from “Ambala” to “Demand Center 2”
 - XA3: Number of Vaccine which should be transported from “Ambala” to “Demand Center 3”
 - XA4: Number of Vaccine which should be transported from “Ambala” to “Demand Center 4”
 - XA5: Number of Vaccine which should be transported from “Ambala” to “Demand Center 5”
 - XB1: Number of Vaccine which should be transported from “Bimtal” to “Demand Center 1” 
 - XB2: Number of Vaccine which should be transported from “Bimtal” to “Demand Center 2”
 - XB3: Number of Vaccine which should be transported from “Bimtal” to “Demand Center 3”
 - XB4: Number of Vaccine which should be transported from “Bimtal” to “Demand Center 4”
 - XB5: Number of Vaccine which should be transported from “Chandigarh” to “Demand Center 5”
 - XC1: Number of Vaccine which should be transported from “Chandigarh” to “Demand Center 1” 
 - XC2: Number of Vaccine which should be transported from “Chandigarh” to “Demand Center 2”
 - XC3: Number of Vaccine which should be transported from “Chandigarh” to “Demand Center 3”
 - XC4: Number of Vaccine which should be transported from “Chandigarh” to “Demand Center 4”
 - XC5: Number of Vaccine which should be transported from “Chandigarh” to “Demand Center 5”
 
 - Maximize [Total overall Transportation revenue (in Rs.)] = Sum-Product of Number of Vaccine which should be transported AND Cost of transportation of a vaccine for each “Warehouse” to “Demand Center” combination
 
 - Constraint:
 o Number of vaccines which can be transported from eligible warehouses to demand centers is limited to the available vaccines at each warehouse.
 § For Ambala: XA1 + XA2 + XA3 + XA4 + XA5 <= 100
 § For Bimtal: XB1 + XB2 + XB3 + XB4 + XB5 <= 120
 § For Chandigarh: XC1 + XC2 + XC3 + XC4 + XC5 <= 120
 o The number of vaccines to be transported to each demand point is subject to total requirement from each demand center (regardless of sub-demand center).
 § Demand Point 1: XA1 + XB1 + XC1 <=40
 § Demand Point 2: XA2 + XB2 + XC2 <=50
 § Demand Point 3: XA3 + XB3 + XC3 <=70
 § Demand Point 4: XA4 + XB4 + XC4 <=90
 § Demand Point 5: XA5 + XB5 + XC5 <=90
 o XA1, XA2, XA3, XA4, XA5, XB1, XB2, XB3, XB4, XB5, XC1, XC2, XC3, XC4, XC5 are non-negative & integers
 - Solve equations using Linear integer programming
 
 Golden Range Answer: A PowerPoint with a slide with total maximized revenue of transportation which shall come out as 2270 Rs. Additionally, a table of schedule of transportation of vaccine from warehouse to demand center and all in non-negative integers.",https://drive.google.com/drive/folders/12oIrcZRDohrqktCqrXDH37Oi2Zq_o7Le?usp=drive_link,"V1-A PPT file named “Maximized Transportation Revenue Strategy.pptx” as output
 V2- “Maximized Transportation Revenue Strategy.pptx” shall have only a single slide
 V3-Existence of complete allocation matrix for transportation
 V4-Existence of clear legend details & units of all the variables in mathematical model used for maximization
 V5-The total maximized revenue for the transportation model is ""2030 Rs""
 V6-Response shall have ""Number of Vaccine which should be transported from “Ambala” to “Demand Center 1” value is 0
 V7-Response shall have ""Number of Vaccine which should be transported from “Ambala” to “Demand Center 2” value is 0
 V8-Response shall have ""Number of Vaccine which should be transported from “Ambala” to “Demand Center 3” value is 0
 V9-Response shall have ""Number of Vaccine which should be transported from “Ambala” to “Demand Center 4” value is 10
 V10-Response shall have ""Number of Vaccine which should be transported from “Ambala” to “Demand Center 5” value is 90
 V11-Response shall have ""Number of Vaccine which should be transported from “Bimtal” to “Demand Center 1” value is 0
 V12-Response shall have ""Number of Vaccine which should be transported from “Bimtal” to “Demand Center 2” value is 0
 V13-Response shall have ""Number of Vaccine which should be transported from “Bimtal” to “Demand Center 3” value is 0
 V14-Response shall have ""Number of Vaccine which should be transported from “Bimtal” to “Demand Center 4” value is 80
 V15-Response shall have ""Number of Vaccine which should be transported from “Bimtal” to “Demand Center 5” value is 40",240,,,,,,,,,,,,,,,,,,,,,,,,,,,,,,,,,,,,,,,,,
tsk_260217210442744LRHRI,,Operations Research,LDP,FSP,"NexoraTech is a mid-sized B2B SaaS company providing workflow automation software to enterprise clients across North America and Europe.
 Over the last 36 months, the company has experienced fluctuating customer churn rates despite steady growth in new subscriptions. The executive leadership team believes that churn is being driven by a combination of product usage behavior, pricing sensitivity, customer support responsiveness, and contract structure.
 A strategic transformation initiative has been launched to build a data-driven churn prediction and cost-of-retention optimization model.
 The Data Science team has compiled historical monthly customer-level data across multiple cohorts. A partially developed mathematical relationship for the Monthly Churn Rate (CR) has been identified in the internal analytics deck, but several coefficients remain undefined.
 
 Clearly outline if NexoraTech shall take a Go or No-Go decision for a recommendation/strategy suggested from external consultants when the satisfaction scores, number of features used & price increase are 10, 7, 3 respectively.
 
 Please use Flat FIle 1.xlsx to extract different details around customer satisfaction score, number of features used, Churn percentage & Customer segmentation observed.
 Please use Flat FIle 2.xlsx to extract percentage increase in price, percentage of churn, type of subscription & number of support tickets.
 Please use SAAS Churn.pptx to understand the Saas churn percentage model.
 
 Strictly DO NOT browse the web for any information. Only rely on the internal files provided, namely Flat FIle 1.xlsx, Flat FIle 2.xlsx, SAAS Churn.pptx.
 Do not hallucinate or use datapoints by yourself. Strictly adhere to the business logic & different data points provided in this prompt.
 
 Create an output as a single slide of PowerPoint presentation named “NexoraTech SAAS Percentage Churn Framework.pptx” & clearly detail out the go-no-go decision outcome based on the scenario recommended by external consultants in below format.
 - Scenario/Recommendation details from external consultants
 - Go or No-Go decision & rationality
 - Paste the complete Churn percentage modeled as a mathematical relationship for leadership reference","LAZY AI TEST:
 - The lazy AI test was performed using ChatGPT basic LLM & the prompts has been designed to meet the complexity standards to fail the basic LLM capabilities. The rationality has been mentioned below:
 o Presence of a PowerPoint slide where the relationship mentioned is not explicit and requires strong linguistic and relationship understanding to ensure that the partial relationship provided is clearly understood
 o Addition of data points which may confuse/side-track the LLM into using un-necessary information. This tests reasoning power of LLM
 o Requires high-end libraries to crack the relationship coefficients in order to derive the needed metric is the task
 o Gives almost no hint around the methodology to be used for go, np-go decision which tests the thinking and analytical ability of basic LLMs
 
 EXPERT TEST:
 - There is just a single business logic which shall be used step by step to ensure that a single correct mathematical logical answer is achieved by a human. Any incorrect logic or missing step will lead to wrong answers.","The Decision Archetype used is Go/No-Go Decision.
 
 Solution logic
 
 Based on the PowerPoint relationship explanation the variables are known but the coefficients are unknown. The following equation can be drafted and written:
 Y = A - B(X1) - C(X2) + D(X3) + E (X3)^2 - F(X1*X2)
 
 Where:
 - X1 is Satisfaction scores
 - X2 is number of features used
 - X3 is Percentage of Price
 - Y is Churn percentage (in %)
 
 Calculation Steps
 - A = Coefficient of constant term in the partially complete Churn Rate model mathematical equation
 - B = Coefficient of Satisfaction scores in the partially complete Churn Rate model mathematical equation
 - C = Coefficient of number of features used in the partially complete Churn Rate model mathematical equation
 - D = Coefficient of Percentage of Price in the partially complete Churn Rate model mathematical equation
 - E = Coefficient of square of Percentage of Price in the partially complete Churn Rate model mathematical equation
 - F = Coefficient of product of Satisfaction scores & number of features used in the partially complete Churn Rate model mathematical equation
 
 - Create a mathematical model with the objective function below:
 o Minimize [Mean Square Error] between the actual churn_% from files and the predicted churn_% based on varying coefficients A, B, C, D, E, F
 o Use method as GRG non-linear
 
 - Substitute the recommendation scenario details satisfaction scores, number of features used & price increase are 10, 7, 3 respectively in the above completed equation.
 - Calculate Y is Churn percentage (in %)
 - If the derived churn percentage is negative then it is a no-go whereas if the derived churn percentage is positive then it is a good to go strategy
 Constraint:
 
 - Solve equations using GRG non-Linear programming
 
 Golden Range Answer: A PowerPoint with a slide with clear details of the Scenario/Recommendation details from external consultants followed by a clear No-Go decision & rationality stated as the churn rate for the recommended scenario turns out to be negative. Additionally, a completed churn model for leadership reference.",https://drive.google.com/drive/folders/1jyJjYuT9qUgazJoam5bX6Espovp3MMMj?usp=drive_link,"V1: Response output contains a clear recommendation ""NexoraTech shall take a 'No-Go' decision"",
 V2: Response shall be a ONLY a single slide
 V3: Response comprises of ONLY a .pptx or powerpoint file name ""NexoraTech SAAS Percentage Churn Framework.pptx""
 V4: Response shall strictly be restricted to potential scenario when satisfaction score is '10'
 V5: Response shall strictly be restricted to potential scenario when number of feature used are '7'
 V6: Response shall strictly be restricted to potential scenario when Price increase is '3 %'
 V7: Coefficient of constant term in the Churn Rate model mathematical equation is '7.62' (Error +/0.01)
 V8: Coefficient of Satisfaction scores in the Churn Rate model mathematical equation is '-0.541' (Error +/0.05)
 V9: Coefficient of number of features used in the Churn Rate model mathematical equation is '-0.398' (Error +/0.02)
 V10: Coefficient of Percentage of Price in the Churn Rate model mathematical equation is '0.884' (Error +/- 0.004)
 V11: Coefficient of square of Percentage of Price in the Churn Rate model mathematical equation is '0.072' (Error +/- 0.004)
 V12: Coefficient of product of Satisfaction scores & number of features used in the Churn Rate model mathematical equation is '-0.119' (Error +/- 0.004)",,,,,,,,,,,,,,,,,,,,,,,,,,,,,,,,,,,,,,,,,,
tsk_2602202235206123JNLG,,Market Strategy,SCP,FSP,"A mid-sized manufacturer of biodegradable food packaging materials based out of India currently has only one production facility with limited production capacities. With an increase in bans on single-use plastics in Europe, the company is considering entering the EU market this year. However, the company’s senior management team is unsure if its current production capacities and operational efficiencies would be enough to enter the EU market without investing additional capital costs or setting up a new facility. If they enter too early, it may put pressure on the existing operations or force the company to expand its capacities at a higher cost. If they enter too late, it may allow other players to gain a toehold in this growing space. You have to prepare a country-specific ‘feasibility report’ to be submitted to the CEO of the company. The memo must determine whether the company should proceed with EU market entry under current capacity constraints and identify the most appropriate EU country for initial entry if the decision is to proceed.
 You must follow the rules below:
 Use the internal files provided to determine net export-ready production capacity. Export capacity must be derived from the Export Ready Units column minus the Domestic Contract Units column in the manufacturing data file. Do not use Total Units Produced or any summary row as a proxy for export capacity.
 Gathering latest external data regarding all EU market parameters from credible public sources is a prerequisite. Such parameters include the size of the market, growth rate of the market, competitors in the market, and environment of the market. All external sources of data are required to include the exact numeric value and source URL. Do not use the EU market figure referenced in the internal strategy document. That figure is an unvalidated internal placeholder and must be ignored. The real market size must be retrieved from a live, authoritative external source.
 Do not assume, approximate, fabricate, or reuse any market size, growth rate, competitor, or regulatory data that is not directly retrieved from a verifiable external source.
 All financial comparisons between internal production economics and EU market demand must be performed in euros. Domestic prices are denominated in Indian rupees and must be converted using this exact formula: EU ASP (€) = (Domestic Price ₹ × 1.15 Export Markup) ÷ FX Rate (INR/EUR). The FX rate and export markup are defined as labelled fields in the internal data files and must be used as-is. Do not substitute a live market exchange rate.
 Web search is required for all EU market metrics. You may not use any internal file value to represent market size, CAGR, competitor names, or regulatory stringency.
 The memo must contain only the five sections listed below, presented in the exact order specified. 
 Executive Summary: Give an executive summary of approximately 120 words naming the recommended EU country and clearly stating whether EU market entry is viable under current production capacity constraints.
 Market Attractiveness: Table A table for the recommended country only. The table must contain: last year's market size in euros; CAGR for 2025–2030; regulatory stringency score from 1 to 5 based on the strictness of single-use plastic bans; the two largest competitors in biodegradable food packaging operating in that market. All market data must include the source URL.
 Internal Capacity vs Market Demand Table: Make a table comparing internal manufacturing capacity with estimated Year-1 market demand. The table must include: annual net export-ready production capacity (Export Ready Units minus Domestic Contract Units); estimated Year-1 market share; implied Year-1 demand in units; resulting capacity utilisation percentage. All calculations must be internally consistent and derived from the internal datasets and external market values.
 Entry Mode Recommendation: Choose exactly one entry mode from the following options: Export, Joint Venture, Local Manufacturing. Give exactly three reasons in bulleted points to justify your chosen entry mode.
 Risk Factors: List exactly three risks- one regulatory risk, one operational risk, one market risk.","This task is difficult because it requires disciplined separation between internally derived operational capacity and externally validated market information, while simultaneously enforcing strict structural, arithmetic, and decision-threshold constraints. The analyst must correctly identify the net export-relevant production figure by subtracting Domestic Contract Units from Export Ready Units, two distinct columns buried within a dataset containing multiple irrelevant noise variables. The analyst must then compute a weighted average domestic ASP from a multi-product pricing file, apply the prescribed export markup and FX conversion to arrive at a euro-denominated unit price, and use that price alongside a live external market size to derive implied unit demand. The analyst must also perform comparative analysis across EU countries using market size, growth rate, regulatory stringency, and competitor intensity to select the most suitable country. These steps must then feed into a deterministic capacity utilisation calculation that produces a binary Go / No-Go decision constrained by a strict 50–85% utilisation threshold.
 Lazy AI Test (must fail)
 
 Task Type: SCP — Structural Compliance Prompt (Hybrid, Web Search Required)
 
 The Trap: The internal strategy document contains a visible reference to the EU biodegradable packaging market at approximately €3.1 billion, clearly labelled as an unvalidated internal brainstorming figure. A lazy AI will use this number directly, either because it reads the internal file and treats all figures as usable inputs, or because it fails to distinguish between a placeholder and a validated data point, and will proceed to calculate market demand and capacity utilisation without ever retrieving real external data. A second failure mode is using Total Annual Units Produced or Total Export Ready Units from the manufacturing file as the export capacity figure, instead of subtracting Domestic Contract Units to arrive at Net Export Capacity. A third failure mode is applying a live spot FX rate instead of the internal assumption value of ₹90/€. A fourth failure mode is arbitrarily selecting a country (e.g., Germany) without performing cross-country benchmarking of market size, growth, regulatory stringency, and competitor intensity.
 The Mandate: The AI must ignore the €3.1B internal placeholder, retrieve the actual EU biodegradable packaging market size, growth rate, competitor data, and regulatory stringency from live authoritative sources with cited URLs, perform cross-country comparisons, and compute all capacity and demand figures using only the prescribed internal formula and internal assumption values.
 Expert Test: What does the correct path look like?
 
 If a human consultant follows the instructions correctly, there is exactly one deterministic logical path. Net export capacity is derived only by subtracting the Domestic Contract Units column from the Export Ready Units column and summing across all twelve months. The weighted average domestic ASP is calculated from the product-level pricing file. The EU ASP is computed using the exact formula and internal FX rate. External market size, growth, competitors, and regulatory stringency are retrieved from authoritative sources with URLs. Cross-country benchmarking is conducted to select the optimal EU entry country. Capacity utilisation is calculated using these values and evaluated against the 50–85% viability threshold to produce a binary Go / No-Go decision.","Decision Archetype: Go/No-Go Decision
 Step 1 — Identify Net Export Capacity (Internal File)
 File: Manufacturing Capacity and Cost Model.xlsx → Capacity Data tab
 Sum Export Ready Units across all 12 months, then subtract Domestic Contract Units across all 12 months. Do not use the Total Units Produced column, the Total Units column, or any summary row as a proxy.
 Export Ready Units (Annual Sum): 771,400 Domestic Contract Units (Annual Sum): 360,000 Net Export Capacity: 411,400 units
 Cross-check: The Annual Summary tab confirms Net Export Capacity = 411,400 units. Both the row-level sum and the summary tab must agree before proceeding.
 Ignore all noise columns: Electricity Cost, Water Usage, Packaging Waste, Temperature, Humidity, Downtime, Noise Level, Maintenance Flags.
 Step 2 — Calculate Weighted Average Domestic ASP (Internal File)
 File: Domestic Sales and Pricing Data (CSV)
 Formula: Weighted ASP = Σ(Price × Volume) ÷ Σ(Volume)
 BioMeal Tray: ₹32 × 28,000 = 896,000 EcoLunch Box: ₹30 × 25,000 = 750,000 GreenServe Plate: ₹28 × 22,000 = 616,000 NaturePack Bowl: ₹31 × 24,000 = 744,000 BioSnack Container: ₹29 × 21,000 = 609,000 Total Volume: 120,000 | Total Weighted Value: 3,615,000
 Weighted Average Domestic ASP = ₹3,615,000 ÷ 120,000 = ₹30.125 per unit
 Step 3 — Convert to EU ASP in Euros (Internal Formula)
 Formula: EU ASP (€) = (Domestic Price ₹ × 1.15 Export Markup) ÷ FX Rate (INR/EUR)
 FX Rate: ₹90 per € — sourced from the Annual Summary tab, labelled field. Do not substitute a live market rate. Export Markup: 15% (0.15) — sourced from the Annual Summary tab, labelled field.
 Substitution: (₹30.125 × 1.15) ÷ 90 = €0.3849 per unit
 Step 4 — Retrieve External Market Data (Web Search Required)
 Retrieve all of the following from authoritative public sources. Cite exact numeric value and source URL for each.
 EU Biodegradable Packaging Market Size (2025): €2.75 billion Source URL: https://environment.ec.europa.eu/topics/plastics_en
 CAGR (2025–2030): 6.5% Source URL: https://ec.europa.eu/eurostat/statistics-explained/index.php?title=Packaging_waste_statistics
 Top 2 Competitors in target country (e.g. Germany): Mondi Group PLC; Smurfit Kappa Group Source URL: https://www.mordorintelligence.com/industry-reports/europe-biodegradable-plastic-packaging-market
 Regulatory Reference: EU Single-Use Plastics Directive Source URL: https://eur-lex.europa.eu/legal-content/EN/TXT/?uri=CELEX%3A32019L0904
 Do not use the €3.1B figure referenced in the internal strategy document. That is an explicitly flagged, unvalidated internal placeholder and must be ignored entirely.
 Step 5 — Calculate Implied Year-1 Demand
 Assumed Year-1 Market Share: 0.5% (conservative assumption for a new export entrant)
 Formula: Implied Demand (Units) = Market Size (€) × Market Share (%) ÷ EU ASP (€)
 Substitution: 2,750,000,000 × 0.005 ÷ 0.3849 = ~35,720,729 units
 Step 6 — Calculate Capacity Utilisation (Unadjusted)
 Formula: Capacity Utilisation (%) = (Implied Demand ÷ Net Export Capacity) × 100
 Substitution: (35,720,729 ÷ 411,400) × 100 = ~8,683%
 Interpretation: At a 0.5% market share assumption, demand massively exceeds available export capacity. The company cannot serve 0.5% of the market. Market share must therefore be constrained by capacity, not by demand-side assumptions.
 Step 7 — Calculate Adjusted Feasible Market Share
 Target maximum utilisation: 80% (upper-mid of the 50–85% viable band)
 Target Capacity Usage: 80% × 411,400 = 329,120 units
 Feasible Market Share: (329,120 × €0.3849) ÷ €2,750,000,000 = ~0.0046%
 This is the maximum realistic revenue-share the company can claim in Year 1, given its net export capacity.
 Step 8 — Apply Viability Threshold
 Final Utilisation: (329,120 ÷ 411,400) × 100 = 80%
 Deterministic Rule: 50%–85% → Viable
 Conclusion: Market entry is Viable (Capacity-constrained)
 The company can enter the EU market without breaching operational limits, provided it caps Year-1 volume at 329,120 export units — equivalent to a ~0.0046% share of the target market.
 Step 9 — Country Selection
 Select one EU country based on externally retrieved data including:
 Market size
 Growth rate (CAGR)
 Regulatory environment (score 1–5 based on strictness of single-use plastic bans)
 Competitive presence (two largest competitors in biodegradable food packaging)
 The selection must be supported with cited external data and aligned with the company's capacity constraints and market entry feasibility. Comparative benchmarking across multiple countries is not mandatory unless explicitly performed. The chosen country must be justified using all four required market parameters listed above.
 Step 10 — Entry Mode
 Selected Mode: Export
 Justification 1: No near-term capital is available for local manufacturing; capital expenditure approvals for new plants are not planned for 2025–2026. Justification 2: Capacity utilisation at 80% of Net Export Capacity (329,120 units) remains within the viable 50–85% threshold under an export-only model. Justification 3: Regulatory entry barriers in the target EU country are manageable at initial scale through local distribution partners, avoiding the complexity and cost of establishing a legal entity.
 Step 11 — Stress Test
 Scenario 1 — ASP falls 5%: EU ASP → €0.3849 × 0.95 = €0.3657 Implied demand at 0.5% share → 2,750,000,000 × 0.005 ÷ 0.3657 = ~37,573,420 units Unadjusted utilisation → still far exceeds capacity; company remains capacity-constrained. At 80% cap → 329,120 ÷ 411,400 = 80% → Still Viable
 Scenario 2 — Market share assumption increases by +0.002% (to 0.502%): Implied demand → 2,750,000,000 × 0.00502 ÷ 0.3849 = ~35,863,612 units Utilisation → still far exceeds capacity; volume must still be capped at 329,120 units. No change to viability conclusion — the binding constraint is always capacity, not share.
 Conclusion: The recommendation holds and is robust to moderate pricing and share assumption shifts. The binding constraint throughout is net export capacity (411,400 units), not market demand.
 Golden Answer Range
 Net Export Capacity: 411,400 units 
 Weighted Domestic ASP: ₹30.125 per unit 
 EU ASP: €0.3849 per unit 
 Target Units @ 80% utilisation: 329,120 units 
 Feasible Year-1 Market Share: ~0.0046% 
 Final Capacity Utilisation: 80% 
 Entry Mode: Export 
 Final Decision: Market Entry is Viable (Capacity-constrained) 
 Acceptable numeric variance: ±5% 
 Strict structure compliance: Required",https://drive.google.com/drive/folders/1o1us5MxBcQJIiwVGjFQCWXRngDJ0rklH,"V1: EU market size used ≠ €3.1B internal placeholder and is sourced externally with URL, V2: Net Export Capacity = 411,400 units (Export Ready − Domestic Contract Units), V3: Total Units Produced or Export Ready Units alone are NOT used as capacity proxy, V4: Weighted Domestic ASP = ₹30.125 per unit (±5%), V5: EU ASP calculated using internal formula and FX = ₹90/€ (not live FX) → €0.3849 (±5%), V6: Implied Year-1 demand correctly derived using external market size and EU ASP, V7: Initial utilisation calculation exceeds 100% (demand >> capacity), indicating capacity constraint, V8: Adjusted utilisation is capped within 50–85% band → ~80%, V9: Feasible market share ≈ 0.0046% (±10%) derived from capacity constraint, V10: Final decision explicitly states Market Entry is Viable (Capacity-constrained), V11: Entry mode selected = Export with exactly 3 supporting reasons, V12: Country selection is supported using all four parameters (market size, CAGR, regulation, competitors) with URLs",,,,,,,,,,,,,,,,,,,,,,,,,,,,,,,,,,,,,,,,,,
tsk_260217210453764N8HRK,,Cost Optimization,CRP,FSP,"You are part of a consulting team advising Apex Auto Components Ltd., a mid-sized Tier-1 automotive supplier operating across North India. The company manufactures precision-machined transmission gears and synchronizer rings used in passenger vehicle gearboxes and supplies to leading automotive Original manufacturers.
 Over the past two quarters, the company has experienced a decline in operating margins despite stable production volumes. Preliminary internal reviews indicate that procurement costs have been a key driver of this margin compression. A significant portion of the raw material input—specifically alloy steel—is sourced from East Asian suppliers. This input accounts for approximately 25–30% of the total bill of materials for several high-volume product lines, making it a critical lever in overall cost competitiveness.
 The procurement team has historically maintained that imported material continues to offer a cost advantage over domestic sourcing, even after accounting for freight, customs duties, and inland logistics. However, this position is based on a cost model developed in early FY24, which has not been updated to reflect the recent macroeconomic movements.
 The CFO has raised concerns that the USD–INR exchange rate assumption used in the internal model may no longer be aligned with current market conditions. Given the recent depreciation in the currency, there is a risk that the existing cost benchmarks assume less as to the true cost of imports. If this is the case, the current sourcing strategy may be misaligned with market realities, potentially resulting in possible profit reduction.
 As the company approaches its annual supplier contracting cycle, the leadership team requires a fact-based reassessment to determine whether the current import-heavy strategy remains justified, or whether a shift toward domestic suppliers should be considered.
 To support the analysis, the client has provided the following internal documents:
 • Import cost structure – detailed breakdown of imported material costs, including base prices at origin, freight, customs duties, and exchange rate assumptions used in the current model
 • Domestic supplier quotes – recent commercial quotations from domestic suppliers, including base prices and delivered cost components
 • Procurement strategy memo – internal note summarizing sourcing rationale, cost assumptions, and the negotiation stance for the upcoming contracting cycle
 These documents represent the company’s current view of its sourcing strategy and cost structure.
 Your task is to review the internal cost data, assess the assumptions used in the landed cost model, and determine whether the existing import-based sourcing strategy remains cost-efficient. As part of this assessment, you are required to validate the exchange rate assumption used internally against the latest available USD–INR reference rate obtained from an authorized source such as the Reserve Bank of India (RBI).
 Using the validated exchange rate, you must recalculate the landed cost of imported material on a per metric ton basis, ensuring that all relevant cost components—including freight, duties, and inland logistics—are appropriately incorporated. This should then be compared against domestic supplier quotes on a like-for-like basis.
 Based on this analysis, you are required to:
 • Compare import and domestic sourcing costs on a consistent basis
 • Rank the available sourcing options in order of cost competitiveness
 • Provide a clear recommendation on whether the company should continue with its current sourcing mix, partially shift toward domestic suppliers, or pursue a broader localization strategy
 Your recommendation should be quantitative, defensible, and directly linked to the recalibrated cost structure, as it will inform the company’s negotiation approach in the upcoming supplier discussions.","The purpose of this step is to validate whether the recalculated cost outputs and resulting recommendation are numerically accurate, internally consistent, and directionally aligned with real-world market behaviour.
 
 Check 1: Validation of Exchange Rate Impact
 The internal model uses an exchange rate of approximately ₹78/USD, whereas the updated rate applied in the analysis is ₹83–84/USD.
 This represents a 6–8% increase in exchange rate (FX rate), which directly impacts the INR-converted cost of imports.
 Given that:
 • Imported material cost is largely USD-denominated
 • FX movement flows through the entire CIF value
 A corresponding increase of ₹4,000–₹6,000 per MT in landed cost is directionally consistent.
 The observed increase in recalculated import cost aligns with expected FX sensitivity.
 
 Check 2: Validation of Landed Cost Build-Up
 The landed cost has been reconstructed using the following structure:
 CIF (USD) → FX Conversion → Import Duty → Inland Logistics
 A sample validation confirms:
 • CIF values are correctly derived as Base Price + Freight
 • FX conversion is applied consistently across all entries
 • Import duty is calculated as a percentage of INR-converted value
 • Inland logistics is added as a fixed INR component
 No double counting or omission of cost elements is observed.
 
 Check 3: Comparison with Domestic Price Benchmarks
 Domestic supplier quotes fall within a narrow band of:
 ₹75,500 – ₹76,500 per MT
 This level of variation is:
 • Consistent with competitive industrial supplier markets
 • Indicative of stable input cost structures within India
 Recalculated import costs are higher by ₹6,000–₹10,000 per MT, which is a material and decision-relevant gap.
 The cost differential is both realistic and significant enough to justify a sourcing shift.
 Check 4: Directional Alignment with Market Behavior
 From a market standpoint:
 • Currency depreciation typically erodes import cost advantage
 • Domestic sourcing remains relatively insulated from FX volatility
 The outcome of the analysis — where imports lose cost competitiveness post FX correction — is consistent with expected economic behaviour.
 The recommendation is directionally aligned with macroeconomic trends.
 Check 5: Robustness of Recommendation
 Even under minor variations in assumptions:
 • A ±1 INR movement in FX rate would not materially change the cost ranking
 • Imports would continue to remain less competitive than domestic suppliers
 This indicates that the recommendation is:
 • Not overly sensitive to small input changes
 • Stable across reasonable fluctuation scenarios
 The sourcing recommendation is robust and defensible.
 
 Conclusion of Sanity Check
 The recalculated cost structure is internally consistent, economically logical, and aligned with current market conditions.
 The observed cost disadvantage of imports is driven by a validated and material shift in exchange rate assumptions, and the resulting recommendation to partially shift toward domestic sourcing is both quantitatively justified and strategically sound.","The objective of this analysis is to assess whether the current import-led sourcing strategy for alloy steel remains cost-efficient for Apex Auto Components Ltd. after incorporating the latest USD–INR exchange rate into the landed cost model.
 The company’s internal cost model is based on an exchange rate assumption that may no longer reflect prevailing market conditions. The analysis therefore requires revalidation of import landed costs and a comparison with domestic supplier quotations to determine the most cost-effective sourcing strategy.
 The output should establish the relative cost competitiveness of available sourcing options and support a clear, data-backed procurement recommendation.
 
 1. Establish the Procurement Cost Baseline
 The import cost structure file provides a detailed breakdown of cost components associated with imported alloy steel, including:
 • Supplier base price at origin
 • Ocean freight
 • Exchange rate assumption used in the model
 • Import duty
 • Inland logistics
 • Pre-calculated landed cost
 This dataset reflects the company’s current internal view of import economics and serves as the baseline for further analysis.
 2. Assess Reliability of Internal Assumptions
 A review of the dataset and the Procurement strategy memo indicates that the exchange rate embedded in the model is approximately:
 ₹78 per USD
 This assumption has not been updated to reflect recent currency movements. The memo highlights that deviations in the exchange rate can materially impact landed cost estimates.
 Accordingly, the existing landed cost values should be treated as indicative, and not relied upon for decision-making.
 3. Validate the Current Exchange Rate
 The latest USD – INR exchange rate should be obtained from an authorized source such as the Reserve Bank of India (RBI).
 Updated FX Rate = Latest USD–INR reference rate
 This updated rate will be used to recalculate import costs to reflect current market conditions.
 4. Recalculate Import Landed Cost
 The landed cost of imports is recalculated using the updated exchange rate, ensuring that all cost components are consistently applied.
 Landed Cost (₹ per MT)
 = (Base Price + Freight) × Updated FX Rate
 • Import Duty
 • Inland Logistics
 Where:
 • Cost , Insurance & Freight (USD per MT) = Base Price + Freight
 • INR Conversion = CIF × Updated FX Rate
 • Import Duty is applied as a percentage of the converted value
 This step ensures that the cost of imports reflects the true economic impact of currency movement.
 5. Normalize Domestic Supplier Costs
 The domestic supplier quotes file provides cost quotations from multiple domestic suppliers, including:
 • Base material price
 • Transportation and handling charges
 • Delivered cost per metric ton
 These values are already expressed in INR and represent fully loaded domestic sourcing costs, enabling direct comparison with recalculated import costs.
 
 6. Perform Cost Comparison and Ranking
 Recalculated import landed costs fall in the range of:
 ₹82,000 – ₹86,000 per MT
 Domestic supplier quotations are as follows:
 • Supplier A: ~₹75,500 per MT
 • Supplier B: ~₹76,200 per MT
 • Supplier C: ~₹76,500 per MT
 This indicates a cost disadvantage for imports in the range of:
 ₹6,000 – ₹10,000 per MT
 Based on the above, sourcing options can be ranked in order of cost competitiveness:
 1. Supplier A (Most competitive)
 2. Supplier B
 3. Supplier C
 4. Imports (Least competitive under current conditions)
 7. Evaluate Cost Drivers
 The increase in the USD–INR exchange rate has materially inflated the landed cost of imports, effectively eliminating the historical cost advantage.
 The analysis indicates that the perceived competitiveness of imports was primarily driven by an outdated exchange rate assumption, and does not hold under current market conditions.
 Domestic sourcing, being INR-denominated, remains relatively stable and is structurally more competitive in the current environment.
 
 8. Derive Sourcing Recommendation
 Based on the cost comparison and ranking, imports are no longer the most economical sourcing option for alloy steel.
 
 Final Recommendation
 The current import-led sourcing strategy is no longer cost-efficient when evaluated using updated exchange rate assumptions.
 Apex Auto Components Ltd. should:
 • Shift a portion of procurement volumes toward domestic suppliers, prioritizing the most competitive vendors
 • Use the recalibrated import landed cost as a benchmark for renegotiating international supplier contracts
 • Reduce exposure to foreign exchange volatility by diversifying the sourcing mix
 This approach aligns sourcing decisions with current market conditions and supports margin stabilization in the near term.",https://drive.google.com/drive/folders/1HuaKBUWbZAUseGOvBZym8E98l7gAD9z4?usp=drive_link,"V1- Exchange rate used = ₹83–84/USD (RBI reference rate), not ₹78/USD from internal model,
 V2- CIF value correctly computed as sum of base price and ocean freight (USD per MT),
 V3- INR conversion applied using updated exchange rate consistently across all import cost calculations,
 V4- Import duty calculated as a percentage of INR-converted CIF value (not applied on USD base),
 V5- Inland logistics cost incorporated as an incremental INR component with no double counting,
 V6- Recalculated import landed cost falls within the range of ₹82,000–₹86,000 per MT,
 V7- Domestic supplier delivered cost range correctly identified as ₹75,500–₹76,500 per MT,
 V8- Cost differential between import and domestic sourcing calculated at ₹6,000–₹10,000 per MT (imports higher),
 V9- Supplier ranking correctly identifies Supplier A as most cost-competitive and imports as least competitive,
 V10- FX movement explicitly identified as the primary driver of change in cost competitiveness,
 V11- Cost comparison performed on a like-for-like basis (fully loaded landed vs delivered cost),
 V12- Final recommendation explicitly states a shift toward domestic sourcing based on cost disadvantage of imports",,,,,,,,,,,,,,,,,,,,,,,,,,,,,,,,,,,,,,,,,,
tsk_260217210453764SAZYC,,Cost Optimization,CRP,SCP,"Minimum Wage Cost – Delhi Manufacturing Facility
 
 Client Discussion - 
 
 We have been reached out by a mid-sized automotive components manufacturer operating in the Okhla Industrial Area, Delhi. The plant relies extensively on contract labour for shop-floor material handling, packaging, and dispatch operations.
 During the FY25 budgeting and cost-baselining exercise, the CFO flagged a potential risk that the daily wage rate currently used in the ERP payroll system for unskilled contract labour may be based on an outdated statutory reference. Internal records indicate that the last documented wage review was conducted in April 2023.
 If the wage assumption is no longer aligned with the applicable statutory minimum wage, the company faces the following exposures:
 • Statutory non-compliance risk
 • Understatement of annual labour costs in budget forecasts
 • Wrong reporting of EBITDA and cost benchmarks used for internal decision-making
 Management has therefore requested an independent revalidation of the unskilled labour wage baseline currently used for payroll processing and budgeting purposes.
 
 Task
 The objective of this engagement is to assess whether the daily wage rate currently applied in the ERP system for 180 unskilled contract workers is aligned with the correct statutory minimum wage notification applicable to manufacturing / industrial establishments in Delhi.
 This assessment will require:
 1. Identifying the existing daily wage rate reflected in the internal payroll extract.
 2. Retrieving the applicable minimum wage notification for unskilled workers engaged in manufacturing / industrial establishments, issued by the Government of NCT of Delhi – Labour Department.
 3. Validating that the notification selected:
 • Applies specifically to manufacturing / industrial establishments
 • Is effective during the FY25 budgeting period
 • Represents the most recent notification within that specific category applicable during the FY25 budgeting period
 4. Recalculating the annual labour cost using the validated statutory daily wage.
 5. Quantifying the absolute and percentage variance between the current and revised annual labour cost.
 The analysis should clearly quantify the financial impact of updating the wage baseline, where applicable.
 
 Constraints 
 • The statutory minimum wage must be sourced exclusively from the official website of the Government of NCT of Delhi – Labour Department.
 • Only the notification explicitly applicable to manufacturing / industrial establishments is permitted.
 • The Labour Department website hosts multiple wage-related documents, including consolidated wage tables, sector-agnostic summaries, archived circulars, and category-wise schedules.
 • Use of an incorrect notification (even if sourced from the same official website) will be treated as an error, irrespective of whether the wage value appears numerically correct.
 • Secondary sources such as news articles, compliance blogs, legal summaries, or third-party portals are strictly prohibited.
 • The response must explicitly cite:
 o The exact notification title
 o The notification URL
 o The effective date of the notification
 • No additional cost elements (PF, bonus, overtime, allowances, escalation factors, or loadings) are to be included.
 • The computation must rely strictly on the statutory daily wage rate as notified.
 
 Output Format
 The final output must be presented strictly as a single table, with no accompanying narrative or commentary, covering the following fields:
 Item Value
 Internal Daily Wage (₹) 
 Official Notified Daily Wage (₹) 
 Annual Cost – Current (₹) 
 Annual Cost – Revised (₹) 
 Absolute Variance (₹) 
 % Increase in Labour Cost 
 Source URL 
 Notification Effective Date 
 
 Computation Assumptions (Fixed)
 • Number of unskilled workers: 180
 • Working days per month: 26
 • Number of months per year: 12
 The annual labour cost must be calculated strictly using the above assumptions and the daily wage rate only. No additional components are to be introduced.","At first glance, this looks like a straightforward minimum wage validation exercise. In practice, the complexity lies less in the calculation and more in identifying the correct statutory reference.
 The Delhi Labour Department website hosts multiple wage-related documents at any given point in time—consolidated wage tables, sector-neutral summaries, archived notifications, and category-specific circulars. While several of these documents may quote similar wage figures, not all of them are legally applicable to manufacturing establishments or relevant for the FY25 budgeting period.
 As a result, simply locating a wage number is insufficient. The analysis requires careful judgment to determine whether the notification itself is the correct one for the workforce and time period in question.
 
 A superficial or undisciplined approach is likely to go wrong in predictable ways
 • Pull the wage figure from a consolidated minimum wage table without checking sector applicability.
 • Use an older notification because it appears prominently on the website.
 • Select a document that applies to a different category of establishments, assuming the wage is interchangeable.
 In all of these cases, the output may look reasonable at first glance, but it would still be incorrect because the source itself is wrong
 
 A consultant following the brief properly would:
 • Use the internal payroll data only to establish the current wage baseline.
 • Restrict external research strictly to the permitted statutory source.
 • Review the notification context before extracting any numbers—specifically checking sector coverage, effective date, and whether the circular is current.
 • Disregard consolidated tables or archived documents, even if they contain similar wage values.
 • Recalculate the annual labour cost only after confirming that the correct notification has been selected.
 Once the correct notification is identified, the rest of the analysis is mechanical and leads to a single, clear outcome.","The objective of this analysis is to determine whether the daily wage rate currently put in the ERP system for unskilled contract labour is aligned with the legally applicable statutory minimum wage notification for manufacturing establishments in Delhi. 
 This exercise requires a hybrid approach –
 Internal payroll records are first used to establish the labour cost baseline currently applied for budgeting and payroll processing, after which a constrained external validation must be carried out using the official minimum wage notifications issued by the Government of NCT of Delhi Labour Department. The main analytical risk in this task is not the arithmetic but identifying the correct and relevant notification since the Labour Department website has multiple wage-related documents including consolidated tables, archived circulars and sector-neutral summaries that may contain similar wage figures but are not necessarily applicable to manufacturing establishments.
 The analysis begins by confirming the internal wage baseline using the payroll excel DL_Payroll_Extract_Q1FY25.
  Based on the internal dataset, the relevant parameters are – 
 Worker category classified as unskilled, a total headcount of 180 contract workers, a daily wage of ₹642 currently applied within the ERP payroll system, and internal documentation indicating that the last formal wage review was conducted in April 2023. These parameters establish the wage assumption currently embedded in both payroll processing and the FY25 labour cost model.
 The next step is to identify the applicable statutory reference. This requires accessing the official Labour Department website of the Government of NCT of Delhi and reviewing the available minimum wage notifications. Before extracting any wage figure, the notification must be validated against four conditions. It must explicitly apply to manufacturing or industrial establishments, it must cover the unskilled worker category, it must be effective during the FY25 budgeting period and it must represent the most recent notification applicable to that category. The Labour Department website contains several documents that should not be used for this exercise, including consolidated wage tables, sector-neutral summaries and archived or superseded circulars. Selecting a document that does not meet the above conditions should be treated as an error, even if the wage number appears similar to the correct value. Once the correct notification is identified, the statutory daily wage for unskilled workers should be recorded together with the notification title, the exact source URL and the effective date of the circular.
 After confirming the statutory wage, the current annual labour cost is calculated using the internal wage baseline and the fixed assumptions provided in the prompt: 180 workers, 26 working days per month and 12 months per year. The resulting calculation is:
 180 × 642 × 26 × 12 = ₹36,054,720.
 This represents the labour cost currently present in the FY25 budget assumptions.
 The annual labour cost is then recalculated using the statutory daily wage extracted from the validated notification. The same assumptions are taken, resulting in the formula:
 180 × statutory daily wage × 26 × 12,
 
 180 × statutory daily wage × 312 working days.
 No additional cost elements should be introduced in this calculation. In particular, the analysis must not include PF contributions, overtime payments, allowances, bonuses or escalation factors. The computation must rely strictly on the notified statutory daily wage.
 Once both values are established, the financial impact of updating the wage baseline can be quantified. The absolute variance is calculated as the revised annual labour cost minus the current annual labour cost. The percentage increase is then derived by dividing the absolute variance by the current annual labour cost and multiplying the result by 100. This provides a clear estimate of the cost adjustment required to align the organisation’s labour baseline with the applicable statutory wage requirement.
 External data used in the analysis must be sourced exclusively from the official minimum wage notifications issued by the Government of NCT of Delhi Labour Department. The primary analytical challenge in this task is ensuring that the correct notification has been selected, rather than performing the calculations once the wage figure is identified. As specified in the prompt, the expected model output should be presented strictly as a single table containing the defined fields:
  Internal Daily Wage, Official Notified Daily Wage, Annual Cost – Current, Annual Cost – Revised, Absolute Variance, Percentage Increase in Labour Cost, Source URL and Notification Effective Date.
 For validation purposes, the baseline annual labour cost must reconcile to ₹36,054,720 using the formula 180 × 642 × 312. The revised annual labour cost must reconcile to 180 × statutory daily wage × 312, with only minor rounding permitted. Based on the applicable statutory notification for unskilled workers in manufacturing establishments in Delhi, the official notified daily wage should fall within a range of ₹673 to ₹674. Using this range, the revised annual labour cost should fall approximately between ₹37,790,000 and ₹37,850,000. The resulting variance should fall between roughly ₹17,30,000 and ₹18,00,000, corresponding to an approximate labour cost increase of about 4.8% to 5.0%. Any response producing values materially outside these ranges, is relying on an incorrect notification, omitting the source citation or introducing additional cost components should be treated as incorrect.",https://drive.google.com/drive/folders/1ogWV2LHdJcudsCJzxC2v7IUJV5isqcsV?usp=drive_link,"V1- Internal daily wage correctly identified as ₹642 from payroll extract,
 V2- Statutory daily wage correctly extracted for unskilled workers under manufacturing / industrial establishments and falls within ₹673–₹674,
 V3- Selected notification explicitly applies to manufacturing / industrial establishments (not sector-neutral or consolidated table),
 V4- Notification effective date falls within the FY25 budgeting period,
 V5- Notification used is the most recent applicable circular for the specified category (not an archived or superseded document)
 V6-Source URL provided corresponds to the official Government of NCT of Delhi – Labor Department website,
 V7- Current annual labor cost correctly calculated as ₹36,054,720 using 180 × 642 × 26 × 12,
 V8- Revised annual labor cost falls within ₹37,790,000–₹37,850,000 based on statutory wage and fixed assumptions
 V9- Absolute variance between revised and current cost falls within ₹17,30,000–₹18,00,000,
 V10- Percentage increase in labor cost falls within 4.8%–5.0%
 V11- No additional cost components (PF, bonus, overtime, allowances, escalation) included in computation,
 V12- Final output strictly presented as a single table with all required fields and no additional narrative",,,,,,,,,,,,,,,,,,,,,,,,,,,,,,,,,,,,,,,,,,
tsk_2602172105160743JYR7,,Financial Modeling,LDP,RCP,"Context: 
 You are a financial analyst experienced in reading and understanding annual reports of companies. You have been provided with the income statement data of a company for a few years in the files Income_statement_FY-2016-17, Income_statement_FY-2017-18.xlsx, Income_statement_FY-2018-19.xlsx, Income_statement_FY-2019-20.xlsx, and a sample set of calculations in Sample_Income_Statement.xlsx. Your task is to extend the model to the next 5 years using the data from the income statements while incorporating scenario analysis.
 Output Format: 
 Your output will be a Microsoft Excel sheet with the following sheets “Raw Data”, “Income Statement Model”,”Scenario Selection”, and “Calculation Logic”. 
 The data in the income statement files are to be placed in “Raw Data” tab. The “Income Statement Model” tab will have the data for the base as well as the projection period so that continuity is maintained. The ”Scenario Selection” tab will contain the base, best, and worst cases for all the line items for projections, with a dropdown toggle cell for each case for each line item. 
 Solution Approach: 
 Complete the task in the following steps
 1. Step-1: Line Item Classification
 All the line items where figures are hardcoded are subject to projection, and items that are calculated will have the same logic. Also, identify if the line items identified for projection are being added or subtracted in the subsequent calculations. Remember that the logic for addition/subtraction should remain such that the values for the base period tally perfectly with the raw data.
 2. Step-2: Revenue Projection Factor: Base Case
 Calculate the YoY growth of revenue for all years. For each of the periods in the projection period, the revenue growth will be calculated as the moving average of the past 4 years. Please note that this moving average will also flow into the projection period. For example, the factor for 2nd year of projection period will have last 3 years of base period, as well as the first year of the projection period. Add this data in the ”Scenario Selection” as the Base Case for Revenue Projection.
 3. Step-3: Projection factors for the other line items: Base Case
 For all the line items relevant for projection other than revenue, calculate the proportion with respect to the revenue for the same year within the base period for all line items other than taxes. For taxes, the proportion will be calculated with respect to the corresponding base values. The moving average of this proportion for the past 4 periods will be used to calculate the value of the line item from the revenue for that period. Add these data in the ”Scenario Selection” as the Base Case for the corresponding line item.
 4. Step-4: Best Case and Worst Case Factors
 For items that are added in the steps for profit calculation, add the best case as 120% of the base case factor and the worst case as 80% of the base case factor. The treatment for the items that are subtracted in the steps for profit calculation will be the reverse. Add these data in the ”Scenario Selection” as the Base Case for the corresponding line item.
 5. Step-5: Projection Calculation
 For all the line factors, add a toggle cell to select base/best or worst case. Accordingly, the factors should be selected for the calculation of the line items in the “Income Statement Model” sheet for each of the projection periods.
 6. Step-5: Metric Calculation 
 After model finalization, calculate metrics like EBITDA, EBIT, EBITDA margin, Gross Profit Margin and net profit margin at the end.
 Constraints:
 7. All the data mentioned above must be calculated using formulae, and hardcoded data is not allowed for any of these.
 8. Do not search the web for any data. Restrict search within the documents attached. 
 Output Validations:
 9. Run a final check before producing the output to ensure that in the “Income Statement Model” the key metrics are not hardcoded, have relevant values and the calculations are free of circular references.
 10. Do not forget to add the calculation logic that allowed you to transform the raw data into the income statement model in the “Calculation Logic” tab.
 11. Ensure that there are no external links in your output.","This prompt tries to implement one of the most common quantitative techniques of forecasting, i.e., moving average, for creating a complete projection model for the income statement using expense ratios. This task tests both the LLM’s ability to extract financial logic from spreadsheets with formulae, and iteratively use its own calculations to achieve the target. It also tests the model’s ability to incorporate practical modelling techniques like scenario analysis and the associated nuances of spreadsheet functionalities like match and offset.
 Lazy AI fails in this task because, in the absence of explicitly stated financial logic in the prompt, the prompt, the LLM needs to identify the formulae in the supplied excel and combine its financial logic to keep calculating the subtotals iteratively until there is no margin of error. The use of calculated values within the projection period for moving average calculation is another logic that the Lazy AI fails to implement, as it ends up considering a flat value, that is the average of all the values in the base period as the constant value for each period in the projection window.
 The sample result was produced using Claude Sonnet 4.6, the latest flagship model from Anthropic. This output was considered the best after comparing outputs from Gemini 3 and GPT 5.2.","• Step 1: Data Ingestion
 Copy the raw data from Income_statement_FY-2016-17.xlsx, Income_statement_FY-2017-18.xlsx, Income_statement_FY-2018-19.xlsx, Income_statement_FY-2019-20.xlsx. The line items for which the values are hardcoded are subject to projection. The subtotals will have the same calculation logic as the base period.
 • Step 2: Revenue Growth calculation for the base period
 For each period in the base period, calculate revenue growth as:
 (Revenue_Current_Year / Revenue_Previous_Year) – 1
 • Step 3: Expense ratio calculation for line items subject to projection other than revenues, current tax, and deferred tax:
 For all items other than Current and Deferred taxes, calculate the ratio with respect to the revenue.
 For Current and Deferred taxes, use Profit Before Taxes as the denominator instead of the revenue.
 • Step-4: Calculate moving averages for Base Period
 For all the factors, calculate the moving average for the past 4 periods and drag the formula it for all the periods in the projection period.
 • Step-5: Add Best and Worst Cases
 For each line item that contributes positively towards the net profit, best case factor for each period within the projection window is 1.2 times the base factor, and the worst-case factor for each period within the projection window is 0.8 times the base factor. The reverse treatment is applicable for line items that contribute negatively towards the net profit.
 • Step-6: Feedback to original model for projections
 Calculate all the projection line items by feeding in the calculated factors.
 For revenue for each year in the projection window, use the formula:
 Revenue_Previous_Year*(1+Revenue_Growth_Factor)
 For other line items (except for taxes) for each year in the projection window, use the formula:
 Revenue_Curent_Year*(Corresponding_Revenue_Ratio_For_the_Year)
 For taxes for each year in the projection window, use the formula:
 Profit_Before_Taxes_Curent_Year*(Corresponding_Revenue_Ratio_For_the_Year)
 • Step-7: Subtotal Calculation
 Calculate the subtotals using the same formulae as the base period.",https://drive.google.com/drive/folders/1YiGDEt6YRUXDL13_inJ-tGjwgAhbQWLo?usp=drive_link,"V1-Consolidated Profit/Loss After MI & Assoc. for the base periods in the ""Income Statement Model"" tab matches those in ""Raw Data"" tab exactly indicating clear inference of the financial logic required for the task,
 V2-Absence of circular references in the ""Income Statement Model"" tab to ensure that the financial logic for drafting an income statement was used to derive the value of Consolidated Profit/Loss After MI & Assoc., EBITDA, EBIT, EBITDA margin, Gross Profit Margin, and the calculations were not constrained with reference to the corresponding values from ""Raw Data"" tab to eliminate variance,
 V3-YOY Revenue growth rates correctly calculated for the base period in ""Scenario Selection"" tab [9.43%,17.97%,3.47% & -5.69%] respectively for [FY2017,FY2018,FY2019,FY2020] along with indication of the absence of necessary data for calculation of the same for FY2016,
 V4-Items relevant for projections other than revenue (only item specified explicitly in prompt) identified correctly [Cost Of Materials Consumed,
 V5-Correct lookback period of 4 years for base case projections in for all projection relevant line items in ""Scenario Selection"" tab,
 V6-Scenario selection available as dropdown - scenario is not required to be typed in explicit,
 V7-For items that are subtracted from the total revenue to reach Consolidated Profit/Loss After MI & Assoc., factor of 0.8 is used to derive the expense ratio for best case and factor of 1.2 is used for the worst case in accordance,
 V8-For items that are added to the total revenue to reach Consolidated Profit/Loss After MI & Assoc., factor of 1.2 is used to derive the expense ratio for best case and factor of 0.8 is used for the worst case in accordance,
 V9-Expense ratios for current and deferred taxes use profit before taxes as the base not the revenue such that ,
 V10-Data labellings are correct across tabs to ensure continuity in logical interpretation",,,,,,,,,,,,,,,,,,,,,,,,,,,,,,,,,,,,,,,,,,
tsk_260220224715036JDDBH,,Cost Optimization,SCP,FSP,"CONTEXT:
 - Client: AeroKart Logistics operates three fulfillment sites (PHX1 Phoenix AZ, DFW2 Dallas TX, ATL3 Atlanta GA).
 - Situation: CFO needs a board-ready decision on whether to accept the FY2025 electricity procurement proposal for PHX1 while executing a demand/efficiency program network-wide.
 - Inputs provided: (1) FY2024 facility energy profile, (2) internal procurement policy memo with risk guardrails and an operational-critical override, and (3) an energy cost model workbook that defines levers and bridge structure.
 
 TASK:
 Using the attached internal files AND one required external benchmark:
 1) Build the FY2024 run-rate electricity baseline for the three sites from the energy profile (excluding pilots).
 2) Model the FY2025 tariff-basis cost using the proposed 2025 rates and the demand charge assumptions in the workbook.
 3) Quantify the FY2025 run-rate impact of levers L1-L4 exactly as specified in the workbook.
 4) Reconcile baseline-to-post‑lever cost into the bridge structure.
 5) Culminate in a definitive WALK‑AWAY THRESHOLD decision for PHX1: ACCEPT vs WALK AWAY from the proposed PHX1 contract rate, using the explicit decision rules below.
 
 DECISION RULES (no “it depends”):
 - PHX1 decision must be:
  - ""ACCEPT"" if the PHX1 delivered energy rate (cents/kWh) is ≤ (AZ industrial benchmark + 1.0 cents/kWh), AND total run‑rate savings ≥ Target_RunRate_Savings_USD.
  - Otherwise ""WALK AWAY"".
 - The decision must appear verbatim in decision.recommendation and the exec_summary.headline must start with:
  ""Recommendation: ACCEPT - ..."" OR ""Recommendation: WALK AWAY - ...""
 
 CONSTRAINTS (violations are failures):
 A) HYBRID WEB REQUIREMENT (mandatory):
 - Retrieve the Arizona Industrial electricity price for the year 2024 (cents/kWh) from EIA Table 2.10 and cite the URL used.
 - Ignore the benchmark placeholder embedded in the workbook Parameters tab (it is a placeholder, not the actual value).
 
 B) INTERNAL DATA DISCIPLINE (baseline + lever bases):
 - Use 01_Facility_Energy_Profile_2024.csv as the ONLY source for kWh, peak kW, and on-peak share.
 - Exclude any rows where Notes == ""Pilot"" from baseline and lever calculations.
 
 C) POLICY GUARDRAILS (must be reflected in compliance checks):
 - Use 02_Energy_Procurement_Policy_Memo.pdf to populate evidence for:
  - PC1 variable exposure cap (including the PHX1 Operationally Critical override),
  - PC2 one-time cost treatment (must not be netted into run-rate),
  - PC3 benchmark discipline and exception handling.
 
 D) LEVERS (do not add/remove; do not restate formulas here):
 - Use ONLY levers L1-L4 and their assumptions exactly as specified in:
  03_Energy_Cost_Model.xlsx → sheet ""Lever_Assumptions""
 - Do not introduce additional levers or alternative assumptions.
 
 E) STRUCTURAL COMPLIANCE (SCP trap):
 - You must produce BOTH outputs:
  1) one JSON object matching the schema below (no extra keys, no missing keys, keep ordering), AND
  2) a 7-row bridge table with the exact columns and reconciliation rule.
 - Any schema drift (extra keys, wrong key order, wrong datatypes, missing rows, broken reconciliation) = non-compliant.
 
 OUTPUT FORMAT (two parts; both mandatory):
 
 PART 1 - JSON (return as a single JSON object; no markdown):
 {
  ""meta"": {
  ""task_id"": ""DAI_CO_SCP_003"",
  ""currency"": ""USD"",
  ""external_benchmark"": {
  ""benchmark_name"": ""EIA Table 2.10 - Arizona Industrial electricity price (2024)"",
  ""value_cents_per_kWh"": <number>,
  ""source_url"": ""<string>""
  }
  },
  ""baseline"": {
  ""scope_definition"": {
  ""pilot_exclusion_rule"": ""Notes != 'Pilot'"",
  ""time_period"": ""FY2024"",
  ""data_source_file"": ""01_Facility_Energy_Profile_2024.csv""
  },
  ""fy2025_tariff_basis_baseline_usd"": <number>
  },
  ""levers"": [
  {
  ""lever_id"": ""L1"",
  ""lever_name"": ""Peak demand shaving (controls)"",
  ""run_rate_impact_2025_usd"": <number>,
  ""assumption_reference"": ""03_Energy_Cost_Model.xlsx: Lever_Assumptions""
  },
  {
  ""lever_id"": ""L2"",
  ""lever_name"": ""LED + controls retrofit"",
  ""run_rate_impact_2025_usd"": <number>,
  ""assumption_reference"": ""03_Energy_Cost_Model.xlsx: Lever_Assumptions""
  },
  {
  ""lever_id"": ""L3"",
  ""lever_name"": ""Scheduling optimization (on-peak)"",
  ""run_rate_impact_2025_usd"": <number>,
  ""assumption_reference"": ""03_Energy_Cost_Model.xlsx: Lever_Assumptions""
  },
  {
  ""lever_id"": ""L4"",
  ""lever_name"": ""Procurement renegotiation vs benchmark (PHX1)"",
  ""run_rate_impact_2025_usd"": <number>,
  ""assumption_reference"": ""03_Energy_Cost_Model.xlsx: Lever_Assumptions""
  }
  ],
  ""bridge"": {
  ""total_run_rate_savings_2025_usd"": <number>,
  ""new_run_rate_cost_2025_usd"": <number>,
  ""one_time_implementation_cost_usd"": 310000,
  ""policy_compliance_checks"": [
  {
  ""check_id"": ""PC1"",
  ""check_name"": ""Variable exposure cap (PHX1 override)"",
  ""result"": ""PASS|FAIL"",
  ""evidence"": ""<string>""
  },
  {
  ""check_id"": ""PC2"",
  ""check_name"": ""One-time costs shown separately"",
  ""result"": ""PASS|FAIL"",
  ""evidence"": ""<string>""
  },
  {
  ""check_id"": ""PC3"",
  ""check_name"": ""Benchmark discipline + exception handling"",
  ""result"": ""PASS|FAIL"",
  ""evidence"": ""<string>""
  }
  ]
  },
  ""decision"": {
  ""decision_archetype"": ""Walk-Away Threshold"",
  ""recommendation"": ""ACCEPT|WALK AWAY"",
  ""walk_away_threshold_cents_per_kWh"": <number>,
  ""decision_driver_summary"": [""<bullet1>"",""<bullet2>"",""<bullet3>""]
  },
  ""exec_summary"": {
  ""headline"": ""<MUST start with 'Recommendation: ACCEPT' or 'Recommendation: WALK AWAY'>"",
  ""top_3_insights"": [""<insight1>"",""<insight2>"",""<insight3>""],
  ""key_risks"": [""<risk1>"",""<risk2>""],
  ""assumptions"": [""<assumption1>"",""<assumption2>"",""<assumption3>""]
  }
 }
 
 PART 2 - Bridge Table (plain text; fixed columns; 7 rows exactly):
 Columns (use EXACT order): Step_Order | Bridge_Item | USD_2025 | Sign | Notes
 - Step_Order must be 1..7
 - Reconciliation: Row6 = Row1 - (Rows2+Rows3+Rows4+Rows5)
 - Row7 is a one-time cost and must NOT be netted into Row6","Why this task is difficult (and what it tests):
 - Hybrid bridge: the walk-away threshold depends on an external public benchmark (EIA Table 2.10 - Arizona Industrial electricity price for 2024). The workbook contains a placeholder benchmark, so web retrieval + citation is mandatory.
 - Noise + filtering: the energy profile CSV contains operational noise columns (e.g., Temp_Setpoint_F, Shift_Pattern, Meter_ID) and rows tagged Notes==""Pilot"" that must be excluded from baseline and all lever impacts.
 - Policy conflict resolution: the policy memo includes 'Footnote A' vs 'Footnote B' conflict, and the Appendix labels PHX1 as Operationally Critical. The correct application is 'Footnote B', overriding 'Footnote A' for PHX1 (variable exposure cap logic).
 - Structural compliance: the answer must match a rigid JSON schema and a 7-row bridge that reconciles exactly; any key drift or broken Row6 reconciliation is an SCP failure.
 
 Lazy AI must fail (expected failure modes):
 - Uses the workbook’s benchmark placeholder (99.99) instead of fetching the EIA AZ 2024 Industrial benchmark → wrong walk-away threshold and wrong ACCEPT/WALK AWAY decision.
 - Includes Pilot rows in baseline or lever calculations → inflated/deflated baseline and incorrect run-rate savings.
 - Treats noise rows in the Lever_Assumptions tab (N1–N16) as real levers or introduces extra levers → schema mismatch / incorrect bridge math.
 - Misapplies 'Footnote A' exception to PHX1 despite the “Operationally Critical” Appendix and 'Footnote B' override → incorrect compliance checks and wrong recommendation.
 - Produces a hedged recommendation (“it depends”) or fails to start exec_summary.headline with the required “Recommendation: ACCEPT …” / “Recommendation: WALK AWAY …” string.
 
 Expert must pass:
 - If the solver (a) fetches and cites the EIA AZ Industrial 2024 benchmark, (b) excludes Notes==""Pilot"" rows, (c) applies only L1–L4 from Lever_Assumptions while ignoring noise rows, (d) applies Footnote B override for PHX1, and (e) returns the exact JSON + reconciled 7-row bridge, then the outcome is deterministic within the stated Golden Answer Ranges and yields a single correct walk-away decision.","Decision Archetype: Walk-Away Threshold
 
 External data:
 - EIA Table 2.10 (Electricity Annual) - Arizona Industrial electricity price, year 2024 (cents per kilowatthour)
  - Value to use for grading: 7.90
  - Source page: https://www.eia.gov/electricity/annual/html/epa_02_10.html
  - Verified in table row 'Arizona' under Industrial 2024
 
 Internal references:
 - 01_Facility_Energy_Profile_2024.csv
  - Pilot exclusion: Notes != ""Pilot""
  - Inputs: Total_kWh, Peak_kW, On_Peak_Share
 - 03_Energy_Cost_Model.xlsx
  - Parameters tab: proposed 2025 rates, demand charge, target savings threshold, and benchmark placeholder (to be ignored)
  - Lever_Assumptions tab: L1-L4 assumptions (apply as stated)
  - Bridge_Template tab: required 7-row bridge layout
 - 02_Energy_Procurement_Policy_Memo.pdf
  - Use Clause 2-4 + Appendix and Footnotes A/B to populate PC1-PC3 evidence
 
 Verification trace:
 1) Filter the energy profile to Notes != ""Pilot"".
 2) Compute FY2025 tariff-basis baseline cost using workbook Parameters (proposed rates + demand charge) applied to kWh and peak kW inputs.
 3) Apply lever impacts using Lever_Assumptions:
  - L1 reduces peak kW (demand charges)
  - L2 reduces total kWh
  - L3 reduces on-peak share (rate improvement per assumption)
  - L4 applies procurement rate discipline for PHX1 using the external EIA benchmark
 4) Total run-rate savings = L1 + L2 + L3 + L4; New run-rate cost = baseline - total savings.
 5) Decision:
  - Walk-away threshold (PHX1) = (AZ benchmark 7.90 + 1.00) = 8.90 cents/kWh
  - Recommendation = ACCEPT if PHX1 rate ≤ 8.90 AND total savings ≥ Target_RunRate_Savings_USD; else WALK AWAY
 
 Golden Answer Ranges:
 - FY2025 tariff-basis baseline (USD): 5404930.56 ± 25.00
 - Total run-rate savings (USD): 263663.51 ± 25.00
 - New run-rate cost (USD): 5141267.05 ± 25.00
 - Walk-away threshold PHX1 (cents/kWh): 8.90 ± 0.01
 
 Expected recommendation outcome:
 - Recommendation should be WALK AWAY (PHX1 proposed rate 9.10 exceeds the threshold 8.90; savings threshold is not met).",https://drive.google.com/drive/folders/1C1PrljQW3egTDw3WEP6eY8MIMhd4WZWY?usp=sharing,"V1 - AZ Industrial electricity price for 2024 must be sourced from EIA Table 2.10 and cited (not the workbook placeholder),
 V2 - Workbook benchmark placeholder value 99.99 must NOT be used,
 V3 - Correct benchmark value used must be 7.90 cents/kWh (EIA Table 2.10),
 V4 - Walk-away threshold for PHX1 must equal (benchmark + 1.0) = 8.90 cents/kWh,
 V5 - PHX1 proposed rate is 9.10 cents/kWh (Parameters tab),
 V6 - Decision must be WALK AWAY because 9.10 > 8.90 (regardless of savings outcome),
 V7 - Notes==""Pilot"" rows must be excluded from baseline and all lever calculations,
 V8 - PHX1 must be treated as Operationally Critical and Footnote B must override Footnote A in PC1 evidence,
 V9 - PC1 evidence must explicitly address variable exposure cap requirements (including the PHX1 override) from the policy memo,
 V10 - One-time implementation cost must be 310000 and must NOT be netted into run-rate (PC2),
 V11 - Demand charge must be 19.50 USD/kW-month (Parameters tab),
 V12 - L1 must reduce Peak_kW by 6.0% for PHX1 and 4.0% for DFW2/ATL3,
 V13 - L2 must reduce Total_kWh by 3.2% for all sites,
 V14 - L3 must reduce On_Peak_Share by 0.03 (absolute) without increasing total kWh,
 V15 - Only L1-L4 may be applied; noise rows N1-N16 must be ignored,
 V16 - Output must include strict JSON schema with no extra/missing keys plus a 7-row bridge; Row6 must reconcile as Row1 - (Row2+Row3+Row4+Row5).",,,,,,,,,,,,,,,,,,,,,,,,,,,,,,,,,,,,,,,,,,
tsk_2602202247150360COQL,,Cost Optimization,SCP,FSP,"CONTEXT:
 - Client: AeroKart Logistics (mid‑market 3PL) runs 3 fulfillment sites (PHX1, DFW2, ATL3) with recurring inbound replenishment into cross-docks.
 - Situation: The COO is pushing a FY2025 transportation cost reset. Finance wants a board-ready recommendation, not a discussion.
 - Inputs provided: (1) FY2024 TMS shipment log, (2) internal transportation policy memo (with exceptions + a Critical lane appendix), (3) an optimization workbook that defines levers and the bridge template.
 
 TASK:
 Using the attached internal files AND one required external datapoint, produce a fully structured deliverable that:
 1) Builds the FY2024 run‑rate inbound freight baseline from the TMS log (excluding pilots).
 2) Normalizes the baseline to a FY2025 basis using the required external diesel index (see Constraints).
 3) Quantifies the FY2025 run‑rate impact of levers L1–L4 exactly as specified in the workbook.
 4) Reconciles baseline-to-post‑lever spend into the provided bridge structure.
 5) Culminates in a definitive BOARD RECOMMENDATION: APPROVE vs DO NOT APPROVE the lever package for FY2025, using the decision rules below.
 
 DECISION RULES (no “it depends”):
 - Use these fixed thresholds:
  - Target_RunRate_Savings_USD = 200,000
  - Min_OnTime_Performance_pct = 90.0
 - Recommend APPROVE only if ALL are true:
  (i) total FY2025 run‑rate savings ≥ 200,000,
  (ii) overall FY2024 on‑time performance (excluding Pilot) ≥ 90.0,
  (iii) all policy compliance checks PC1–PC3 are PASS.
 - Otherwise, recommend DO NOT APPROVE.
 - The recommendation must be explicit and must appear in exec_summary.headline beginning with:
  ""Recommendation: APPROVE - ..."" OR ""Recommendation: DO NOT APPROVE - ...""
 
 CONSTRAINTS (violations are failures):
 A) HYBRID WEB REQUIREMENT (mandatory)
 - Retrieve the EIA weekly U.S. No.2 Diesel retail price for the week of 2025-01-06 and cite the URL used.
 - Ignore the diesel price placeholder embedded in the workbook Parameters tab (it is a placeholder, not the actual value).
 
 B) INTERNAL DATA DISCIPLINE (baseline + lever bases):
 - Use 01_TMS_ShipmentLog_2024.csv as the ONLY source for baseline shipment costs and service performance.
 - Exclude any rows where Notes == ""Pilot"" from baseline and lever calculations.
 - Do not infer or add lanes that are not present in the TMS log.
 
 C) POLICY GUARDRAILS (must be reflected in compliance checks):
 - Use 02_Transportation_Policy_Memo.pdf to populate evidence for:
  - PC1 carrier concentration caps on top lanes,
  - PC2 dual-source requirement on top lanes,
  - PC3 exception handling (PHX1→LAX exception vs Critical-lane override).
 - Note: The memo’s Appendix explicitly defines which lanes are “Critical” (use only those lanes for Footnote B).
 
 D) LEVERS (do not add/remove; do not restate formulas here):
 - Use ONLY levers L1–L4 and their assumptions exactly as specified in:
  03_Lane_Optimization_Model.xlsx → sheet ""Lever_Assumptions""
 - Do not introduce additional levers or alternative assumptions.
 
 E) STRUCTURAL COMPLIANCE (SCP trap):
 - You must produce BOTH outputs:
  1) one JSON object matching the schema below (no extra keys, no missing keys, keep ordering), AND
  2) a 7-row bridge table with the exact columns and reconciliation rule.
 - Any schema drift (extra keys, wrong key order, wrong datatypes, missing rows, broken reconciliation) = non-compliant.
 
 OUTPUT FORMAT (two parts; both mandatory):
 PART 1 - JSON (return as a single JSON object; no markdown)
 {
  ""meta"": {
  ""task_id"": ""DAI_CO_SCP_002"",
  ""currency"": ""USD"",
  ""external_index"": {
  ""index_name"": ""EIA Weekly U.S. No.2 Diesel Retail Price"",
  ""week_required"": ""2025-01-06"",
  ""diesel_price_usd_per_gal"": <number>,
  ""source_url"": ""<string>""
  }
  },
  ""baseline"": {
  ""scope_definition"": {
  ""pilot_exclusion_rule"": ""Notes != 'Pilot'"",
  ""time_period"": ""FY2024"",
  ""data_source_file"": ""01_TMS_ShipmentLog_2024.csv""
  },
  ""fy2024_run_rate_spend_usd"": <number>,
  ""fy2024_on_time_pct"": <number>,
  ""fy2025_normalized_baseline_usd"": <number>
  },
  ""levers"": [
  {
  ""lever_id"": ""L1"",
  ""lever_name"": ""Lane rebid (TL)"",
  ""run_rate_impact_2025_usd"": <number>,
  ""assumption_reference"": ""03_Lane_Optimization_Model.xlsx: Lever_Assumptions""
  },
  {
  ""lever_id"": ""L2"",
  ""lever_name"": ""Mode shift (short-haul lanes)"",
  ""run_rate_impact_2025_usd"": <number>,
  ""assumption_reference"": ""03_Lane_Optimization_Model.xlsx: Lever_Assumptions""
  },
  {
  ""lever_id"": ""L3"",
  ""lever_name"": ""Accessorial cleanup"",
  ""run_rate_impact_2025_usd"": <number>,
  ""assumption_reference"": ""03_Lane_Optimization_Model.xlsx: Lever_Assumptions""
  },
  {
  ""lever_id"": ""L4"",
  ""lever_name"": ""Fuel schedule normalization"",
  ""run_rate_impact_2025_usd"": <number>,
  ""assumption_reference"": ""03_Lane_Optimization_Model.xlsx: Lever_Assumptions""
  }
  ],
  ""bridge"": {
  ""total_run_rate_savings_2025_usd"": <number>,
  ""new_run_rate_spend_2025_usd"": <number>,
  ""one_time_implementation_cost_usd"": 240000,
  ""policy_compliance_checks"": [
  {
  ""check_id"": ""PC1"",
  ""check_name"": ""Carrier concentration caps on top lanes"",
  ""result"": ""PASS|FAIL"",
  ""evidence"": ""<string>""
  },
  {
  ""check_id"": ""PC2"",
  ""check_name"": ""Dual-source minimum on top lanes"",
  ""result"": ""PASS|FAIL"",
  ""evidence"": ""<string>""
  },
  {
  ""check_id"": ""PC3"",
  ""check_name"": ""Exception handling (PHX1→LAX vs Critical lanes)"",
  ""result"": ""PASS|FAIL"",
  ""evidence"": ""<string>""
  }
  ]
  },
  ""decision"": {
  ""decision_archetype"": ""Board Recommendation"",
  ""recommendation"": ""APPROVE|DO NOT APPROVE"",
  ""rationale_summary"": [""<bullet1>"",""<bullet2>"",""<bullet3>""]
  },
  ""exec_summary"": {
  ""headline"": ""<MUST start with 'Recommendation: APPROVE' or 'Recommendation: DO NOT APPROVE'>"",
  ""top_3_insights"": [""<insight1>"",""<insight2>"",""<insight3>""],
  ""key_risks"": [""<risk1>"",""<risk2>""],
  ""assumptions"": [""<assumption1>"",""<assumption2>"",""<assumption3>""]
  }
 }
 
 PART 2 - Bridge Table (plain text; fixed columns; 7 rows exactly):
 Columns (use EXACT order): Step_Order | Bridge_Item | USD_2025 | Sign | Notes
 - Step_Order must be 1..7
 - Reconciliation: Row6 = Row1 - (Rows2+Rows3+Rows4+Rows5)
 - Row7 is a one-time cost and must NOT be netted into Row6","Why this task is difficult (and what it tests):
 - Hybrid bridge: the FY2025 normalization requires a specific EIA diesel price from the web, but baseline spend and service performance must be computed from the TMS log with a strict Pilot exclusion.
 - Structural compliance: the output must match a rigid JSON schema AND a 7-row bridge that reconciles exactly.
 - Decision outcome: the prompt forces a single board recommendation (APPROVE / DO NOT APPROVE) using explicit decision rules, so hedged answers fail.
 
 Lazy AI must fail:
 - If the agent skips web retrieval and uses the workbook’s diesel placeholder, the FY2025 normalized baseline and downstream bridge numbers will be wrong.
 - If the agent outputs anything other than an explicit APPROVE/DO NOT APPROVE recommendation, it fails the decision layer.
 
 Expert must pass:
 - With the given scope filters, lever assumptions (in the workbook), and the externally retrieved diesel index, the numbers and the final recommendation are deterministic within the stated ranges.","Decision Archetype: Board Recommendation
 
 External data:
 - EIA Weekly U.S. No.2 Diesel Retail Price (dollars per gallon), week of 2025-01-06
  - Value to use for grading: 3.561
  - Official table source: https://www.eia.gov/dnav/pet/hist/LeafHandler.ashx?n=pet&s=emd_epd2d_pte_nus_dpg&f=w
  - Retrieved on: 2026-03-11
 
 Internal references:
 - 01_TMS_ShipmentLog_2024.csv
  - Pilot exclusion: Notes != ""Pilot""
  - Baseline spend measure: sum(Total_Shipment_Cost_USD)
  - On-time metric: average(On_Time_Flag) × 100
 - 03_Lane_Optimization_Model.xlsx
  - Parameters tab: Target_RunRate_Savings_USD, Min_OnTime_Performance_pct, and diesel placeholder (to be ignored)
  - Lever_Assumptions tab: L1–L4 assumptions (apply exactly as stated)
  - Bridge_Template tab: required 7-row bridge layout
 - 02_Transportation_Policy_Memo.pdf
  - Use Clause 2 + Footnotes A/B and clarification text to populate PC1–PC3 evidence
 
 Verification trace:
 1) Filter TMS log to Notes != ""Pilot"".
 2) FY2024 run-rate spend = sum Total_Shipment_Cost_USD over filtered rows.
 3) FY2024 on-time % = mean(On_Time_Flag) × 100 over filtered rows.
 4) Retrieve the EIA diesel price for week 2025-01-06 (3.561) from the official table.
 5) FY2025 normalized baseline:
  - Recompute baseline cost by adjusting fuel surcharge using the fuel normalization method described in Lever_Assumptions (L4),
  while retaining linehaul and accessorial components from the log.
 6) Lever impacts (FY2025 run-rate), using Lever_Assumptions:
  - L1 applies to eligible TL linehaul
  - L2 applies to eligible short-haul lane subset
  - L3 applies to eligible accessorial dollars
  - L4 applies via the fuel normalization method (requires the external diesel price)
 7) Total run-rate savings = L1 + L2 + L3 + L4
 8) New run-rate spend = FY2025 normalized baseline − total savings
 9) Decision (Board Recommendation):
  - APPROVE if savings ≥ Target_RunRate_Savings_USD AND on-time ≥ Min_OnTime_Performance_pct AND PC1–PC3 are PASS
  - Else DO NOT APPROVE
 
 Golden Answer Ranges:
 - FY2024 run-rate spend (USD): 8665241.00 ± 5.00
 - FY2024 on-time % (excluding Pilot): 90.4762 ± 0.05
 - Fuel normalization factor (for internal verification): 0.962432 ± 0.0005
 - FY2025 normalized baseline (USD): 8613807.14 ± 25.00
 - Total run-rate savings (FY2025$, USD): 249315.13 ± 25.00
 - New run-rate spend (FY2025$, USD): 8364492.01 ± 25.00
 
 Expected recommendation outcome:
 - Recommendation should be APPROVE (savings exceed threshold and on-time meets minimum; compliance checks are satisfiable per policy memo rules).",https://drive.google.com/drive/folders/1j8gLPZtLpKz63cpNOIcGVsOBRSFXUeKw?usp=sharing,"V1 - EIA diesel price for week 2025-01-06 must be used and cited (not workbook placeholder),
 V2 - Workbook diesel placeholder must NOT be used,
 V3 - Correct diesel price used must be 3.561 USD/gal,
 V4 - Target_RunRate_Savings_USD threshold must be 200000 and applied to the decision,
 V5 - Min_OnTime_Performance_pct threshold must be 90.0 and applied to the decision,
 V6 - Notes==""Pilot"" rows must be excluded from baseline and all lever calculations,
 V7 - “Critical lanes” must be limited to the memo Appendix list (no other lanes treated as Critical),
 V8 - PC3 evidence must explicitly apply the Critical-lane override rule from the memo,
 V9 - PC3 evidence must explicitly apply the PHX1→LAX exception rule exactly as stated in the memo,
 V10 - PC1 and PC2 evidence must explicitly address carrier concentration and dual-source requirements on the top lanes per the memo,
 V11 - Baseline FY2024 spend must be sum(Total_Shipment_Cost_USD) after Pilot exclusion,
 V12 - FY2024 on-time % must be computed as mean(On_Time_Flag)*100 after Pilot exclusion,
 V13 - Only L1-L4 may be used; no extra levers; ignore any noise rows in Lever_Assumptions,
 V14 - one_time_implementation_cost_usd must equal 240000 and must NOT be netted into Row6,
 V15 - Bridge table must be exactly 7 rows and Row6 must reconcile as Row1 - (Row2+Row3+Row4+Row5),
 V16 - JSON must be a single object matching schema with no extra/missing keys and decision.recommendation must be APPROVE or DO NOT APPROVE.",,,,,,,,,,,,,,,,,,,,,,,,,,,,,,,,,,,,,,,,,,
tsk_6672623648,QPM0H2,Cost Optimization,FSP,SCP,"""Context

You are a Supply Chain Strategy Consultant advising """"NovaRetail,"""" a global fast-fashion conglomerate. The client is undergoing a Zero-Based Budgeting (ZBB) review for FY2026. The CSCO needs to make a final procurement decision regarding their highest-volume ocean freight lane: Shenzhen (Yantian) to Rotterdam.

The client must choose between signing a """"Fixed Annual Contract"""" with a 3PL carrier, or floating their volume on the """"Spot Market"""" which carries a volatile fuel surcharge.

Task

Calculate the Total 2026 Projected Freight Cost (in USD) for the Shenzhen-to-Rotterdam lane under both the Fixed Contract and the Spot Market options, and recommend the most cost-effective routing strategy.

Here is your workflow:

Review the Global_Lane_Volumes_FY26.csv file. Isolate the annual TEU (Twenty-foot Equivalent Unit) volume specifically for the Shenzhen-to-Rotterdam lane.

Review the Ocean_Carrier_Metrics.csv file to determine the Base Spot Rate and the Fuel Consumption factor (Tons of fuel burned per TEU) for this specific lane.

Calculate the Spot Market Fuel Surcharge. Read the 2026_Freight_Sourcing_Policy.txt carefully. You must determine the correct price per ton for Marine Fuel and multiply it by the total tons of fuel required for this lane's annual volume.

Add the Base Spot Cost to the Fuel Surcharge to find the Total Spot Market Cost.

Compare the Total Spot Market Cost against the Fixed Annual Contract cost.

Constraints & Deliverables

Web Search Required: Adhere strictly to the fuel pricing policy. If a live rate is mandated, you must search the live web for the current USD price in the first week of March 2026 of the Global 20 Ports Average and cite your exact source.

Format & Decision Commit: You must output a structured ZBB Memo containing:

Total Annual TEU Volume for the target lane.

Total Fixed Contract Cost.

Total Spot Market Base Cost (excluding fuel).

Total Spot Market Fuel Surcharge Cost.

Total Spot Market All-In Cost.

A definitive final recommendation written EXACTLY as: """"DECISION: SIGN FIXED CONTRACT"""" or """"DECISION: USE SPOT MARKET"""".""","Lazy AI Test: A standard LLM will read the policy text file, lazily grab the $400.00 internal marine fuel placeholder, calculate a deflated fuel surcharge of $3,240,000, and arrive at a Total Spot Cost of $8,190,000—causing it to incorrectly recommend ""DECISION: USE SPOT MARKET"" and exposing the client to massive market loss.

Expert Test: An experienced supply chain consultant would extract the correct 4,500 TEU volume from the noise, correctly sequence the base freight and the 1.8x fuel multiplier, adhere to the strict exception policy overriding the $400 baseline, fetch the live VLSFO market rate, and mathematically prove that the volatile Spot Market exceeds the $9.9M Fixed Contract ceiling.","External Data Required: The DRA must search the live web for the current ""VLSFO Global 20 Ports Average"" price. (Typically found on Ship&Bunker or similar maritime indices). In the first week of March 2026, this fluctuates around $600.00 to $650.00 USD per Metric Ton.

Step-by-Step Trace:

Filter Lane: Isolate ""Shenzhen to Rotterdam"".

Annual Volume = 4,500 TEUs.

Calculate Fixed Contract Cost:

4,500 TEUs * $2,200 Fixed Rate = $9,900,000.

Calculate Spot Market Base Cost:

Base Spot Rate for this lane = $1,100 per TEU.

4,500 TEUs * $1,100 = $4,950,000.

Calculate Spot Market Fuel Surcharge (The FSP Trap):

Fuel consumed per TEU = 1.8 Tons.

Total Fuel needed = 4,500 * 1.8 = 8,100 Tons.

AI must reject the $400 decoy. AI fetches live VLSFO average (assume $620 for this example).

8,100 Tons * $620/Ton = $5,022,000.

Calculate Spot Market All-In Cost:

$4,950,000 (Base) + $5,022,000 (Fuel) = $9,972,000.

Compare & Decide:

Fixed Cost ($9.9M) < Spot Cost ($9.97M).

Decision: SIGN FIXED CONTRACT.

Golden Answer Range: * Fixed Cost: Exactly $9,900,000.

Spot Base Cost: Exactly $4,950,000.

Total Spot Cost: Will vary between $9.6M and $10.5M depending entirely on the exact live VLSFO price pulled.

Decision: Assuming VLSFO is trading above $612/ton (which it historically does), the decision must be DECISION: SIGN FIXED CONTRACT.",https://drive.google.com/drive/folders/1Phe6lWSfkDLAr6fKPbPNzQmBtwzqQL2L?usp=drive_link,"These 10 binary verifiers explicitly check for the cognitive traps designed into the prompt.

V1: Output successfully isolates the Shenzhen-to-Rotterdam lane, ignoring decoys like Shanghai and Ho Chi Minh.

V2: Total annual volume is correctly identified as exactly 4,500 TEUs.

V3: Total Fixed Contract Cost is accurately calculated as $9,900,000.

V4: Total Spot Market Base Cost is accurately calculated as $4,950,000.

V5: Fuel multiplier used is exactly 1.8 tons per TEU (yielding 8,100 total tons of fuel).

V6: Pricing logic actively rejects the internal $400.00 standard marine fuel placeholder decoy.

V7: Pricing logic explicitly cites a live external web source for the VLSFO Global 20 Ports Average price.

V8: Live VLSFO price utilized is greater than $550/ton (reflecting reality, not the stale baseline).

V9: Spot Market Fuel Surcharge is calculated dynamically using the fetched external VLSFO price * 8,100.

V10: Output contains the exact required decision string: ""DECISION: SIGN FIXED CONTRACT"" (Assuming VLSFO pulled is >$612/ton).",300,,,,,,,,,,,,,,,,,,,,,,,,,,,,,,,,,,,,,,,,,
tsk_1104027835,4JQLL1,Cost Optimization,SCP,FSP,"CONTEXT:
- Client: AeroKart Logistics (mid‑market 3PL) ships small parcels from 3 fulfillment sites (PHX1, DFW2, ATL3).
- Situation: FY2025 margin pressure. CFO needs a board-ready fuel surcharge policy reset that is auditable and tied to a public benchmark.
- Inputs: (1) FY2024 parcel invoice line extract, (2) internal courier contract policy memo (including cap vs pass‑through conflict), (3) a parcel cost model workbook defining levers and bridge structure.

TASK:
Using the attached internal files AND one required external benchmark:
1) Build the FY2024 run‑rate parcel spend baseline from the invoice extract (excluding Pilot).
2) Normalize the baseline to a FY2025 fuel basis using the required external gasoline benchmark (see Constraints).
3) Quantify the FY2025 run‑rate impact of levers L1-L4 exactly as specified in the workbook.
4) Reconcile baseline-to-post‑lever spend into the provided bridge structure.
5) Produce a definitive PRICE RANGE RECOMMENDATION for a per‑package Fuel Surcharge CAP (Ground + 2Day only) and confirm NextDay remains pass‑through (no CAP), per policy.

DECISION RULES (no “it depends”):
- Use these fixed thresholds from 03_Parcel_Cost_Model.xlsx → Parameters:
  - Target_FuelCap_Savings_USD
  - Min_OnTime_pct
  - Corridor_pct (± corridor for the cap range)
- Recommendation is PASS only if:
  (i) total FY2025 run‑rate savings ≥ Target_FuelCap_Savings_USD, AND
  (ii) overall FY2024 on‑time (excluding Pilot) ≥ Min_OnTime_pct, AND
  (iii) policy compliance checks PC1-PC3 are PASS.
- Otherwise recommendation is FAIL.
- exec_summary.headline must start with:
  ""Recommendation: PASS - ..."" OR ""Recommendation: FAIL - ...""

CONSTRAINTS (violations are failures):
A) HYBRID WEB REQUIREMENT (mandatory)
- Retrieve the Weekly U.S. Regular All Formulations Retail Gasoline Price (Dollars per Gallon) for week ending 2025-01-06 from EIA and cite the URL used.
- Do NOT use the gasoline price placeholder embedded in the workbook Parameters tab (it is intentionally wrong and is a trap).

B) INTERNAL DATA DISCIPLINE (baseline + lever bases)
- Use 01_Parcel_InvoiceLines_2024.csv as the ONLY source for spend and on-time performance.
- Exclude any rows where Notes == ""Pilot"" from baseline and all lever calculations.

C) POLICY GUARDRAILS (must be reflected in compliance checks)
- Use 02_Courier_Contract_Policy_Memo.pdf to populate evidence for:
  - PC1 cap vs pass-through rule (Ground/2Day cap; NextDay pass-through),
  - PC2 on-time floor enforcement,
  - PC3 benchmark discipline (public gasoline index normalization).

D) LEVERS (do not add/remove; do not restate formulas here)
- Use ONLY levers L1-L4 and their assumptions exactly as specified in:
  03_Parcel_Cost_Model.xlsx → sheet ""Lever_Assumptions""
- Ignore any noise rows in that sheet.

E) STRUCTURAL COMPLIANCE (SCP trap):
- You must produce BOTH outputs:
  1) one JSON object matching the schema below (no extra keys, no missing keys, keep ordering), AND
  2) a 7-row bridge table with the exact columns and reconciliation rule.
- Any schema drift (extra keys, wrong key order, wrong datatypes, missing rows, broken reconciliation) = non-compliant.

OUTPUT FORMAT (two parts; both mandatory):

PART 1 - JSON (return as a single JSON object; no markdown):
{
  ""meta"": {
    ""task_id"": ""DAI_CO_SCP_004"",
    ""currency"": ""USD"",
    ""external_index"": {
      ""index_name"": ""EIA Weekly U.S. Regular All Formulations Retail Gasoline Price"",
      ""week_required"": ""2025-01-06"",
      ""gas_price_usd_per_gal"": <number>,
      ""source_url"": ""<string>""
    }
  },
  ""baseline"": {
    ""scope_definition"": {
      ""pilot_exclusion_rule"": ""Notes != 'Pilot'"",
      ""time_period"": ""FY2024"",
      ""data_source_file"": ""01_Parcel_InvoiceLines_2024.csv""
    },
    ""fy2024_run_rate_spend_usd"": <number>,
    ""fy2024_on_time_pct"": <number>,
    ""fy2025_normalized_baseline_usd"": <number>
  },
  ""levers"": [
    {
      ""lever_id"": ""L1"",
      ""lever_name"": ""DIM audit correction"",
      ""run_rate_impact_2025_usd"": <number>,
      ""assumption_reference"": ""03_Parcel_Cost_Model.xlsx: Lever_Assumptions""
    },
    {
      ""lever_id"": ""L2"",
      ""lever_name"": ""Accessorial cleanup"",
      ""run_rate_impact_2025_usd"": <number>,
      ""assumption_reference"": ""03_Parcel_Cost_Model.xlsx: Lever_Assumptions""
    },
    {
      ""lever_id"": ""L3"",
      ""lever_name"": ""Zone-skip on high-density lanes"",
      ""run_rate_impact_2025_usd"": <number>,
      ""assumption_reference"": ""03_Parcel_Cost_Model.xlsx: Lever_Assumptions""
    },
    {
      ""lever_id"": ""L4"",
      ""lever_name"": ""Fuel surcharge cap redesign (Ground+2Day only)"",
      ""run_rate_impact_2025_usd"": <number>,
      ""assumption_reference"": ""03_Parcel_Cost_Model.xlsx: Lever_Assumptions""
    }
  ],
  ""bridge"": {
    ""total_run_rate_savings_2025_usd"": <number>,
    ""new_run_rate_spend_2025_usd"": <number>,
    ""one_time_implementation_cost_usd"": 220000,
    ""policy_compliance_checks"": [
      {
        ""check_id"": ""PC1"",
        ""check_name"": ""Cap vs pass-through compliance (NextDay excluded from cap)"",
        ""result"": ""PASS|FAIL"",
        ""evidence"": ""<string>""
      },
      {
        ""check_id"": ""PC2"",
        ""check_name"": ""On-time floor (>= Min_OnTime_pct)"",
        ""result"": ""PASS|FAIL"",
        ""evidence"": ""<string>""
      },
      {
        ""check_id"": ""PC3"",
        ""check_name"": ""Benchmark discipline (EIA index + placeholder trap avoided)"",
        ""result"": ""PASS|FAIL"",
        ""evidence"": ""<string>""
      }
    ]
  },
  ""decision"": {
    ""decision_archetype"": ""Price Range Recommendation"",
    ""recommendation"": ""PASS|FAIL"",
    ""fuel_cap_range_usd_per_pkg"": {
      ""lower"": <number>,
      ""upper"": <number>
    },
    ""scope_note"": ""Fuel CAP applies to Ground + 2Day only; NextDay remains pass-through."",
    ""decision_driver_summary"": [""<bullet1>"",""<bullet2>"",""<bullet3>""]
  },
  ""exec_summary"": {
    ""headline"": ""<MUST start with 'Recommendation: PASS' or 'Recommendation: FAIL'>"",
    ""top_3_insights"": [""<insight1>"",""<insight2>"",""<insight3>""],
    ""key_risks"": [""<risk1>"",""<risk2>""],
    ""assumptions"": [""<assumption1>"",""<assumption2>"",""<assumption3>""]
  }
}

PART 2 - Bridge Table (plain text; fixed columns; 7 rows exactly):
Columns (use EXACT order): Step_Order | Bridge_Item | USD_2025 | Sign | Notes
- Step_Order must be 1..7
- Reconciliation: Row6 = Row1 - (Rows2+Rows3+Rows4+Rows5)
- Row7 is a one-time cost and must NOT be netted into Row6
","Why this task is difficult (and what it tests):
- Hybrid bridge: FY2025 normalization requires a specific EIA gasoline benchmark for week 2025-01-06, but baseline spend and on-time must be computed from the invoice extract with strict Pilot exclusion.
- Trap handling: the workbook includes a gasoline placeholder for 2025-01-06 that is intentionally wrong; using it breaks the normalization and the fuel-cap range.
- Noise discipline: the Lever_Assumptions sheet includes noise rows (N*) that are not levers; the invoice extract includes noise columns and non-baseline tags.
- Structural brittleness: strict JSON schema + a reconciled 7-row bridge makes failures mechanically detectable.
- Decision outcome: the output must include a fuel cap RANGE for Ground+2Day and explicitly state NextDay is pass-through (no cap), per policy memo conflict.

Lazy AI must fail:
- Uses the workbook placeholder gas price instead of EIA retrieval → wrong normalization and wrong cap range.
- Applies the cap to NextDay despite policy memo conflict → PC1 failure and wrong scope.
- Includes Pilot rows or treats noise rows as levers → wrong baseline/levers and schema drift.

Expert must pass:
- With correct EIA retrieval + Pilot exclusion + lever discipline (L1-L4 only) + strict schema and bridge reconciliation, results are deterministic within the Golden Answer Ranges.","Decision Archetype: Price Range Recommendation

External data (researched in advance; must still cite when solving):
- EIA Weekly U.S. Regular All Formulations Retail Gasoline Price (Dollars per Gallon), week ending 2025-01-06
  - Value to use for grading: 3.047
  - Official table: https://www.eia.gov/dnav/pet/hist/LeafHandler.ashx?f=W&n=PET&s=EMM_EPMR_PTE_NUS_DPG
  - Verified by SME on: 2026-04-21 (see 2025-Jan row, 01/06)

Internal references:
- 01_Parcel_InvoiceLines_2024.csv
  - Pilot exclusion: Notes != ""Pilot""
  - FY2024 run-rate spend: sum(Total_Charge_USD)
  - On-time %: mean(On_Time_Flag) × 100
- 03_Parcel_Cost_Model.xlsx
  - Parameters tab:
    - Gasoline_Price_Ref_2024-12-30_USD_per_gal = 3.006
    - Gasoline_Price_Target_2025-01-06_USD_per_gal_PLACEHOLDER (trap; ignore)
    - Target_FuelCap_Savings_USD, Min_OnTime_pct, Corridor_pct
  - Lever_Assumptions tab: apply L1-L4 only (ignore N* noise rows)
  - Bridge_Template tab: required 7-row bridge layout
- 02_Courier_Contract_Policy_Memo.pdf
  - Use Clause 1-4 + Footnotes A/B + clarification to populate PC1-PC3 evidence

Verification trace (for grading):
1) Filter invoice lines to Notes != ""Pilot"".
2) FY2024 run-rate spend = sum Total_Charge_USD over filtered rows.
3) FY2024 on-time % = mean(On_Time_Flag) × 100 over filtered rows.
4) Fuel normalization factor = (EIA gas price week 2025-01-06) / (gas ref 2024-12-30 = 3.006).
5) FY2025 normalized baseline = Base_Charge_USD + Accessorial_USD + (Fuel_Surcharge_USD × fuel normalization factor).
6) Lever impacts (FY2025 run-rate), per Lever_Assumptions:
   - L1 DIM audit correction (subset win-rate)
   - L2 Accessorial cleanup (Remote Area + Oversize)
   - L3 Zone-skip (Zones 7-8, Ground only)
   - L4 Fuel surcharge cap redesign (Ground+2Day only; NextDay excluded)
7) Total run-rate savings = L1 + L2 + L3 + L4; New run-rate spend = normalized baseline − total savings.
8) Fuel cap range recommendation:
   - Compute the cap anchor from the eligible (Ground+2Day) normalized fuel distribution per L4 method,
   - Apply corridor: lower = anchor × (1 - Corridor_pct), upper = anchor × (1 + Corridor_pct)
9) Decision:
   - PASS if savings ≥ Target_FuelCap_Savings_USD AND on-time ≥ Min_OnTime_pct AND PC1-PC3 PASS; else FAIL.

Golden Answer Ranges (required):
- FY2024 run-rate spend (USD): 1625784.00 ± 50.00
- FY2024 on-time % (excluding Pilot): 96.8085 ± 0.05
- Fuel normalization factor: 1.013639 ± 0.0005
- FY2025 normalized baseline (USD): 1628354.48 ± 75.00
- Total run-rate savings (USD): 23033.04 ± 75.00
- New run-rate spend (USD): 1605321.44 ± 75.00
- Fuel CAP anchor (USD per package): 2600.5932 ± 1.00
- Fuel CAP range lower/upper (USD per package): 2548.5813 ± 1.00 ; 2652.6051 ± 1.00

Expected recommendation outcome:
- Recommendation should be FAIL (savings do not meet Target_FuelCap_Savings_USD, despite on-time meeting the floor).",https://drive.google.com/drive/folders/1vkKAR6SIzHUbQwAtL6PzkTwvGMOFa8Oq?usp=drive_link,"V1 - EIA Weekly U.S. Regular All Formulations Retail Gasoline Price for week 2025-01-06 must be used and cited (not workbook placeholder),
V2 - Workbook gasoline placeholder must NOT be used,
V3 - Correct gas price used must be 3.047 USD/gal,
V4 - Gas ref value must be 3.006 USD/gal (Parameters tab) and used as the denominator for normalization,
V5 - Fuel normalization factor must equal 3.047/3.006 (= 1.013639 within tolerance),
V6 - Target_FuelCap_Savings_USD threshold must be 180000 and applied to PASS/FAIL,
V7 - Min_OnTime_pct threshold must be 95 and applied to PASS/FAIL,
V8 - Corridor_pct must be 0.02 and applied to cap range (±2%),
V9 - Notes==""Pilot"" rows must be excluded from baseline and all lever calculations,
V10 - Only L1-L4 may be applied; ignore any N* noise rows in Lever_Assumptions,
V11 - Fuel surcharge CAP scope must be Ground + 2Day only and NextDay must remain pass-through (no cap) with PC1 evidence reflecting this,
V12 - One-time implementation cost must be 220000 and must NOT be netted into Row6,
V13 - Bridge table must be exactly 7 rows and Row6 must reconcile as Row1 - (Row2+Rows3+Rows4+Rows5),
V14 - JSON must be a single object matching schema (including fuel_cap_range lower/upper keys) with no extra/missing keys,
V15 - Recommendation must be FAIL if total FY2025 run-rate savings is below 180000 (even if on-time clears the floor).",290,,,,,,,,,,,,,,,,,,,,,,,,,,,,,,,,,,,,,,,,,
tsk_260220224715036W95YR,4D7X7Q,Cost Optimization,SCP,FSP,"CONTEXT:
- Client: AeroKart Logistics (mid-market 3PL), 3 fulfillment sites (PHX1, DFW2, ATL3).
- Situation: FY2025 margin pressure. CFO needs a board-ready recommendation on a Packaging + Inbound Freight cost program, backed by a clean EBITDA bridge / price waterfall.
- Inputs provided: (1) FY2024 ERP spend extract, (2) internal procurement policy memo, (3) a template workbook that defines lever assumptions and the waterfall structure.

TASK:
Using the attached internal files AND one required external datapoint:
1) Build the FY2024 run-rate baseline for Packaging + Inbound Freight from the ERP extract (excluding pilots).
2) Convert the FY2024 baseline into FY2025 dollars using CPI inflation.
3) Quantify FY2025 run-rate impact for levers L1-L4 using the assumptions (do not invent new levers).
4) Reconcile baseline-to-post-lever spend into a single waterfall / EBITDA bridge.
5) Provide a definitive BOARD RECOMMENDATION: APPROVE vs DO NOT APPROVE the lever package for FY2025 using the decision rules below.

DECISION RULES (no “it depends”):
- Recommend APPROVE only if BOTH are true:
  (i) total FY2025 run-rate savings ≥ 60,000 USD, AND
  (ii) all policy compliance checks PC1-PC3 are PASS.
- Otherwise recommend DO NOT APPROVE.
- exec_summary.headline must start with:
  ""Recommendation: APPROVE - ..."" OR ""Recommendation: DO NOT APPROVE - ...""

CONSTRAINTS (violations are failures):
A) HYBRID WEB REQUIREMENT (mandatory)
- Fetch CPIAUCSL value for 2025-12 (Dec 2025) from FRED and cite the URL used.
- Ignore any Dec-2025 CPI placeholder in the workbook (placeholder only).

B) INTERNAL DATA DISCIPLINE (baseline + lever bases)
- Use 01_ERP_SpendExtract_2024.csv as the ONLY source of spend.
- Exclude any rows where Notes == ""Pilot"" from baseline and lever calculations.
- FY2024 run-rate spend must be computed as the SUM of Extended_Spend_USD across all in-scope FY2024 rows after exclusions.
- Baseline scope Item_Code: Corrugated_Box, Stretch_Film, Void_Fill_Paper, Pallet_48x40, Inbound_Freight.

C) CPI REFERENCE DISCIPLINE (explicit data location)
- Use CPI Dec 2024 reference value = 317.604 from:
  03_TCO_Model_and_Waterfall_Template.xlsx → sheet ""Parameters""

D) POLICY GUARDRAILS (must be reflected in compliance checks)
- Use 02_Procurement_Policy_Memo.pdf to populate evidence for:
  - PC1 Single-vendor exposure cap
  - PC2 Dual-source minimum (Packaging)
  - PC3 QA sign-off required for corrugated spec changes

E) LEVERS (do not add/remove; do not restate formulas)
- Use ONLY levers L1-L4 exactly as defined in:
  03_TCO_Model_and_Waterfall_Template.xlsx → lever assumptions section (do not create new assumptions)

F) STRUCTURAL COMPLIANCE (SCP trap)
- You must produce BOTH outputs:
  1) one JSON object matching the schema below (no extra keys, no missing keys, keep ordering), AND
  2) a 7-row waterfall table with the exact columns and reconciliation rules.
- Any schema drift or reconciliation failure = non-compliant.

OUTPUT FORMAT (two parts; both mandatory):
PART 1 - JSON (return as a single JSON object; no markdown):
{
  ""meta"": {
    ""task_id"": ""DAI_CO_SCP_001"",
    ""currency"": ""USD"",
    ""inflation_index"": {
      ""series"": ""CPIAUCSL"",
      ""source"": ""FRED (BLS CPI-U, seasonally adjusted)"",
      ""month_required"": ""2025-12"",
      ""cpi_value"": <number>,
      ""cpi_url"": ""<string>""
    }
  },
  ""baseline"": {
    ""scope_definition"": {
      ""in_scope_item_codes"": [""Corrugated_Box"",""Stretch_Film"",""Void_Fill_Paper"",""Pallet_48x40"",""Inbound_Freight""],
      ""pilot_exclusion_rule"": ""Notes != 'Pilot'"",
      ""time_period"": ""FY2024""
    },
    ""fy2024_run_rate_spend_usd"": <number>,
    ""inflation_factor_dec25_over_dec24"": <number>,
    ""fy2025_inflated_run_rate_spend_usd"": <number>
  },
  ""levers"": [
    {""lever_id"":""L1"",""lever_name"":""Corrugated spec harmonization"",""run_rate_savings_2025_usd"": <number>},
    {""lever_id"":""L2"",""lever_name"":""Stretch film competitive bid"",""run_rate_savings_2025_usd"": <number>},
    {""lever_id"":""L3"",""lever_name"":""Pallet pooling program"",""run_rate_savings_2025_usd"": <number>},
    {""lever_id"":""L4"",""lever_name"":""Corrugated volume rebate reset"",""run_rate_savings_2025_usd"": <number>}
  ],
  ""bridge"": {
    ""total_run_rate_savings_2025_usd"": <number>,
    ""new_run_rate_spend_2025_usd"": <number>,
    ""one_time_implementation_cost_usd"": 180000,
    ""policy_compliance_checks"": [
      {""check_id"":""PC1"",""check_name"":""Single-vendor exposure cap"",""result"":""PASS|FAIL"",""evidence"":""<string>""},
      {""check_id"":""PC2"",""check_name"":""Dual-source minimum (Packaging)"",""result"":""PASS|FAIL"",""evidence"":""<string>""},
      {""check_id"":""PC3"",""check_name"":""QA sign-off required for corrugated spec changes"",""result"":""PASS|FAIL"",""evidence"":""<string>""}
    ]
  },
  ""decision"": {
    ""decision_archetype"": ""Board Recommendation"",
    ""recommendation"": ""APPROVE|DO NOT APPROVE"",
    ""rationale_summary"": [""<bullet1>"",""<bullet2>"",""<bullet3>""]
  },
  ""exec_summary"": {
    ""headline"": ""<MUST start with 'Recommendation: APPROVE' or 'Recommendation: DO NOT APPROVE'>"",
    ""top_3_insights"": [""<insight1>"",""<insight2>"",""<insight3>""],
    ""key_risks"": [""<risk1>"",""<risk2>""],
    ""assumptions"": [""<assumption1>"",""<assumption2>"",""<assumption3>""]
  }
}

PART 2 - Waterfall Table (plain text; fixed columns; 7 rows exactly):
Columns (EXACT order): Step_Order | Bridge_Item | USD_2025 | Sign | Notes
- Step_Order must be 1..7
- Reconciliation: Row6 = Row1 - (Rows2+Rows3+Rows4+Rows5)
- Row7 is one-time cost and must NOT be netted into Row6","Why this task is difficult (and what it tests):
- Hybrid bridge: correct inflation requires a specific external CPIAUCSL value for Dec 2025 from FRED, while spend and lever bases must be computed from the ERP extract with strict scope and Pilot exclusions.
- Data discipline + noise: ERP contains out-of-scope rows and Pilot-tagged rows; any leakage changes baseline and lever savings materially.
- Structural brittleness: output must match the exact JSON schema (no drift) and a 7-row waterfall that reconciles exactly.
- Decision layer: forces a single board recommendation (APPROVE / DO NOT APPROVE) using explicit thresholds, so hedged answers fail.

Lazy AI must fail:
- Uses the workbook CPI placeholder or skips the FRED retrieval → wrong inflation factor and downstream numbers.
- Fails to aggregate FY2024 spend across all eligible rows (or misses Pilot exclusions) → wrong baseline and savings.
- Breaks JSON schema or waterfall reconciliation → structural SCP failure.
- Outputs a non-binary or hedged recommendation → decision failure.

Expert must pass:
- With correct CPI retrieval + explicit CPI Dec 2024 reference location + proper annual aggregation + strict exclusions and schema compliance, the outcome is deterministic within the stated Golden Answer Ranges.","Decision Archetype: Board Recommendation

External data (researched in advance; must still cite when solving):
- CPIAUCSL (CPI-U, seasonally adjusted), month 2025-12 (Dec 2025)
  - Value to use for grading: 326.031
  - Source: https://fred.stlouisfed.org/series/CPIAUCSL

Internal references:
- 01_ERP_SpendExtract_2024.csv
  - Scope filter: Item_Code in [Corrugated_Box, Stretch_Film, Void_Fill_Paper, Pallet_48x40, Inbound_Freight]
  - Pilot exclusion: Notes != ""Pilot""
  - FY2024 run-rate baseline: sum(Extended_Spend_USD) across all eligible FY2024 rows
- 03_TCO_Model_and_Waterfall_Template.xlsx
  - Parameters sheet: CPI Dec 2024 reference = 317.604
  - Lever assumptions section: L1-L4 assumptions to apply (do not invent)
- 02_Procurement_Policy_Memo.pdf
  - Use relevant clauses/footnotes to populate evidence for PC1-PC3

Calculation trace:
1) Compute FY2024 run-rate spend from ERP extract (scope + Pilot exclusion) as annual sum of Extended_Spend_USD.
2) Inflation factor = CPI(Dec 2025) / CPI(Dec 2024 = 317.604).
3) FY2025 inflated baseline = FY2024 baseline × inflation factor.
4) Apply lever assumptions from the template workbook to compute each lever’s FY2025 run-rate savings.
5) Total run-rate savings = sum(L1..L4).
6) New run-rate spend = FY2025 inflated baseline − total savings.
7) Decision:
   - APPROVE if total savings ≥ 60,000 and PC1-PC3 are PASS
   - Otherwise DO NOT APPROVE
   - exec_summary.headline must begin with the correct recommendation string.

Golden Answer Ranges:
- FY2024 run-rate spend (USD): 2,311,570.52 ± 1.00
- Inflation factor: 1.026533 ± 0.0005
- FY2025 inflated baseline (USD): 2,372,903.52 ± 5.00
- Total run-rate savings (USD): 73,347.79 ± 5.00
- New run-rate spend (USD): 2,299,555.72 ± 5.00",https://drive.google.com/drive/folders/1MD1s9Dmc-LpgNph6Bxu-76a1ZzxLwfhj?usp=drive_link,"V1 - CPIAUCSL Dec 2025 must be used (FRED) and cited,
V2 - Do NOT use workbook CPI placeholder value,
V3 - CPI Dec 2024 reference value = 317.604 (Parameters sheet),
V4 - Exclude all rows where Notes == ""Pilot"" from baseline and all lever calcs,
V5 - In-scope Item_Code list must match: Corrugated_Box, Stretch_Film, Void_Fill_Paper, Pallet_48x40, Inbound_Freight,
V6 - L1 rate = 6% price-down on Corrugated_Box post-inflation (exclude Pilot),
V7 - L2 rate = 4% price-down on Stretch_Film post-inflation (exclude Pilot),
V8 - L3 rate = 9% volume-down on Pallet_48x40 post-inflation (exclude Pilot),
V9 - L4 rebate = 1.5% on 75% of Corrugated_Box spend post-inflation (exclude Pilot),
V10 - one_time_implementation_cost_usd = 180000 (not netted into run-rate),
V11 - Waterfall must be exactly 7 rows with Step_Order 1..7,
V12 - Row6 reconciliation must equal Row1 - (Row2+Row3+Row4+Row5),
V13 - JSON output must be a single object with required keys (meta, baseline, levers, bridge, exec_summary) and no extra keys,
V14 - policy checks must be populated as PC1/PC2/PC3 with PASS|FAIL and evidence strings.",253,,,,,,,,,,,,,,,,,,,,,,,,,,,,,,,,,,,,,,,,,
tsk_260217210530999DI2DT,3JX8WF,Operations Optimization,CRP,SCP,"Context: 
AstraFab Electronics — a mid‑sized PCB assembly plant in Pune, India, operates three Surface-Mount Technology (SMT) lines—Line A, Line B, and Line C—for its PCB assembly operations. Currently, the plant runs all lines on a single day-shift production schedule, generating an approximate nominal throughput of 115,000 boards per month. However, due to a recent surge in customer orders, the demand target has increased to 122,000 boards. The three lines differ in nominal throughput and cosmetic rejects, which affects their overall productivity and capacity utilization. Management intends to meet the higher demand using the existing manufacturing setup without investing in additional machines or pursuing capital expansion.

Task:
Conduct an operational analysis to determine how AstraFab can meet the required monthly demand for customer boards while minimizing incremental energy costs. The assessment should evaluate the feasibility of introducing a second production shift for 20 days per month on any one of the three SMT lines—Line A, Line B, or Line C—using the available workforce for the shift. The objective is to identify the most cost-efficient shift configuration that increases plant throughput and capacity utilization while adhering to the operational constraint of no additional capital investment.

Constraints (CRP):
- No new capital equipment
- Use only the provided internal files for historical downtime and rejects and follow footnotes but get latest energy tariff from concerned discom website.

Outcome expected:
A word document that includes executive summary, calculated customer boards produced and energy cost for each line and final recommended line.
","- A standard or ""lazy"" AI will likely use the Nominal Throughput (e.g., 180 for Line A) for both shifts, ignoring the instruction that throughput decreases with fewer workers. 
- It might also fail to deduplicate the 2026-01-12 entry for Line B , leading to an incorrect availability percentage.
- AI may not understand that ""Good Boards"" (Internal) and ""Customer Boards"" (External) are calculated using two different data sets (Baseline Yield % vs. Cosmetic Reject counts)
- task requires a multi-layered logical ""chain"" where an error in the first step cascades through the entire model. AI may fail at any of the layers.
- It may also not extract the latest tariff from the web and use old tariff listed in synthetic files.
","Archetype: Board Recommendation

Step 1: Adjust Throughput for S2 
Nominal throughput is for 8 workers. S2 has only 6 workers.    ---- (from Line KPI table or sheet)
S2 Adjusted Throughput = Nominal * (6 / 8) = 75% of nominal.
•        Line A: 180 * 0.75 = 135 unit per hour.
•        Line B: 160 * 0.75 = 120 unit per hour.
•        Line C: 140 * 0.75 = 105 unit per hour.
Step 2: Calculate Nominal Monthly Output 
(30 Working Days for S1 and 20 working days for S2, 8 hr/day for S1 and 7 hr/day for S2)
        Nominal Monthly Output = Nominal throughput per hr * working days * (hr/day)
•        S1 Output    --- Baseline
Line A: 180*30*8 = 43200
Line B: 160*30*8 = 38400
Line C: 140*30*8 = 33600
Total = (180+160+140)*30*8 = 115200
•        S2 Output : 
Line A: 135*20*7 = 18900
Line B: 120*20*7 = 16800
Line C: 105*20*7 = 14700
•        Total Nominal Output : 
If Line A on S2: 115200 + 18900 = 134100
If Line B on S2: 115200 + 16800 = 132000
If Line C on S2: 115200 + 14700 = 129900
Step 3: Calculate availability of equipment                 --- (data from Downtime table)
        Downtime A = 45+20+120+25 = 210 min = 3.5 hr
        Downtime B = 30+90+30+50 = 200 min = 3.33 hr
        Downtime C = 60+15+40 = 115 min = 1.92 hr
         
        Equipment availability = (Scheduled Time – Downtime) / scheduled time
        Availability A = (240-3.5)/240 = 0.9854
        Availability B = (240-3.33)/240 = 0.9861
        Availability C = (240-1.92)/240  = 0.9920
Step 4: Boards produced per month
        Nominal output*Availability
•        Boards in S1 -- Baseline
Line A: 43200*0.9854 = 42570
Line B: 38400*0.9861 = 37866
Line C: 33600*0.9920 = 33331
Total = 42570+37866+33331 = 113767
•        Boards in S2 : 
Line A: 18900*0.9854 = 18624
Line B: 16800*0.9861 = 16566
Line C: 14700*0.9920 = 14582
•        Total Boards produced per month: 
If Line A on S2: 113767 + 18624 = 132391
If Line B on S2: 113767 + 16566 = 130333
If Line C on S2: 113767 + 14582 = 128349
Step 5: Good Boards per month
Quality = Base line yield : Line A = 0.96, Line B=0.95, Line C=0.94   -- (from Line Specs & KPIs)
Good Boards = Boards produced * Quality
•        Good Boards in S1 -- Baseline
Line A: 42570*0.96 = 40867
Line B: 37866*0.95 = 35973
Line C: 33331*0.94 = 31331
Total = 40867+35973+31331 = 108171
•        Good Boards in S2 : 
Line A: 18624*0.96 = 17879
Line B: 16566*0.95 = 15738
Line C: 14582*0.94 = 13707

•        Total Good Boards produced per month: 
If Line A on S2: 108171 + 17879 = 126050
If Line B on S2: 108171 + 15738 = 123909
If Line C on S2: 108171 + 13707 = 121878
Step 6: Calculate Customer Yield (Customer-Facing)
Customer Yield = (Produced – Rejects)/(Produced)         --- (data from defects table)
•        Line A: (3600+3420+3480) = 10500 produced; (36+28+24) = 88 rejects.         
Customer Yield= 99.16% = 0.9916
•        Line B: (3200+3000+3360) = 9560 produced; (64+45+32) = 141 rejects. 
Customer Yield= 98.53% = 0.9853
•        Line C: (2800+2940) = 5740 produced; (56+35) = 91 rejects. 
Customer Yield= 98.41% 0.9841
Step 7: Customer Boards produced per month
        Good Boards*Customer Yield
•        Customer Boards in S1 -- Baseline
Line A: 40867*0.9916 = 40524
Line B: 35973*0.9853 = 35442
Line C: 31331*0.0.9841 = 30835
Total = 40524+35442+30835= 106801
•        Customer Boards in S2 : 
Line A: 17879*0.9916 = 17729
Line B: 15738*0.9853 = 15506
Line C: 13707*0.9841 = 13490
•        Total Customer Boards produced per month: 
If Line A on S2: 106801 + 17729 = 124530
If Line B on S2: 106801 + 15506 = 122307
If Line C on S2: 106801 + 13490 = 120292
Step 7: Energy cost per month
        Energy used per hr: on Line A = 11, on Line B = 10.5, on Line C = 9.5
        Time for S1: on all Lines = 8*30 = 240 hr 
        Time for S2: on all Lines= 7*20 = 140 hr
        Tariff per unit : for S1 = 7.86*0.8 = 6.288 ,  for S2 = 7.86*1.25 = 9.825
        (Latest base rate 7.86 is obtained from weblink
 https://www.mahadiscom.in/consumer/wp-content/uploads/2025/06/Order_Case-No.75-of-2025.pdf
while rebate 20% for S1 and charge of 25% for S2 is applied according to Input file)
        Energy used = (Energy used per hr)* Time*Tariff per unit
•        Energy in S1 -- Baseline
Line A: 11*240*6.288 = 16600
Line B: 10.5*240*6.288 = 15846
Line C: 9.5*240*6.288 = 14337
Total = 16600+15846+14337= 46783
•        Energy in S2 : 
Line A: 11*140*9.825= 15131
Line B: 10.5*140*9.825= 14443
Line C: 9.5*140*9.825= 13067
•        Total Customer Boards produced per month: 
If Line A on S2: 46783 + 15131 = 61914
If Line B on S2: 46783 + 14443 = 61226
If Line C on S2: 46783 + 13067 = 59850

Total customer board produced per month and energy cost are:
If Line A used in S2 = 124530 and 61914
If Line B used in S2= 122307 and 61226
If Line C used in S2= 120292 and 59850
Though target of 122000 can be fulfilled by using Line A or B in S2 but  energy cost is slightly less for B and also, it will give less pile up of finished products. So, it is recommended that Line B be used for 20 days in second shift (S2) with given constraints.
",https://drive.google.com/drive/folders/1Thp_lXXLdDaO3O_7FcVqaTQIjnfIOsHD?usp=drive_link,"V1: S2 Adjusted Throughput Factor – 75% of nominal,

V2: Nominal Monthly Output (S1 Baseline) – 115,200 units,

V3: Total Output with S2 (Best Case – Line A) – 134,100 units,

V4: Equipment Availability –
Line A: 98.54%
Line B: 98.61%
Line C: 99.20%,

V5: Total Boards Produced (Best Case – Line A in S2) – 132,391 units,

V6: Good Boards (Best Case – Line A in S2) – 126,050 units,

V7: Customer Yield –
Line A: 99.16%
Line B: 98.53%
Line C: 98.41%,

V8: Customer Boards (Final Output) –Line A: 124,530, Line B: 122,307, Line C: 120,292,

V9: Tariff per unit - for S1 = tariff*0.8, for S2 = tariff*1.25 (base tariff ₹7.86/kWh per MERC Order Case No. 75 of 2025, MSEDCL LT Industrial >20kW)

V10: Energy Cost (Total Monthly) –Line A: 61,914, Line B: 61,226, Line C: 59,850 (computed using base tariff ₹7.86/kWh per MERC Order Case No. 75 of 2025)

V11: Final recommendation – Line B in S2",550,,,,,,,,,,,,,,,,,,,,,,,,,,,,,,,,,,,,,,,,,
tsk_260217210530999EJHE7,0MQE9G,Operations Optimization,CRP,SCP,"Context
MediForm Inc. is a mid-sized medical device manufacturer producing pre-filled saline syringes for hospital distribution. The plant operates a four-stage clean room production line: Component Assembly, Filling & Crimping, Sterilization, and Final Inspection & Labeling. 
A recent operational capacity diagnostic and line balancing review has identified a submerged bottleneck at the Sterilization stage, which is constraining end-to-end plant throughput. Each autoclave cycle processes a fixed batch and cannot be interrupted. This causes upstream WIP build-up after Filling & Crimping and leaves Final Inspection & Labeling idle for significant periods each shift.
Management has shortlisted two investment options to address the constraint:
•        Option A — Add a second sterilization shift by hiring 2 Sterile Processing Technicians effectively doubling daily autoclave cycles.
•        Option B — Lease a second validated autoclave unit at a fixed monthly lease rate, which would run in parallel to the existing unit during the current day shift only.

Task
Use the analytical framework to demonstrate the impact of each option on System Throughput Rate and incremental annual cost using the bottleneck CT framework, and evaluate which investment maximizes throughput uplift while maintaining cost-efficient capacity expansion.

Constraint
1. Use the provided internal data file as the source for per-unit stage cycle times, lease quotes, and labor/overhead rates.
2. Use Glassdoor to obtain a current 2026 industry salary benchmark for Sterile Processing Technician (hourly rate) in a manufacturing/hospital supply context.
3. Do not use alternative salary estimation sources such as LinkedIn, Indeed, PayScale, government labor databases, or generic wage aggregators.
4. If Glassdoor reports salary as an annual or monthly value, convert it into an hourly rate using a standard full time schedule assumption (40 hours per week, 52 weeks per year) before applying it to labor cost calculations.
5. The upstream feed rate must be ascertained via baseline system throughput.

Outcome expected
Produce a Word document deliverable containing: an Executive Summary, full throughput and cost calculations for both options, a comparative summary table, and a clearly reasoned recommendation based on throughput economics and operational feasibility.
","1. Comparing Option B's Lease Cost Without Checking the Bottleneck
A common error is evaluating Option B solely on its lease cost and throughput capacity in isolation. The leased autoclave runs in parallel during the same day shift — so its net throughput benefit must be calculated against the day-shift bottleneck CT, not the machine's rated capacity. Without computing system throughput using the combined bottleneck CT, an analysis may overstate Option B's benefit.

2. Missing the Glassdoor Salary Benchmark
Option A's incremental cost depends entirely on the evening-shift wage for 2 Sterile Processing Technicians. Using an assumed or out-of-date figure (present in doc) will produce an inaccurate payback calculation. 

3. Ignoring Regulatory & Lead Time Constraints
Option A requires FDA-mandated sterility training for new technicians before they can operate the autoclave independently (estimated 6-week qualification period). Option B requires a validation run and regulatory filing before the leased unit can be used in production (estimated 10 weeks). Both constraints must be reflected in the implementation feasibility assessment.","Average Cycle Times:
•        Component Assembly: (9+10+8+9+10)/5 = 9.2 min/unit
•        Filling & Crimping: (14+13+15+14+14)/5 = 14.0 min/unit
•        Sterilization: (38+41+37+40+39)/5 = 39.0 min/unit ...... This is the Bottleneck
•        Final Inspection & Labeling: (10+11+10+9+10)/5 = 10.0 min/unit

Baseline System Throughput:
•        Throughput = 1 / 39.0 = 0.0256 units/min = 1.538 units/hour
•        Annual capacity = 8 hrs × 250 days × 1.538 = 3,077 units/year

Option A — Add a Second Sterilization Shift
Vendor / HR claim: Hiring 2 Sterile Processing Technicians for a 4-hour evening shift allows the existing autoclave to run an additional cycle block each day. Combined day + evening capacity increases total daily autoclave run time from 8 hrs to 12 hrs, giving an estimated 50% increase in sterilization throughput.
•        New Sterilization throughput = 1.538 × 1.50 = 2.308 units/hour
•        Equivalent Sterilization CT = 60 / 2.308 = 26.0 min/unit
•        Bottleneck shifts to Filling & Crimping (CT = 14.0 min/unit) — new system constraint
•        New system throughput = 60 / 26.0 ≈ 2.31 units/hour (bounded by new Sterilization CT)
•        New annual capacity = 12 hrs × 250 days × 1.538 ≈ 4,615 units/year
•        Incremental gain ≈ 4,615 − 3,077 = 1,538 units/year

Costing (2026 Glassdoor benchmark ):
•        Sterile Processing Technician hourly wage (2026) = $26/hr
(Salary has been taken as of 6th March 2026 from Glassdoor)
•        Evening shift premium (est. 10%) = 26 × 1.10= 28.60/hr
•        Annual wage cost = 2 technicians × 4 hrs × 250 days × 28.6 = 57200
•        FDA sterility qualification training = 6 weeks × 10 hrs x 42 x 2 = $5040 (42 dollar rate referenced from MF_labor_overhead_rates)
•        Recruitment fee= 1800x 2= 3600
•        Lead time: so, qual. Period labor cost = 6 weeks x 572= 3432, so total is 15504 (6 weeks Lead Time referenced from MF_labor_overhead_rates)
•        Recurring annual cost = $57200; One-time qualification cost = $15504

Option B — Lease a Second Validated Autoclave (AutoClave Pro 900)
Lessor quote: MedEquip Leasing Ltd. Quote Ref: MEL-2026-0388. Monthly lease = $8,200/month (all-in: maintenance, calibration, compliance documentation). Unit throughput rated at 1 unit / 18 min = 3.33 units/hour. Runs in parallel with existing autoclave during day shift only.
•        Combined sterilization capacity (day shift) = existing unit + leased unit
•        Existing unit CT = 39.0 min → 1.538 units/hr; Leased unit CT = 18.0 min → 3.33 units/hr
•        Combined throughput at sterilization = 1.538 + 3.33 = 4.87 units/hr (parallel stations)
•        BUT: day-shift upstream feed rate is capped by the existing single-shift line at 1.538 units/hr
•        System throughput unchanged at 1.538 units/hr — bottleneck remains at the overall line rate
•        Incremental throughput gain = 0 units/year (leased unit sits idle waiting for upstream input)
•        Annual lease cost = $8,200 × 12 = $98,400/year (recurring)
•        Validation & regulatory filing lead time: 10 weeks before productive use

Option A directly relieves the bottleneck; Option B does not.",https://drive.google.com/drive/folders/16vrdi2bictAbXjk5rAnpjBYM2RSIvdhH?usp=drive_link,"V1: Bottleneck Process – Sterilization (CT: 39.0 min/unit),

V2: Baseline Throughput – 1.538 units/hour,

V3: Baseline Annual Capacity – 3,077 units/year,

V4: Increased Sterilization Throughput (Option A) – 2.308 units/hour,

V5: Sterile Processing Technician hourly wage (2026) = $26/hr,

V6: New System Throughput (Option A) – ~2.31 units/hour,

V7: New Annual Capacity (Option A) – 4,615 units/year,

V8: Incremental Capacity Gain (Option A) – +1,538 units/year,

V9: New Bottleneck (Post Option A) – Filling & Crimping (CT: 14.0 min/unit),

V10: Recurring Annual Cost (Option A) – $57,200,

V11: One-time Cost (Option A) – $15,504,

V12: Combined Sterilization Capacity (Option B) – 4.87 units/hour,

V13: System Throughput (Option B) – 1.538 units/hour (unchanged),

V14: Incremental Capacity Gain (Option B) – 0 units/year,

V15: Annual Lease Cost (Option B) – $98,400,

V16: Lead Time (Option B) – 10 weeks,

V17: Recommended Option – Option A (directly removes bottleneck and delivers +1,538 units/year vs 0 for Option B)",460,,,,,,,,,,,,,,,,,,,,,,,,,,,,,,,,,,,,,,,,,
tsk_7726785796,V3SI2O,Market Strategy,RCP,FSP,"You are advising the Chief Strategy Officer of Nirma Limited, a diversified Indian FMCG and cement conglomerate. The Board of Directors is meeting on 31-March-2026 to deliberate a Rs 450 Crore capital commitment for re-entering the premium detergent segment in India. Nirma previously attempted a premium play under the 'Nima' sub-brand (2003–2012) which was wound down at Rs 140 Cr peak revenue. The current proposal contemplates a new premium line built on Nirma's continuing-operations detergent business.
A mis-calculated Year-5 Segment Revenue, which feeds directly into the Board's Go / No-Go decision, creates a foreseeable Rs 890 Crore error in the segment revenue projection and may commit the Company to a Rs 450 Cr capex on a factually defective basis. The CSO is personally accountable to the Board for the numeric integrity of the deliberation pack.
Prepare a Board-ready one-page decision memo for the Nirma Premium Detergent Re-Entry that delivers:
the correct FY25 Continuing-Operations Detergent Segment revenue base (after all auditor-certified adjustments),
the FY30 (Year-5) Continuing Detergent Segment Revenue projected at the Board-mandated CAGR,
the Serviceable Addressable Market (SAM) for the Premium Detergent tier in India for FY30 applied to Nirma's addressable distribution footprint,
the Year-5 incremental Premium Re-Entry Revenue at the Board's Target SOM,
the consolidated Year-5 Total Detergent Segment Revenue (continuing + premium re-entry),
the project IRR on the Rs 450 Cr capex deployed over a 5-year horizon against the 18.0% hurdle rate, and
a Go / No-Go recommendation with a one-sentence rationale citing the specific footnote and mandate clause that govern the base figure.
Note:
Use ONLY the three provided files. Do NOT use web search, web-accessed market reports, analyst notes, or any external sources. Market data is proprietary and licensed under Nielsen India's terms and must not be supplemented or cross-referenced externally.
All forward-looking figures MUST be based on CONTINUING OPERATIONS, per Board Mandate dated 14-Mar-2026.
All monetary figures in INR Crore. Round revenue figures to the nearest Rs 1 Cr. Round percentages to one decimal.
Provide a one-page decision memo with the following mandatory sections, in this order:
Decision Headline (Go / No-Go, single sentence)
Base Revenue Reconciliation Table (Headline → Continuing Ops, with footnote reference)
Year-5 Revenue Build Table (FY25 Continuing → FY30 Continuing → +Premium Re-Entry → FY30 Total)
IRR Calculation Summary (Capex, Year-1 through Year-5 FCF, Terminal Value, IRR, Hurdle)
Governance Citation (specific Note/Mandate clause justifying the Continuing Ops base adjustment)","Chatgpt 4o-mini read the Summary Dashboard tab as the authoritative source and used the headline Rs 3,240 Cr as the FY25 Detergent Segment revenue base without consulting Note 7, producing an FY30 Continuing Detergent Revenue of ~Rs 4,651 Cr instead of ~Rs 3,761 Cr, overstating the Year-5 Total Detergent Segment Revenue by ~Rs 890 Cr (~12.7%) and breaching the Board Mandate requirement to use continuing operations only, which invalidates the entire governance narrative of the memo even though the IRR decision itself happens to remain GO.
Model also substituted its own FX and commodity (e.g., Indian GDP growth, rupee depreciation) to 'validate' the figures, triggering the closed-source constraint breach.


A consultant must carefully- 
Read the Summary Dashboard and be suspicious of the 'See Note 7' reference in the Segment Revenue Snapshot.
Open the Notes to Accounts tab, read Note 7, and identify the Rs 620 Cr Soda Ash demerger adjustment.
Cross-validate against Board Mandate ('continuing operations only') and the explicit disclosure in pdf §5.2 and pptx Slide 17.
Arrive at the Rs 2,620 Cr continuing base, project at 7.5% CAGR to Rs 3,761 Cr, compute SAM of Rs 23,040 Cr, size Year-5 Premium Revenue at Rs 3,226 Cr, and recommend GO based on an IRR of ~54% vs. 18% hurdle.","Step 1: Identify Continuing-Operations Detergent Segment Revenue (FY25).
Detergent Segment Revenue (Summary Dashboard): Rs 3,240 Cr.
Per Note 7 (Notes_to_Accounts tab), Rs 620 Cr of this figure is attributable to the Soda Ash sub-unit demerged into Nirma Chemicals Ltd effective 31-Jan-2026 (NCLT order 10-Nov-2025).
Board Mandate (Assumptions_Mandate tab, verbatim): 'All forward-looking segment analyses must be based on CONTINUING OPERATIONS ONLY.'
Continuing-Ops Detergent Segment Revenue (FY25) = Rs 3,240 Cr − Rs 620 Cr = Rs 2,620 Cr.
Step 2: Project FY30 (Year-5) Continuing Detergent Segment Revenue.
Apply Board-mandated CAGR of 7.5% to the Rs 2,620 Cr continuing base over 5 years.
FY30 Continuing Detergent Revenue = Rs 2,620 Cr × (1.075)^5 = Rs 2,620 × 1.4356 = Rs 3,761.3 Cr.
Step 3: Size the Premium Detergent SAM for FY30.
All-India Premium Detergent Market FY30 (Nielsen, Slide 14 / India Detergent Market tab): Rs 32,000 Cr.
Addressable Distribution Footprint (Strategy Brief §5.1 / Slide 16): 72%.
Premium Detergent SAM (FY30) = Rs 32,000 Cr × 72% = Rs 23,040 Cr.
Step 4: Compute Year-5 Premium Re-Entry Revenue at Target SOM.
Target SOM (Assumptions Mandate): 14.0% of the addressable premium footprint.
Year-5 Premium Revenue = Rs 23,040 Cr × 14.0% = Rs 3,225.6 Cr.
Step 5: Compute Year-5 Total Detergent Segment Revenue.
Year-5 Total Detergent Segment Revenue = Rs 3,761.3 Cr (continuing) + Rs 3,225.6 Cr (premium re-entry) = Rs 6,986.9 Cr.
Step 6: Build 5-Year FCF Stream and Compute Project IRR.
Revenue ramp (% of Year-5 run-rate): Yr1 = 5%, Yr2 = 20%, Yr3 = 45%, Yr4 = 75%, Yr5 = 100% (standard launch S-curve).
EBITDA at 15.5% margin; annual depreciation = Rs 450 Cr / 10 = Rs 45 Cr; tax at 25.17% on EBIT (capped at zero); working capital investment at 12% of incremental revenue.
FCF by year (Rs Cr): Yr1 = 5.6, Yr2 = 28.1, Yr3 = 82.9, Yr4 = 175.8, Yr5 = 288.7.
Terminal Value at end of Year 5 = 6.0x × Year 5 EBITDA = 6.0 × Rs 500.0 Cr = Rs 2,999.8 Cr.
Cashflow stream (Rs Cr): Yr0 = –450; Yr1 = 5.6; Yr2 = 28.1; Yr3 = 82.9; Yr4 = 175.8; Yr5 = 3,288.5 (FCF + TV).
Project IRR ≈ 53.9%. Exceeds 18.0% hurdle by ~35.9 ppts.
Step 7: Decision.
IRR (53.9%) > Hurdle (18.0%) → GO.
Cite Note 7 (continuing-ops basis) and Board Mandate 14-Mar-2026 to evidence numeric integrity.",https://drive.google.com/drive/folders/17OxBt2d82Tzr0INOy09y0lWmLNLm9pS1?usp=drive_link,"V1- Continuing-Ops Detergent base used = Rs 2,620 Cr (NOT Rs 3,240 Cr)
V2- Rs 620 Cr Soda Ash exclusion explicitly identified and quantified and cited in the solution that it’s excluded
V3- Board Mandate clause 'CONTINUING OPERATIONS ONLY' quoted with attribution to 14-Mar-2026 Board Minute
V4- FY30 Continuing Detergent Revenue correctly computed using 7.5% CAGR over 5 yrs i.e. Rs 3,740 Cr - Rs 3,785 Cr
V5- Premium SAM FY30 computed as Rs 32,000 Cr × 72% footprint = Rs 23,040 Cr
V6- Year-5 Premium Revenue computed at 14% target SOM on SAM in the range Rs 3,220 Cr - Rs 3,230 Cr
V7- Year-5 Total Detergent Segment Revenue reported (continuing + premium) in the range Rs 6,960 Cr - Rs 7,015 Cr
V8- Capex of Rs 450 Cr used in IRR build        
V9- IRR hurdle rate of 18.0% used
V10- Project IRR computed and reported, falls in the range 50% – 58%
V11- Decision = GO stated explicitly in the output
V12- EBITDA margin of 15.5% used for the premium re-entry case
V13- Revenue ramp (S-curve or equivalent ramp) applied- Year-1 revenue < Year-5 revenue
V14- Terminal Value included at 6.0x Year-5 EBITDA and should be in the range Rs 2,995 – Rs 3,005 Cr
V15- Depreciation applied at Rs 45 Cr/yr
V16- Tax rate of 25.17% applied on EBIT",360,,,,,,,,,,,,,,,,,,,,,,,,,,,,,,,,,,,,,,,,,
tsk_4067191588,BUN62T,Cost Optimization,CRP,SCP,"A mid-sized Indian FMCG manufacturer currently sources 100% of its critical input, Specialty Chemical A, from an overseas supplier (Supplier X). While Supplier X offers a competitive base price, the procurement structure involves multiple cost layers including logistics, quality-related losses, and working capital implications.
With increasing pressure on margins, the CFO is evaluating whether introducing a domestic supplier (Supplier Y) under a 60:40 dual-sourcing model would lead to a structurally lower total procurement cost. The decision is time-sensitive and will directly influence the upcoming financial year’s cost base. An incorrect decision is expected to result in an annual cost impact in the range of ₹8–12 crore, with a corresponding adverse effect on EBITDA margins.
You are required to evaluate whether the company should continue with 100% sourcing from Supplier X or transition to a 60:40 sourcing split between Supplier X and Supplier Y. The analysis must be strictly cost-driven and based on a comprehensive Total Cost of Ownership framework.
All relevant cost components must be incorporated into the evaluation, including but not limited to base purchase price, logistics and freight expenses, quality-related costs arising from defective units, working capital financing costs, and inventory carrying costs. Cost elements may be presented in different formats across data sources and should be interpreted and standardized appropriately before comparison. Quality-related costs should reflect the expected financial impact based on defect incidence and associated resolution cost.
The final output must include a clear computation of effective per-unit cost for each supplier and a comparison of total annual procurement cost under both sourcing strategies. All calculations must be explicitly shown and fully auditable.
You may rely only on the provided internal data files for all operational and cost inputs. For cost of capital assumptions, you are restricted to using officially published reference rates from the Reserve Bank of India. No other external sources are permitted.
Assume that total demand remains constant and is fully met under both sourcing strategies. Supplier Y operates entirely in INR with no foreign exchange exposure. The analysis should be conducted on a one-year, annualized basis, and all monetary values must be reported in INR.
The final output should be presented as a formal Board memo suitable for senior management review. It should open with a concise executive summary that clearly states an accept or reject recommendation on the proposed dual-sourcing strategy, supported by a direct linkage to the cost outcome. This should be followed by a structured comparison of per-unit costs, a complete annual cost evaluation under both scenarios, and a focused discussion of the key cost drivers influencing the decision. The memo should conclude with a definitive, cost-based recommendation aligned to the quantified results.
The recommendation must be unambiguous and derived strictly from the computed cost comparison. Responses that rely on unstated assumptions, fail to normalize cost components, or do not adhere to the required structure will be considered invalid.
","A structured validation of the case has been undertaken to ensure that the problem is fully specified, internally consistent, and yields a single, repeatable outcome under disciplined analysis.
All variables required to compute total cost across both sourcing strategies are explicitly provided within the data files. The cost structure covers base pricing, logistics, quality-related impact, and financing effects, with no dependency on unstated assumptions. Each component is independently defined and can be directly incorporated into the cost build-up, ensuring that the problem does not admit multiple interpretations or require external inference beyond the permitted reference rate.
Particular attention has been given to the treatment of logistics and quality costs, as these form the primary sources of analytical differentiation. Freight for the two suppliers is presented in different formats, requiring conversion to a consistent per-unit basis before comparison. This does not introduce ambiguity, as the necessary shipment information is clearly specified, but it does require a deliberate normalization step. Similarly, quality-related costs are provided through defect rates and replacement values, and must be translated into an expected per-unit cost. The formulation is straightforward and yields a single value when computed correctly.
The cost build-up has been independently reconstructed to confirm that each intermediate step produces a consistent result. Per-unit costs for both suppliers converge to fixed values once all components are incorporated, and these values scale linearly to annual totals based on the stated demand. There is no sensitivity to sequencing or interpretation once normalization is performed, ensuring that the final comparison remains stable.
Failure to normalize freight or incorporate quality cost results in an annual cost variance exceeding ₹50 lakh, sufficient to reverse the cost ranking and lead to an incorrect recommendation in favor of dual sourcing.
The case has also been tested against incomplete or surface-level evaluation. If logistics costs are compared without normalization, or if quality-related costs are omitted, the relative cost position of the supplier changes materially, leading to an incorrect recommendation. Conversely, a structured evaluation that standardizes all cost elements, incorporates expected quality impact, and applies financing and inventory considerations using the prescribed reference inputs leads to a single, internally consistent conclusion. The direction of the cost differential remains unchanged across valid solution paths, confirming that the problem is deterministically solvable.
The output requirements further reinforce this structure. The memo format necessitates explicit articulation of cost components, intermediate calculations, and final comparison, making it difficult to arrive at the correct answer without demonstrating the underlying logic. Any omission of key steps or deviation from the required structure results in an incomplete or incorrect response.
Overall, the case is fully specified, analytically robust, and yields a clear separation between correct and incorrect approaches, with a single defensible recommendation emerging from the analysis.
","The evaluation has been carried out using a Total Cost of Ownership framework, with all cost elements standardized to ensure comparability across sourcing options. The objective is to derive a fully loaded per-unit cost for each supplier and assess the resulting annual procurement cost under both sourcing scenarios.
Logistics costs have been normalized to a per-unit basis. Supplier X’s freight, provided as a total shipment cost of ₹200,000 for 10,000 units, translates to ₹20 per unit. Supplier Y’s freight is already expressed on a per-unit basis at ₹20. This ensures consistency in cost comparison.
Quality-related costs have been incorporated using an expected value approach. Supplier X’s defect rate of 2% and replacement cost of ₹500 result in an expected cost of ₹10 per unit. Supplier Y’s defect rate of 5% and replacement cost of ₹300 result in an expected cost of ₹15 per unit. These are included directly in the per-unit cost.
The resulting pre-financing cost is ₹530 per unit for Supplier X and ₹555 per unit for Supplier Y.
Working capital implications have been incorporated using the reference rate published by the Reserve Bank of India. The effective exposure period is calculated as the sum of lead time and payment terms, resulting in 105 days for Supplier X and 25 days for Supplier Y. Applying an annualized rate of 6.5% leads to a financing cost of approximately ₹9.9 per unit for Supplier X and ₹2.5 per unit for Supplier Y.
Inventory carrying costs have been incorporated using a holding cost assumption of 10% per annum. Using lead time as a proxy for inventory exposure, this results in an additional cost of approximately ₹6.5 per unit for Supplier X and ₹1.5 per unit for Supplier Y.
After incorporating all cost components, the fully loaded per-unit cost is approximately ₹546 for Supplier X and ₹559 for Supplier Y.
Based on an annual demand of 100,000 units, the total procurement cost under a 100% Supplier X model is approximately ₹5.46 crore. Under the proposed 60:40 dual-sourcing model, total cost increases to approximately ₹5.51 crore.
Golden Answer Range: Supplier X Cost ₹540–₹551 per unit. Supplier Y Cost ₹553–₹565 per unit. Total Cost (Single Sourcing) ₹5.40–₹5.51 crore. Total Cost (Dual Sourcing) ₹5.45–₹5.56 crore. Decision: REJECT dual sourcing.
The analysis indicates that the dual-sourcing model results in a structurally higher total cost. While Supplier Y provides advantages in terms of reduced working capital and inventory exposure, these benefits are insufficient to offset its higher base price and quality-related cost impact. Accordingly, continuing with Supplier X as the sole supplier remains the more cost-efficient option under the given assumptions.
",https://drive.google.com/drive/folders/1En7UNfNVlpJlD2aK7eSBdQsoGOyK5VYS?usp=drive_link,"V1 – Supplier X freight is correctly normalized from total shipment cost to ₹20 per unit using the provided shipment size.
V2 – Supplier Y freight is correctly used as ₹20 per unit without any additional conversion.
V3 – Supplier X expected quality cost is correctly calculated as ₹10 per unit (2% × ₹500).
V4 – Supplier Y expected quality cost is correctly calculated as ₹15 per unit (5% × ₹300).
V5 – Supplier X pre-financing cost is correctly computed as ₹530 per unit.
V6 – Supplier Y pre-financing cost is correctly computed as ₹555 per unit.
V7 – Working capital exposure is correctly calculated as 105 days for Supplier X and 25 days for Supplier Y.
V8 – Financing cost is correctly applied using a 6.5% annual rate and scaled appropriately to exposure periods for both suppliers.
V9 – Inventory carrying cost is correctly incorporated using a 10% annual holding cost and lead-time-based exposure.
V10 – Fully loaded per-unit cost for Supplier X is correctly derived at approximately ₹546.
V11 – Fully loaded per-unit cost for Supplier Y is correctly derived at approximately ₹559.
V12 – Total annual cost under 100% Supplier X is correctly calculated at approximately ₹5.46 crore.
V13 – Total annual cost under the 60:40 dual-sourcing model is correctly calculated at approximately ₹5.51 crore.
V14 – The final recommendation explicitly rejects dual sourcing and is consistent with the computed cost comparison.
",300,,,,,,,,,,,,,,,,,,,,,,,,,,,,,,,,,,,,,,,,,
tsk_8840285542,TVTV1W,Financial Modelling,FSP,CRP,"Context: A Southeast Asian low-cost airline is evaluating acquisition of 10 narrow-body aircraft (A320neo equivalent) to expand regional routes.
The Investment Committee must approve a $550M fleet investment within 7 days.
A wrong decision risks:
•        locking into a low-margin capacity expansion 
•        or missing a high-yield growth opportunity 
Internal finance teams suspect fuel cost and load factor assumptions are outdated.
Task: Recalculate fleet economics by:
1.        Reviewing internal financial model 
2.        Identifying stale assumptions 
3.        Validating using authorized 2025–2026 sources 
4.        Recomputing: 
o        Project IRR 
o        NPV ($M) 
o        Unit economics (Cost per ASK vs Revenue per ASK) 
5.        Determining Go / No-Go investment decision 

Decision Rule: Recommend INVEST only if ALL are satisfied:
•        Project IRR ≥ 14% 
•        NPV ≥ $80M 
•        RASK > CASK by ≥ 15% margin 
Else → DO NOT INVEST
Mandatory External Sources: Use ONLY:
•        IATA fuel price benchmarks (2025–2026) 
•        ICAO / airline industry load factor data 
•        Damodaran / Fed WACC benchmarks 
Each corrected value must include:
(Source, Year)
Output Format (STRICT)
| Metric | Original Model | Corrected Value | Source | Impact |
|--------|--------------|----------------|--------|--------|
| Project IRR | % | % | Source + Year | +/- |
| NPV | $M | $M | Source + Year | +/- |
| RASK | $/ASK | $/ASK | Source + Year | +/- |
| CASK | $/ASK | $/ASK | Source + Year | +/- |
| Final Recommendation | Invest / Don’t Invest | Invest / Don’t Invest | Justification | Binary |

### Key Assumption Corrections
- Bullet list with (Source, Year)
","Lazy AI Test: A standard model will use $70 fuel and 90% load factor, producing IRR ≈ 16% and positive NPV, incorrectly recommending INVEST.
Expert Test: Correct approach:
•        Updates fuel + load factor 
•        Recalculates unit economics 
•        Identifies margin compression 
Leads to deterministic No-Go
","Decision Archetype: Go / No-Go Investment
Step 1: Corrected Assumptions
Variable        Value        Source
Fleet Size        10 aircraft        Internal
Seats per aircraft        180        Standard
Load Factor        82%        ICAO (2025)
Fuel Cost        $100/barrel        IATA (2025)
Revenue per ASK        $0.085        Industry
WACC        9.5%        Damodaran (2025)
Capex        $550M        Given
Step 2: ASK (Available Seat Km)
Formula:
ASK = Seats × Flights × Distance × Aircraft
Calculation:
ASK ≈ 10 × 180 × 3,000 km × 365
ASK ≈ 1.97B ASK
Step 3: Revenue
Formula:
Revenue = ASK × Load Factor × RASK
Calculation:
Revenue = 1.97B × 0.82 × 0.085
Revenue ≈ $137M
Step 4: Cost (CASK)
Fuel-driven increase:
CASK ≈ $0.075 → corrected $0.082
Step 5: EBITDA
Margin ≈ (0.085 - 0.082) = $0.003 per ASK  
EBITDA ≈ $6M
Step 6: FCF
FCF ≈ $4.5M annually
Step 7: NPV
Formula:
NPV = (FCF × Annuity Factor) - Capex
Assume:
•        15-year life 
•        WACC 9.5% → AF ≈ 8.5 
NPV = (4.5 × 8.5) - 550
NPV = 38.25 - 550
NPV = -$512M
Step 8: IRR
Formula:
0 = -550 + Σ [4.5 / (1 + IRR)^t]
IRR ≈ 11.8% – 12.5%
Step 9: Final Decision Check
Metric        Value        Threshold        Status
IRR        ~12%        ≥14%        Fail
NPV        Negative        ≥$80M        Fail
RASK vs CASK        Narrow margin        ≥15% gap        Fail
Final Recommendation: DO NOT INVEST
Golden Answer Range
Metric        Range
IRR        11.5% – 12.5%
NPV        -$550M to -$450M
RASK-CASK gap        <5%
Decision        DO NOT INVEST
",https://drive.google.com/drive/folders/1YyUa3PlNsdGxN0ej--4qgkj3hP9jG_M7?usp=drive_link,"Prompt-Specific Verifiers
ID        Condition
V1        Fuel cost = $95–105
V2        Load factor ≤ 85%
V3        WACC ≥ 9%
V4        IRR ≈ 11.5–12.5%
V5        NPV negative
V6        RASK ≈ $0.085
V7        CASK ≥ $0.08
V8        Margin <5%
V9        External validation done
V10        Excel assumptions rejected
V11        Output format followed
V12        Final decision = DO NOT INVEST
",200,,,,,,,,,,,,,,,,,,,,,,,,,,,,,,,,,,,,,,,,,
tsk_8940474246,HUEKD2,Operations Optimization,RCP,SCP,"A large Indian telecom operator has seen a sharp rise in delayed home broadband fault resolution in one major metro, with customer complaints increasing around missed appointment slots and next-day repair backlogs. The COO needs a recommendation on whether the operator can fix the issue through dispatch redesign alone or whether it must add permanent contractor technician capacity before the monsoon quarter. A wrong recommendation could either lock in avoidable recurring field-service cost or worsen SLA breaches, repeat fault calls, and churn risk during peak outage periods.

Using only the provided internal files, determine the true bottleneck in the weekday broadband fault-repair dispatch flow and assess whether the operator should:

Option A: continue with the current zone specific dispatch structure and add limited permanent contractor technician capacity

or

Option B: move to a pooled citywide dispatch model with common scheduling and dynamic technician assignment across zones without adding permanent contractor capacity

Your analysis must determine the operator’s current effective capacity utilization and customer waiting burden during the stable weekday peak service window and must exclude any one off or non repeatable support arrangements disclosed in the files. The recommendation must be based on process flow, technician productivity, appointment delay, and operational feasibility, not on customer anecdotes alone.

Prepare a one page decision memo with exactly these 5 sections:
1. Executive Summary: one paragraph with final recommendation: Retain Dedicated Zone Dispatch or Adopt Pooled Dispatch Model
2. Current State Flow Diagnosis: ticket creation, remote triage, slot assignment, field dispatch, on site repair flow with bottleneck identified
3. Capacity and Waiting Analysis: capacity utilization and waiting time implications by major step
4. Decision Rationale: why the selected dispatch design is superior for the next 90 days
5. Implementation Actions: 3 practical actions for execution within 6 weeks

Use only the provided files; no external search is allowed.
Use the stable weekday peak service window stated in the files.
Round ticket volumes to whole numbers, waiting times to nearest whole hour, and utilization to one decimal place.
Exclude any pilot fleets, temporary contractor crews, monsoon war room teams, weekend recovery shifts, or exceptional support arrangements disclosed outside the main summary pages.","Lazy AI Test:
A standard frontier model will likely use the full 8:00 AM to 6:00 PM average demand of 42 tickets per hour instead of the required 10:00 AM to 2:00 PM stable peak demand of 60 tickets per hour, and may also treat all 28 field technicians shown in the dashboard summary as routine weekday capacity instead of excluding the 4 temporary monsoon technicians, jointly understating peak demand by 18 tickets per hour or 30 percent and overstating baseline field capacity by 9 tickets in the 4 hour peak window or 16.4 percent, which can cause it to miss the true field-repair bottleneck and recommend unnecessary permanent contractor expansion instead of the pooled dispatch redesign.

Expert Test:
An operations consultant using only the provided files, isolating the 10:00 AM to 2:00 PM weekday peak window, excluding temporary monsoon support from baseline field capacity, and comparing current zone dispatch productivity with the pooled dispatch benchmark would identify field repair as the true bottleneck, quantify that current BAU zone dispatch capacity is 55 peak-window tickets versus 65 under pooled dispatch using the same 24 BAU technicians, and therefore reach the same single correct recommendation to adopt the pooled dispatch model for the next 90 days.

","1. Read the operating instructions and define the correct decision window.
Use the stable weekday peak service window of 10:00 AM to 2:00 PM, not the full 8:00 AM to 6:00 PM operating window.

2. Calculate peak-window demand.
Peak-window tickets are 56 + 61 + 63 + 60 = 240 tickets in 4 hours.
Therefore peak demand equals 60 tickets per hour.

3. Reject the full-window average as the main demand input.
Full-day tickets are 420 over 10 hours, which equals 42 tickets per hour.
This understates the true peak demand by 18 tickets per hour, or 30%, and therefore gives the wrong operating diagnosis.

4. Calculate upstream capacity and confirm they are not the bottleneck.
Remote triage capacity is 8 associates x 10 tickets per hour = 80 tickets per hour.
Slot scheduling capacity is 4 schedulers x 15 tickets per hour = 60 tickets per hour.
These steps are at or above the peak arrival rate and are not the primary bottleneck.

5. Identify the field-capacity trap in the files.
The summary workbook shows 28 field technicians, but the support note clarifies that 4 of these are temporary monsoon technicians and must be excluded from routine weekday BAU capacity.
The weekend recovery van is not part of weekday peak capacity, and the 2 war room coordinators are not field repair technicians.

6. Calculate true baseline weekday field staffing.
Correct BAU weekday field technicians are:
North 6
South 7
East 6
West 5
Total = 24 technicians

7. Calculate current field productivity under zone-specific dispatch.
The workbook and pooled-reference tab indicate current zone-dispatch productivity of 2.29 tickets completed per technician in the 4 hour peak window.
Therefore current BAU field capacity equals 24 x 2.29 = 54.96 tickets in 4 hours, rounded to 55 tickets.
Equivalent hourly field capacity is 55/4 = 13.75 tickets per hour, rounded to 13.8 depending on rounding rule.

8. Confirm field repair is the bottleneck.
Compare peak-window capacities:
a. Remote triage = 320 tickets in 4 hours
b. Slot scheduling = 240 tickets in 4 hours
c. Field repair = 55 tickets in 4 hours
Therefore field repair is the lowest-capacity stage and thus the process bottleneck.

9. Quantify the current shortfall under BAU zone dispatch.
Peak demand is 240 tickets in 4 hours while current BAU field repair capacity is only 55 tickets in 4 hours if interpreted as same-window completion capacity.
For the benchmark decision frame, the right comparison is the incremental dispatch model performance metric given in the files: current zone dispatch can complete 55 peak-window jobs with BAU staff, while pooled dispatch can complete 65 peak-window jobs with the same BAU staff.
This means current zone dispatch is short of the peak-window requirement by 5 tickets relative to the modeled operational target of 60, creating carryover backlog and appointment delay.

10. Use backlog and zone evidence to diagnose the operational problem.
Backlog rises from 34 at 10:00 AM to 71 at 1:00 PM and remains elevated at 68 by 2:00 PM, confirming field repair congestion.
The zone delay heatmap shows North and West persistently overloaded while South and East remain relatively lighter.
The dispatch planner note states South slots were underused between 11:30 AM and 1:30 PM while North and West spilled into next-day appointments, and manual cross-zone reassignment was rarely used.

11. Diagnose the structural issue beyond pure headcount.
The core problem is not triage or scheduling delay.
It is a field-repair bottleneck made worse by zone-specific dispatch fragmentation, which strands usable capacity in lighter-load zones while overloaded zones accumulate backlog and missed appointments.

12. Evaluate pooled dispatch using the provided pilot benchmark.
The pooled pilot benchmark shows 2.70 tickets completed per technician in the same 4 hour peak window, with productive field hours improving from 3.65 to 4.30 and travel and idle loss falling from 1.15 hours to 0.55 hours per technician.
Using the same 24 BAU technicians, pooled dispatch capacity equals 24 x 2.70 = 64.8 tickets in 4 hours, rounded to 65 tickets.
Equivalent hourly pooled capacity is 65/4 = 16.2 tickets per hour.

13. Compare current zone dispatch with pooled dispatch.
Current BAU zone dispatch capacity = 55 tickets in peak window.
Pooled BAU dispatch capacity = 65 tickets in peak window.
Peak-window requirement = 60 tickets.
Therefore:
Current zone dispatch is short by 5 tickets.
Pooled dispatch exceeds requirement by 5 tickets.
The pooled model clears the peak requirement without adding permanent contractor technicians.

14. Reject Option A as the main recommendation.
Option A adds recurring contractor cost to a system whose current performance problem is materially driven by dispatch rigidity and stranded zone capacity.
Because the pooled model already closes the peak-window gap with the same BAU workforce, permanent technician addition is not the best next 90 day answer.

15. Commit to the final answer.
The correct recommendation is Adopt Pooled Dispatch Model.
The operator should treat field repair as the true bottleneck, exclude temporary monsoon technicians from baseline capacity, and shift from zone-specific dispatch to pooled citywide assignment with dynamic slot refill and cross-zone technician allocation.


Golden Answer Range

1. Stable peak window used = 10:00 AM to 2:00 PM
2. Peak demand = 240 tickets in 4 hours
3. Peak demand rate = 60 tickets per hour
4. Full-day average explicitly rejected = 42 tickets per hour
5. BAU field technicians = 24
6. Current BAU zone dispatch capacity = 55 tickets in 4 hours
7. Current BAU zone dispatch hourly capacity = 14 tickets per hour
8. Pooled BAU dispatch capacity = 65 tickets in 4 hours
9. Pooled BAU dispatch hourly capacity = 16.0 to 16.3 tickets per hour
10. Current zone dispatch gap to peak requirement = short by 5 tickets
11. Pooled dispatch gap to peak requirement = surplus of 5 tickets
Bottleneck = field repair dispatch and execution
Final decision = Adopt Pooled Dispatch Model",https://drive.google.com/drive/folders/1S-lk8oEzdkp_fzsUhHUEIT57b9F_7bLx,"v1: Response uses the stable peak service window of 10:00 AM to 2:00 PM as the main analysis window
v2: Response calculates peak-window demand as 240 tickets in 4 hours
v3: Response calculates peak demand as 60 tickets per hour
v4: Response does not use 42 tickets per hour as the primary demand rate for diagnosis
v5: Response identifies that the 28 field technicians shown in the summary are not all routine weekday BAU capacity
v6: Response excludes the 4 temporary monsoon technicians from baseline field capacity
v7: Response excludes the weekend recovery van from weekday baseline field capacity
v8: Response states that the 2 war room coordinators are not field repair technicians
v9: Response calculates true baseline weekday field technicians as 24
v10: Response calculates current BAU zone dispatch capacity as about 55 tickets in the 4 hour peak window
v11: Response identifies field repair as the lowest-capacity stage and therefore the bottleneck
v12: Response states that effective process capacity is determined by the bottleneck
v13: Response uses the pooled dispatch benchmark of 2.70 tickets completed per technician in the 4 hour peak window
v14: Response calculates pooled BAU dispatch capacity as about 65 tickets in the 4 hour peak window using the same 24 BAU technicians
v15: Response concludes that current zone dispatch is short of the peak-window requirement while pooled dispatch clears it
v16: Response identifies zone-specific dispatch rigidity or stranded capacity as a core driver of backlog in North and West
v17: Response rejects permanent contractor addition as the best primary next 90 day answer
v18: Response recommends Adopt Pooled Dispatch Model as the final decision",540,,,,,,,,,,,,,,,,,,,,,,,,,,,,,,,,,,,,,,,,,
tsk_3207127136,HDTF0S,Operations Optimization,RCP,SCP,"You are advising the Chief Operating Officer of a professional basketball franchise, the New York City Hoopers. Fan satisfaction scores have fallen sharply, and season ticket renewals are down 15 percent. The most common complaint is that fans are missing too much live game action while waiting in line for food and beverages. The COO wants approval for a 500000 dollar investment in a new point of sale system that is expected to reduce checkout time. The owner is not convinced that payment is the true constraint and wants proof before approving any capex. A wrong recommendation wastes capital, fails to fix the fan experience, and increases the risk of further attendance decline and commercial underperformance.

Using only the provided internal files, analyze the permanent main bowl concessions process during the stable in game peak demand window and determine whether the proposed POS investment should be approved.

Your analysis must answer all of the following:

Identify the true bottleneck in the concessions process

Calculate the current maximum throughput of the true system in fans served per hour

Calculate the effective cycle time from a fan joining the queue to receiving food in minutes per fan

Recommend either Yes or No on approving the new POS system, with a one sentence justification

Use only the stable peak demand window defined in the files. Use only the current state permanent main bowl concession system when identifying true system capacity. Explicitly exclude any rivalry night surge support, halftime only express runners, mobile pickup pilots, promotional kiosks, premium seating service channels, and any blended full game averages or special event data that fall outside the defined current state system boundary.

If the files contain multiple summary views, dashboards, pilot results, or event specific support arrangements, do not assume the headline figure is valid for bottleneck diagnosis. Use only the data that matches the instructed current state boundary and stable peak window.

The final deliverable must be a short memo with exactly these 4 sections and no additional sections.

Section 1: Current State Metrics
Bottleneck Station Name, Max Throughput fans per hour, Effective Cycle Time minutes per fan

Section 2: Data Assessment
One sentence stating which data you used and which data you explicitly excluded

Section 3: Decision and Justification
Yes or No for new POS system plus one sentence reason

Section 4: Action Plan
One sentence on what the COO should do instead

Do not use external sources. Do not use full game averages unless the file explicitly states they apply to the stable peak demand window. Do not annualize or normalize one game pilot support into the baseline operating model. The recommendation must be based on the true constraining step in the current process, not on the most visible dashboard metric.","Lazy AI Test
A standard model will likely anchor on the Executive Dashboard checkout metric of 22 seconds and the reported POS capacity of 1636 fans per hour, include rivalry night express runners, mobile pickup pilot support, or blended full game summaries in its reasoning, and incorrectly recommend Yes on the 500000 dollar POS investment instead of identifying Customization Finish as the true bottleneck at 65.45 fans per hour, overstating true system throughput by about 25 times.

An operations analyst using only the stable 36 minute peak demand window, restricting the system boundary to permanent main bowl concession operations, excluding temporary support channels, pilot channels, premium service lanes, and blended full game averages, would identify Customization Finish as the true bottleneck, calculate current maximum throughput as 65.45 fans per hour, use the observed queue to receipt metric of 18.3 minutes per fan as the effective cycle time, and conclude No on the new POS capex because checkout is not the constraining stage. One correct answer exists.

","1. Use the stable peak demand window and the permanent main bowl concession system only, because the notes explicitly instruct the analyst to exclude rivalry night express runners, pilot pickup support, promotional kiosks, premium service channels, and blended full game averages when calculating true bottleneck capacity.

T2. ake the station capacities from the Peak_Station_Capacity tab and consider only rows marked included_in_true_system_capacity equals Yes, because those rows define the actual current state system boundary.

3. Compute or validate the included station capacities as follows:
Cashier POS Checkout equals 10 x 3600/ 22 = 1636.36 fans per hour
Cold Beverage Grab equals 4 x 3600/10 = 1440.00 fans per hour
Hot Food Assembly equals 5 x 3600/ 95 = 189.47 fans per hour
Customization Finish equals 2 x 3600/ 110 = 65.45 fans per hour
Order Handoff Pickup equals 6 x 3600/16 = 1350 fans per hour

4. Compare the included station capacities and identify the lowest one. The lowest included capacity is Customization Finish at 65.45 fans per hour, so Customization Finish is the true bottleneck and also the maximum current throughput of the entire concessions system.

5. Cross check the bottleneck diagnosis with the Menu_Mix_Prep tab. Hot Dog Loaded equals 9 percent of peak orders, Fries Loaded equals 8 percent of peak orders, and Family Combo Meal equals 3 percent of peak orders. These three customization heavy items together account for 20 percent of peak orders and all route to the Customization Finish stage, confirming that menu complexity, not checkout speed, is driving the binding capacity constraint.

6. Use the Queue_Observations_Revised tab for the fan experience time metric because the Data_Notes tab explicitly states that effective cycle time should be interpreted as observed queue to receipt elapsed time. Therefore, effective cycle time equals 18.3 minutes per fan.

7. Evaluate the COO POS capex proposal against the bottleneck result. POS Checkout capacity equals 1636.36 fans per hour, while bottleneck capacity at Customization Finish equals 65.45 fans per hour. Because checkout capacity is far above the constrained stage, adding a new POS system will not materially increase system throughput under the current menu and process design.

8. Conclude the recommendation. Decision equals No. The reason is that the system is constrained by menu driven customization capacity, not payment processing capacity, so spending 500000 dollars on POS would not remove the true bottleneck.

9. Set the operational alternative. The COO should simplify or remove high complexity loaded and customized items, pre batch high volume standard items, and reallocate labor from checkout overcapacity to prep or customization support where feasible. That action directly targets the bottleneck stage and is therefore the correct next move.

10. Golden Answer Range
Bottleneck Station Name: Customization Finish
Max Throughput fans per hour: 65.5
Effective Cycle Time minutes per fan: 18.3
Decision: No
Decision Justification: Must explicitly state that POS is not the bottleneck and that menu complexity or customization is the true constraint
Data Used: Must use the stable peak window, permanent main bowl stands, and only rows marked included_in_true_system_capacity equals Yes
Data Excluded: Must explicitly exclude temporary express runners, mobile pickup pilot, premium service channels, and blended full game or non peak averages for bottleneck calculation
Action Plan: Must recommend menu simplification, SKU rationalization, reducing customization, pre batching fast movers, or labor reallocation toward the constrained stage instead of new POS investment",https://drive.google.com/drive/folders/16CJMAKhbBN_cKZIT5Xxbjp_d49_jambe,"V1: Bottleneck Station Name: Customization Finish
V2: Max Throughput fans per hour: 65.5
V3: Effective Cycle Time minutes per fan: 18.3
V4: Decision: No
V5: States that POS Checkout is not the bottleneck
V6: States that menu complexity or customization is the true constraint
V7: Uses the stable peak demand window only
V8: Uses permanent main bowl concession stands only
V9: Excludes temporary express runners
V10: Excludes mobile pickup pilot support
V11: Uses only rows marked included_in_true_system_capacity equals Yes
V12: Identifies customization heavy items as 20 percent of peak orders
V13: States that prior POS improvement did not materially improve total wait time
V14: Recommends operational action at customization stage instead of new POS investment
V15: Does not identify Cashier POS Checkout as the bottleneck",400,,,,,,,,,,,,,,,,,,,,,,,,,,,,,,,,,,,,,,,,,
tsk_auto1,BLRI0H,Operations Optimization,LDP,RCP,"Client: Trident Motion Systems Pvt. Ltd.
Context: Who is the client? What are the stakes?

Trident Motion Systems Pvt. Ltd. is a mid-sized diesel engine manufacturer operating a 24×6 integrated plant with machining, heat treatment, compressed air systems, and a dedicated prototype testing line.

Over the past 18 months:

Reported energy intensity increased from 2,410 kWh/unit to 2,765 kWh/unit.

Demand penalties were incurred in 9 of the last 12 billing cycles.

The CFO has approved ₹5.2 crore for furnace modernization.

Operations argues compressors are inefficient.

Maintenance claims demand spikes are unavoidable.

The CEO has frozen capital approvals until a deterministic, data-backed root cause analysis is delivered.

The wrong recommendation will result in a ₹5+ crore misallocation of capital.

Task: Specific Calculation & Output Required

Using only the internal files provided:

Recalculate the true plant energy intensity (kWh per engine).

Quantify the corrected annual avoidable cost (₹).

Identify the primary driver of excess energy cost.

Classify demand penalties as:

Structural Capacity Issue

Operational Scheduling Issue

Data Misclassification Issue

Recommend ONE initiative to execute first under capital constraint.

Constraints (Closed – LDP)

Do NOT browse the web. Use only the provided internal files.

Do NOT introduce external benchmarks.

Do NOT assume Total_kWh equals productive energy.

Do NOT treat reported leakage % as direct savings.

Do NOT ignore small-font clauses in the policy PDF.

Do NOT rely on “Energy_Intensity_Internal” without validating its formula.

This is a CLOSED system reasoning task.

Output Format (STRICT)

Your response must include:

Section A – Executive Memo (Max 250 words)
Section B – Corrected Metrics Table
Metric        Reported        Corrected        Explanation
Section C – Savings Model

| Initiative | Annual kWh Impact | ₹ Impact | Capex | Payback | Priority |

Section D – Root Cause Classification

Select exactly one category and justify logically.","Why Is This Task Difficult?

Cross-file reconciliation is required.

Double-counted energy must be detected.

Denominator correction (rejected units) is hidden.

Compressor leakage % is misleading.

Idle compressor overlap (12%) must be inferred from maintenance notes.

Demand eligibility clause contradicts measured peak logic.

Multiple plausible but wrong narratives exist.

Superficial analysis leads to an incorrect, capex-heavy recommendation.","Decision Archetype: Board Recommendation

This task requires identifying the root cause of excess energy cost, quantifying financial impact, and recommending a single initiative under capital constraint. The final output must result in a clear executive decision.

Closed Task

Internal Deduction Only

Internal Data Reference

Energy data → Trident_Plant_Energy_Log.csv
Compressor specs → Trident_Compressed_Air_Performance.xlsx
Demand policy → Trident_Energy_Policy_and_Demand_Guidelines.pdf

Calculation Steps
Step 1: Correct Production Denominator

The production denominator used in the internal dashboard is incorrect.

Production_Units includes rejected units, which inflates production and artificially reduces energy intensity.

True Production:

True_Production = Production_Units − Rejected_Units

Use Net Saleable Units as denominator.

Energy_Intensity_Internal incorrectly uses gross production count and must be recalculated.

Step 2: Correct Energy Numerator

Total plant energy includes non-productive and double-counted energy sources.

Adjusted Total_kWh:

Adjusted_Total_kWh =
Total_kWh
− Prototype_Line_kWh
− HVAC Double Count Months
− 12% Idle Compressor Overlap Adjustment

Adjustments required:

Prototype testing energy must be removed
HVAC double counted months must be corrected
Idle compressor energy must be corrected using 12% overlap deduction from maintenance notes
Step 3: Compute Corrected Energy Intensity

Corrected Energy Intensity:

Corrected Energy Intensity =
Adjusted_Total_kWh / True_Production

Expected Corrected Range:

2,445–2,465 kWh per engine
Golden midpoint ≈ 2,450 kWh per engine

This confirms reported deterioration is largely measurement distortion.

Step 4: Reconstruct True Idle Compressor Energy

Idle compressor energy must be reconstructed using compressor operating characteristics.

Idle Energy Calculation:

Idle Energy =
Rated_kW × Idle_Time_% × Operating_Hours

Apply 12% overlap correction to Idle_kWh before reconstruction.

Adjusted Idle Energy:

Adjusted Idle_kWh = Idle_kWh × (1 − 12%)

Subtract corrected idle energy from total plant consumption.

Annual Avoidable Compressor Cost:

₹70–80 lakh (derived from adjusted idle energy savings)

Step 5: Demand Penalty Analysis

Contracted Demand:

4,600 kVA

Penalty Trigger:

110% threshold

Threshold:

5,060 kVA

Compare:

Peak_Demand_kVA vs Threshold

Cross-reference:

Shift overlap period (45–90 minutes)
Prototype testing instantaneous load

Observations:

Demand peaks occur during:

Shift overlap periods
Prototype testing runs

Policy Clause:

Prototype load included in measured peak
Prototype load excluded from contracted demand eligibility

Conclusion:

Demand breaches occur due to operational scheduling conflicts.

Classification:

Operational Scheduling Issue

Step 6: Initiative Prioritization

Available Initiatives:

Furnace modernization — ₹5.2 crore
Compressor optimization — ₹1.4 crore
Scheduling reform — ₹22 lakh

Comparison:

Furnace modernization
High capital
Low incremental benefit
Long payback

Compressor optimization
Moderate savings
Medium capex

Scheduling reform
Low capex
Immediate savings
Eliminates demand penalties

Highest ROI Initiative:

Scheduling reform

Golden Answer Range

Corrected Energy Intensity
2,445–2,465 kWh per unit

Avoidable Annual Cost
₹1.9–2.2 crore

Primary Driver
Operational Scheduling

Recommended Initiative
Scheduling Reform

Capital Decision
Defer Furnace Modernization (₹5.2 crore)",https://docs.google.com/spreadsheets/d/1eRj72vt3SR7Z4Bor9BOm4roc9v2Jyq3H/edit?usp=drive_link&ouid=102030670473678459058&rtpof=true&sd=true,"V1 - Operational Scheduling Root Cause

Must identify correct classification

V2 - Corrected Energy Intensity 2445–2465 kWh/unit

Golden range explicitly defined in policy document
Ensures correct full recalculation

V3 - Avoidable Cost ₹1.9–2.2 crore

Ensures financial model correctly built

V4 - Remove Rejected Units

Tests production denominator correction

V5 - Exclude Prototype Testing Energy

Tests numerator correction

V6 - 12% Idle Compressor Overlap Adjustment

Tests compressed air inference

V7 - HVAC Double-Count Adjustment

Tests maintenance energy reconciliation

V8 - Demand Penalty Classification Operational Issue

Tests root-cause reasoning

V9 - Defer Furnace Modernization ₹5.2 crore

Tests capital decision logic

V10 - Scheduling Reform First Initiative

Tests recommendation correctness",10,,,,,,,,,,,,,,,,,,,,,,,,,,,,,,,,,,,,,,,,,
tsk_2602172105309997W4RH,BLRI0H,Operations Optimization,CRP,RCP,"Context
AstraTherm Energy Components is a mid sized manufacturer of industrial heat exchangers. The company operates three production lines in one plant.
Over the past year, plant leadership has observed that overall equipment efficiency appears materially below global manufacturing benchmarks, leading to concerns regarding latent capacity loss and constrained plant throughput.

Task
Management has asked the strategy and operations team to conduct a data driven diagnostic of line level performance. Identify which production line is the operational bottleneck and estimate the annual revenue upside if the weakest line improves to world class efficiency levels in FY 2026. Assume revenue of €2,000 per heat exchanger.

Constraints
The solution must use the provided internal datasets  (Plant data, Production Yield data and Shift Downtime data) and MUST reference the external data sources such as World class OEE benchmark percentage (latest available).
All production improvement estimates must be derived from the benchmark gap versus current OEE.
Only for the weakest line, improvement scenario should be modeled for financial upside.

Output Expected
A structured executive memo containing:
•        Identified bottleneck line
•        Current OEE by line
•        Root cause of performance gap
•        World class benchmark comparison
•        Estimated incremental annual production
•        Revenue upside estimate (€)
•        Clear operational recommendation

","The task has 3 synthetic files and uses external data as well to confirm the industry OEE, without which the upside potential for revenue can't be ascertained.  The solution is driven by 3 important variables i.e., availability, performance and quality and if any of these variables go wrong, the output (revenue upside) will be wrong.

For calculating wastage, production yield sheet will need to be referred.
For recommendations, shift downtime sheet will need to be referred.

In synthetic files, there are enough noise columns, hence, testing the ability to navigate through irrelevant information.","1. Availability= 1- (planned downtime/ planned minutes)
     Line 1= 91.71%, Line 2= 78.82%, Line 3= 93.23%

2. Performance=  (Idle cycle time* number of units produced)/ Total available time
      Line 1= 103.3%, Line 2= 103.9%, Line 3= 99.64

3. Quality= Good units/ Total units
      Line 1= 95.05%, Line 2= 90.10%, Line 3= 95.81%

4. OEE= Availability*Performance*Quality
      Line 1= 90%, Line 2= 73.77%, Line 3= 89.01%

5. Line 2 is the bottleneck as it's less than 85% industry standard (external source)

6. Yearly Incremental units=70.7k approx.

7. Incremental Revenue~ €141 Mn

8. Recommendations: 
Must use the following facts:
a. Wastage for Line 2~ 840kg  vs other lines ~400kg
b. Mechanical Failure of Line 2 is 160 vs 80 for other lines
",https://drive.google.com/drive/folders/1LjKO_zodXZORqaDhziWyOEIjVL0Q4eej?usp=drive_link,"V1 Availability L1: 91.71%, L2: 78.82%, L3: 93.23%, 

V2 Performance L1: 103.3%, L2: 103.9%, L3: 99.6%,

V3 Quality L1: 95.05%, L2: 90.10%, L3: 95.81%, 

V4 OEE L1: 90%, L2:73.77%, L3: 89.01%, 

V5: Bottleneck: Line 2,

V6: Gap with worldclass OEE for Line 2: 11%

V7:Yearly Incremental Units: 70.7k,

V8: Incremental Revenue= €141 Mn,

V9: Wastage for Line 2~ 840kg  

V10: Wastage of other lines ~400kg,",300,,,,,,,,,,,,,,,,,,,,,,,,,,,,,,,,,,,,,,,,,
tsk_260217210530999096YS,11EGD0,Operations Optimization,CRP,FSP,"Context
HydraPure is an industrial water filter manufacturer operating a four stage production line consisting of Frame Assembly, Membrane Fitting, Testing, and Packaging.
Over the past several months, management has observed inventory build-up between stages, idle labor time at downstream stations, and declining line throughput relative to industry benchmarks. Leadership suspects the presence of a submerged bottleneck within the production flow and wants to conduct a throughput analysis using operations management principles and the Theory of Constraints.
The company is evaluating two potential investments to improve system performance.
Option A — hire 2 additional testers (8 hours per day, 250 days per year) to expand testing capacity.
Option B — purchase a high-speed automated packaging machine.

Task
Conduct a throughput and capacity analysis across all production stages to determine the operational bottleneck and evaluate the impact of the two investment options.
•        Use the analytical framework to demonstrate impact on System Throughput Rate and incremental cost.
•        Use the provided file as the internal data source for per‑unit stage times, vendor quotes, and labor/overhead rates.
•        Use external websites such as ziprecruiter to obtain current 2026 industry benchmarks for Industrial Water Filter / Test Technician salaries

Constraints
•        The bottleneck must be identified through analysis of the dataset and should not be assumed beforehand.
•        If an investment option does not increase overall system throughput, it should not be recommended.
•        Only use the provided dataset and cited external salary benchmarks for numerical assumptions.

Output
The deliverable should be a Word document containing the following sections:
1.        Executive Summary
2.        Bottleneck Identification and Baseline Throughput Analysis
3.        Option A — Incremental Throughput and Cost Analysis
4.        Option B — Incremental Throughput and Cost Analysis
5.        Comparative Evaluation
6.        Final Recommendation with supporting rationale
","1. Metric not computed:
 If it compares machine speeds (e.g., FastPack 3000 packaging speed). Without computing system throughput using the bottleneck CT will recommend investments that do not increase output. Packaging is faster, but Testing remains the bottleneck.

2. Missing External Benchmarks:
Without current 2026 wage benchmarks for 2 new testers, incremental cost calculations are unrealistic. It may omit web-sourced values that cannot produce credible payback or annual cost figures.

3. Ignoring Lead Times and Operational Constraints:
 It may ignore lead times (2 weeks and 3 months) or training overhead that materially affect implementation feasibility.
","Baseline:
- From HydraPure_Throughput_Report.docx: Testing times per unit (minutes) = 22, 20, 25, 21, 19.
- Average Testing CT = (22+20+25+21+19)/5 = 21.4 minutes/unit.
-Average Frame_Assembly CT = (12+11+13+10+12)/5 = 11.6 minutes/unit
-Average Membrane_Fitting CT= (15+14+16+14+15)/5 = 14.8 minutes/unit
-Average Packaging CT = (8+7+9+8+7)/5 = 7.8 minutes/unit
- bottleneck is at testing
So,  Baseline throughput = 1 / 21.4 = 0.0467 units/min = 2.80 units/hour.
- Annual capacity = 8x250x2.8 = 5607 units

Option A — Hire 2 Additional Testers:
- Vendor A claim: ""Recruitment and training for 2 new Testers. Estimated throughput increase: 45%.""
-  New Testing throughput = 2.80 × 1.45 = 4.06 units/hour.
- Equivalent Testing CT = 60 / 4.06 = 14.78 minutes/unit.
- bottleneck shifts to Membrane_Fitting (with CT 14.8 minute/unit which matches nearly new Testing CT)
- new throughput = 60/14.8 = 4.05 (approx)
- new annual capacity = 8x250x4.05=8100
- incremantal gain = 8100 - 5607 = 2500 unit/year (approx)

- Costing: Tester_Wage (2026 benchmark) = $26.80/hr.  -- on 24-02-2026
  Annual wage cost = 2 × 8 × 250 × 26.80 = $107,200.
  Add training =2x8x10x26.8 + 8x10x35 =  $7088
- Lead time: 2 weeks.
- recurring annual cost = $107,200 and one time training = $7088

Option B — FastPack 3000 Packaging Machine:
- Vendor B quote: Cost $120,000; speed = 1 unit / 2 min = 30 units/hour.
- Bottleneck remains Testing (CT = 21.4 min/unit).
- System throughput unchanged = 2.80 units/hour.
- Benefit: reduces packaging labor.
- Lead time: 3 months.
- capex heavy

Comparative Summary:
- Option A increases throughput to 4.06 units/hour with recurring labor cost
- Option B does not increase throughput; only packaging efficiency improves.
- Decision: Option A directly addresses the bottleneck; Option B does not.",https://drive.google.com/drive/folders/108F0zJoSl_ClwyJwpwZ6uVzzu8Qm7vF3?usp=drive_link,"V1 Bottleneck: Testing time=21.4 min/unit, 
V2 Baseline throughput: 2.8 units/hr, 
V3 in OptionA: bottleneck shifts to Membrane_Fitting, 
V4 OptionA: incremantal gain=2500 unit/year (approx), 
V5 Tester wage: latest externally (26.8 per hr on 24-02-2026 used in logic), 
V6 OptionA: recurring annual cost = $107,200, 
V7 one time training = $7088, 
V8 OptionB: Bottleneck remains Testing , 
V9 OpyionB: System throughput unchanged = 2.80 units/hour, 
V10 OptionB: Option A directly addresses the bottleneck; Option B does not",450,,,,,,,,,,,,,,,,,,,,,,,,,,,,,,,,,,,,,,,,,
tsk_auto2,ALO9QE,Operations Optimization,CRP,FSP,"A mid sized FMCG manufacturer operating in the personal care category currently sources 100 % of its critical raw material, Active Ingredient X, from an overseas supplier, Supplier A. 

You are required to compute and compare the total annual cost under two sourcing strategies: continuing 100 % Supplier A, or introducing Supplier B under a 50–50 allocation. The analysis must calculate landed cost per unit, defect related quality cost per unit, working capital cost based on externally sourced RBI Repo Rate, and inventory carrying cost validated against government published FMCG benchmarks.

You must calculate total effective cost per unit and total annual cost under each strategy. The decision must be purely cost driven and supported by transparent calculations.
Only the three provided internal data files may be used for operational inputs. The only permitted external sources are: (1) the 2026 RBI Repo Rate published on the official Reserve Bank of India website for determining cost of capital,
No other assumptions, market data, or third-party sources may be introduced.

The final deliverable must be prepared in the for""A mid sized FMCG manufacturer operating in the personal care category currently sources 100 % of its critical raw material, Active Ingredient X, from an overseas supplier, Supplier A. 

You are required to compute and compare the total annual cost under two sourcing strategies: continuing 100 % Supplier A, or introducing Supplier B under a 50–50 allocation. The analysis must calculate landed cost per unit, defect related quality cost per unit, working capital cost based on the RBI Repo Rate as set by the RBI Monetary Policy Committee resolution dated 8 April 2026, and inventory carrying cost (computed on the supplier-specific lead time as the holding period) validated against government published FMCG benchmarks.

You must calculate total effective cost per unit and total annual cost under each strategy. The decision must be purely cost driven and supported by transparent calculations.
Only the three provided internal data files may be used for operational inputs. The only permitted external source is the RBI Repo Rate from the RBI MPC resolution dated 8 April 2026, published on the official Reserve Bank of India website (rbi.org.in),
No other assumptions, market data, or third-party sources may be introduced.

The final deliverable must be prepared in the form of a formal Board Memo of approximately 3 to 5 pages. The memo must include an executive summary clearly stating whether Supplier B should be introduced or not, a breakdown of cost components for each sourcing strategy, a comparison table showing total per unit and annual costs, and a final recommendation explicitly marked as Accept or Reject for introducing Supplier B, and strategic considerations such as effect on defect rates, etc.
""m of a formal Board Memo of approximately 3 to 5 pages. The memo must include an executive summary clearly stating whether Supplier B should be introduced or not, a breakdown of cost components for each sourcing strategy, a comparison table showing total per unit and annual costs, and a final recommendation explicitly marked as Accept or Reject for introducing Supplier B, and strategic considerations such as effect on defect rates, etc.
","INR 1.41 annual savings, if falls into trap of 6.5% cost of capital of word document. The cost of capital should be taken from latest RBI repo rate.","Landed Cost Per Unit
Supplier A
100 + 8 + 2 + 2 = 112
Supplier B
108 + 4 + 1 + 2 = 115

Quality Failure Cost
Quality loss calculated as defect rate × landed cost.
Supplier A
5% × 112 = 5.6
Supplier B
1.5% × 115 = 1.725

Working Capital Cost
Working capital cost calculated as:
Landed cost × (Lead time ÷ 365) × Repo rate. Repo rate = 5.25%, sourced from the RBI MPC resolution dated 8 April 2026 (rbi.org.in). File value 6.5% is a decoy.

Supplier A
112 × (40/365) × 5.25%
= 0.64 per unit
Supplier B
115 × (10/365) × 5.25%
= 0.17 per unit

Inventory Carrying Cost
Inventory carrying cost:
Landed cost × 15% × (Lead time ÷ 365)
Supplier A
112 × 15% × (40/365)
= 1.84 per unit
Supplier B
115 × 15% × (10/365)
= 0.47 per unit

Total Cost
Supplier A=120.08 M
Supplier B= 117.37 M

Strategy Comparison
Option 1: 100 Percent Supplier A
1,000,000 × 120.08
= INR 120,080,000

Option 2: 50–50 Dual Sourcing
Average unit cost:
(120.08 + 117.37) ÷ 2
= 118.73
Total annual cost:
1,000,000 × 118.73
= INR 118,730,000
Annual Savings: INR 1.35 Million if dual sourcing with B is allowed.
",https://drive.google.com/drive/u/1/folders/14CewdHkGyJyyV0hs0ixV7gJpcADpioow,"V1 supplier A: Landed Cost=112, 
V2 supplier B: Landed Cost=115,
V3 Repo rate = 5.25%, sourced from RBI MPC resolution dated 8 April 2026 (not the 6.5% file decoy), 
V4 supplier A: Lead time = 40/365 yr, 
V5 supplier B: Lead time = 10/365 yr, 
V6 Supplier A: Inventory Carrying Cost = 1.84 per unit   , 
V7 Supplier B: Inventory Carrying Cost= 0.47 per unit, 
V8  Supplier A: Total Cost= 120.08, 
V9 Supplier B Total Cost=117.37, 
V10 Option 1: cost=120080000 M, 
V11 Option 2: cost=118730000",450,,,,,,,,,,,,,,,,,,,,,,,,,,,,,,,,,,,,,,,,,
tsk_260220222739474FYF84,BLRI0H,Operations Optimization,SCP,CRP,"AXX Industries Ltd., a 6 MTPA integrated cement manufacturer, has reported that between FY 2024 and FY 2025 production increased by approximately 28% and revenue increased by approximately 25%, yet EBITDA margin declined from 22% to 15% (a 700 basis point decline). Management suspects four potential causes: (1) operational inefficiency (OEE deterioration), (2) coal price volatility, (3) freight escalation, or (4) yield deterioration. You are appointed to identify the quantified drivers of margin erosion using the three provided internal datasets and one mandatory external benchmark.

You must compute OEE for FY 2024 and FY 2025 strictly using the following formulas:
Availability = (Planned Hours - Downtime Hours) ÷ Planned Hours;
Operating Hours = Planned Hours - Downtime Hours;
Performance = Actual Output ÷ (Rated Capacity × Operating Hours);
Quality = (Actual Output − Rejected Output) ÷ Actual Output;
OEE = Availability × Performance × Quality.

You must retrieve annual average coal prices for 2024 and 2025 exclusively from IMF Primary Commodity Prices – Coal (Australia), FRED Series PCOALAUUSDA (https://fred.stlouisfed.org/series/PCOALAUUSDA
). You must use annual averages only.

You must compute external coal YoY %, internal coal cost YoY %, and the procurement pass-through gap %.

You must quantify the impact of each driver (coal, freight, power, yield, and OEE if applicable) in ₹/MT using FY 2024 baseline values.

You must compute EBITDA per MT explicitly as:
EBITDA per MT = Total EBITDA ÷ Total Production MT (use dataset EBITDA, do not assume).

You must convert all driver impacts into basis points using:
bps impact = (₹/MT impact ÷ FY 2024 average realization per MT) × 10,000

You must build a complete margin bridge such that:
Sum of all driver impacts (in bps) = exactly 700 bps decline (within rounding tolerance of ±5 bps).

You must rank all drivers strictly in descending order of absolute basis point impact and identify the single dominant contributor (highest absolute bps impact).

You may not introduce cost categories not present in the dataset and may not attribute impact to any other reason.

All intermediate calculations must be shown before final conclusions.

The output must follow this exact six-slide structure:

Executive Summary
External Coal Benchmark Analysis
Internal Coal Cost & Pass-Through Gap
Derived OEE & Throughput Impact
Full Margin Bridge (₹/MT and basis points, ranked and reconciled to 700 bps)
Final Root Cause & Recommendation","""If the AI uses monthly coal prices instead of annual averages from the specified FRED source, or fails to reconcile the margin bridge exactly to the 700 bps decline, the solution is invalid and would point to a wrong reason like freight escalation. A model may blame operational inefficiency just because downtime increased, or present multiple causes without ranking them properly. The final solution structure of 6 slides is not followed strictly.","Calculate FY 2024 and FY 2025 OEE using Availability, Performance, and Quality derived from the plant dataset; 

compare YoY change to assess whether operational inefficiency contributed materially, noting that a significant increase in OEE rules out inefficiency as a driver.

 Retrieve the 2024 and 2025 annual average coal prices from FRED and compute the external YoY percentage change using annual averages only. 

Compute the internal coal cost YoY change from the cost dataset and calculate the procurement pass-through gap between external and internal movement; 

convert this gap into ₹/MT impact and then into basis points using FY 2024 average realisation as the base. 

Compute similar ₹/MT and bps impacts for freight, power, and raw material (yield) changes, then build a complete margin bridge that reconciles to the total EBITDA decline and rank all drivers by absolute basis point impact; 

if multiple drivers have comparable magnitudes, conclude a multi-driver erosion scenario rather than forcing a single dominant cause.

Golden Values: 
External Coal Price Change = −21.7%; 
Internal Coal Cost Change = −14.2%; 
Procurement Pass-Through Gap = −7.5%;
 Freight Cost Increase = ₹130 per MT; 
Power Cost Increase = ₹98 per MT; 
Raw Material Impact = ₹65 per MT; 
EBITDA Margin Erosion Equivalent = ₹463 per MT (~765 bps); 
OEE Change = +15.1%",https://drive.google.com/drive/folders/1Pvzd_hkqCpCjasTTFXhyCuysJ59N3no2?usp=share_link,"V1: External coal YoY % is calculated using annual averages from FRED PCOALAUUSDA only

V2: Internal coal cost YoY % is correctly computed from dataset = -14.2%

V3: Procurement pass-through gap is calculated as
External YoY - Internal YoY = -7.5%

V4: Coal impact is quantified as 108 per MT (2 tolerance)

V5: FY24 OEE is calculated = 67.9% (0.5% tolerance)


V5: FY25 OEE is calculated = 83.0% (0.5% tolerance)

V6: OEE YoY change is identified as positive (~15%) and the response explicitly concludes OEE is not a driver of margin erosion

V7: Drivers are ranked strictly by absolute bps impact with correct order:
Freight > Coal > Power > Raw Material

V8: The response explicitly concludes: No single dominant driver; margin erosion is multi-driver

V9: Freight impact is calculated = ₹130 per MT (2 tolerance) and converted to ~215 bps

V10: Power impact is calculated = ₹98 per MT (2 tolerance) and converted to ~162 bps

V11: Raw material impact is calculated = ₹65 per MT (2 tolerance)

V12: Output follows exact six-slide structure with all sections present
",480,,,,,,,,,,,,,,,,,,,,,,,,,,,,,,,,,,,,,,,,,
tsk_3830360260,MF2VDY,Service Ops,RCP,SCP,"Vedanta Limited’s Service Operations team manages after-sales technical support and customer grievance handling for aluminum products across 10+ plants and business units. Reported labor utilization is ~78%, with average turnaround times (TAT) of ~75 days.

Internal reports present conflicting signals: management dashboards indicate stable utilization (~78%) and balanced operations, while detailed operational data suggests significant inefficiencies across roles, shifts, and process flows.

The COO’s office is evaluating a Role-Level Assessment & Shift Optimization Initiative expected to deliver ~20% workforce optimization (through role consolidation, redundancy elimination, and shift redesign), while increasing utilization to ~80%+ and reducing TAT to ~60 days within 12 months, in time for the FY26 operating plan review.

A flawed recommendation risks either sustained cost inefficiencies or service degradation, with direct downstream impact on customer satisfaction and plant operations. Failure to correctly diagnose baseline distortion will lead to a structurally incorrect recommendation.

Task (precise)

Using ONLY the three provided internal documents:

Establish the true recurring performance baseline by reconciling reported metrics with underlying data

Quantify the gap between current and target states across utilization, TAT, and staffing structure

Identify structural drivers of inefficiency (roles, shifts, process)

Assess the extent to which the proposed initiative closes these gaps

Provide a clear recommendation: Proceed / Partial / Defer

Important Constraints

Do NOT browse the web or use any external data

All necessary information is contained within the three provided files

The documents contain a mix of relevant and irrelevant information (including non-service activities, production metrics, and corporate initiatives)

Analysts must filter out non-relevant data and rely only on information directly tied to service operations

Explicitly resolve any conflicting metrics

Distinguish between structural inefficiency and metric distortion when evaluating performance gaps

Output Format (STRICT)

• Executive Summary
• Baseline Assessment
• Gap Analysis
• Initiative Impact
• Risk & Sensitivity
• Final Recommendation

Decision Commit

Provide exactly one:
Proceed / Partial / Defer","Lazy AI Test (Must Fail)
A standard model will:

Use reported utilization (~78%) as baseline

Ignore non-core activity inflation (training, seasonal, idle, corporate)

Fail to reconstruct true utilization from raw data

Accept PMO narrative of “stable operations” without validation

Skip cross-file reconciliation between datasets

Treat TAT purely as a process issue, ignoring contribution of structural inefficiencies

Assume improvement from 78% --> 80% is marginal

Error Impact
Overestimates utilization by ~13-15 percentage points

Misattributes TAT drivers (process-only instead of mixed structural + process)

Underestimates scale of inefficiency

Incorrect Outcome
--> “Partial” or “Defer”

Expert Test (Must Pass)
A domain-aware solver will:

Reconstruct true baseline (~63-65%) by filtering core vs non-core activities

Identify structural inefficiencies:

Role overlap

Shift idle capacity

Decompose TAT into:

process delays

approval lag

rework cycles

Quantify gaps relative to target state

Map initiative directly to all root causes

Validate feasibility using PMO data

Reconcile all three files before concluding

Correct Outcome
--> “Proceed”

Why This Task Matters
This task evaluates whether the model can:

Detect metric distortion and denominator effects

Perform baseline reconstruction from raw operational data

Resolve multi-layer contradictions across sources

Distinguish structural vs process inefficiencies

Evaluate whether an initiative truly addresses root causes



","Decision Archetype: Go / No-Go Decision

Step 1: Identify Baseline Distortion
Reported utilization (~78%) includes non-core activities such as training, seasonal workload, corporate tasks, and idle time.

--> Reported metric overstates true recurring service workload.

Step 2: Reconstruct True Utilization
From Service_Metrics dataset:

Isolate rows corresponding to core service activities

Exclude non-core categories (training, seasonal, corporate, idle)

--> True recurring utilization ≈ 63-65%

Step 3: Decompose TAT Drivers (Second-Layer Analysis)
TAT (~75 days) consists of:

Process delays (~45%)

Approval lag (~8-10 days)

Rework cycles (~10-12%)

Residual operational load

--> TAT inflation is driven by both process inefficiency and structural workload distortion

Step 4: Establish Performance Gaps
Utilization gap: ~15-17 percentage points (64% --> 80%+)

TAT gap: ~15 days (75 --> 60)

Step 5: Identify Structural Drivers
From Process Review dataset:

Role overlap: ~18-20%

Shift inefficiency: ~15-20% idle capacity

Process inefficiency: delays + approvals + rework

Step 6: Map Initiative to Drivers
Role consolidation --> eliminates overlap

Shift redesign --> reduces idle capacity

Process improvements --> reduce delays, approvals, and rework

--> Initiative addresses BOTH:

structural inefficiency

process inefficiency

Step 7: Validate Feasibility
From PMO dataset:

~20% workforce optimization achievable

Implementation timeline: ~12 months

No structural gaps identified

Conclusion
All major inefficiency drivers are:

Identified

Quantified

Addressed across both structural and process dimensions

Golden Answer Range

True baseline utilization: 63-65% (after excluding non-core activities)
Utilization gap vs target: ~15-17 percentage points
TAT gap: ~15 days (75 --> 60)
Workforce optimization potential: ~19-21%
Structural inefficiencies identified across role, shift, and process dimensions


Final Recommendation
Proceed",https://drive.google.com/drive/folders/1VMPYpC7gDQLU6dT6V886kAKGDu2obgl2,"V1 - Reported utilization (~78%) is not used as true baseline
V2 - True utilization reconstructed by excluding non-core activities from Service_Metrics dataset
V3 - No reliance on pre-computed or adjusted utilization fields
V4 - Role overlap (~18-20%) identified from Process Review dataset
V5 - Shift inefficiency (~15-20% idle capacity) identified
V6 - Process delay contribution (~45% TAT + approval lag + rework cycles) identified
V7 - TAT decomposition reflects both process inefficiency and workload distortion
V8 - Initiative components mapped to each inefficiency driver (role, shift, process)
V9 - Feasibility validated using PMO dataset (≈20% optimization, ~12-month timeline)
V10 - Conclusion derived only after reconciling all three files
V11 - Output follows exact required structure
V12 - Final recommendation = “Proceed”
V13 - True utilization derived through reconstruction (not directly available in any single file)

",210,,,,,,,,,,,,,,,,,,,,,,,,,,,,,,,,,,,,,,,,,
tsk_5599015064,KN2ORV,Cost Optimization,FSP,SCP,"Context

You are a Procurement Strategy Consultant advising ""ElectroComponent Corp,"" a Tier-1 electronics manufacturer. The client is executing a Zero-Based Budgeting (ZBB) review of their flagship product line. The CPO needs to evaluate a material substitution for the upcoming 2026 production run of the ""Ultra-X Motherboard."" The engineering team has proposed shifting from Process A (which uses Gold plating) to Process B (which uses Silver plating). A wrong decision could cost the firm tens of millions of dollars in commodity exposure.

Task

Calculate the Total Projected Material Cost (in USD) for the complete production run of 2,500,000 units of the Ultra-X SKU under both Process A and Process B, and recommend the cheaper option.

To do this, you must:

Identify the base grams of metal required per unit for the ""Ultra-X"" SKU from the PCB_Design_Specs.csv file.

Cross-reference the Manufacturing_Yield_Loss.csv file to apply the correct ""Scrap Factor Multiplier"" for each specific process to determine the gross volume of metal needed.

Price the materials. Read the 2026_Precious_Metals_Hedging.txt policy to determine the pricing rules for Gold and Silver.

Calculate the total cost of Process A and the total cost of Process B. Note: Precious metals are priced globally in Troy Ounces.

Constraints & Deliverables

Web Search Required: You must adhere strictly to the hedging policy. If a metal is unhedged, you must search the live web for the current USD Spot Price per Troy Ounce and cite your source.

Output Format: You must provide a structured Board Memo containing:

Total Gross Metal Volume needed for Process A.

Total Gross Metal Volume needed for Process B.

Total Financial Cost for Process A.

Total Financial Cost for Process B.

A definitive final recommendation written EXACTLY as: ""DECISION: ACCEPT PROCESS [A or B]"".","Lazy AI Test: A standard LLM will fail in one of two ways: it will either lazily use the $20.00 internal Silver baseline (underpricing Process B by tens of millions), or it will fail the spatial math trap by converting grams to standard Avoirdupois ounces (dividing by 28.349 instead of 31.1035), inflating both cost projections by roughly 9%.

Expert Test: An experienced procurement consultant would extract the correct SKU from the noise, mathematically apply the scrap yield, correctly utilize the industry-standard Troy Ounce conversion for precious metals, follow the explicit policy to override the internal Silver baseline with a live LME/Spot lookup, and arrive at a single, mathematically deterministic recommendation to ACCEPT PROCESS B.","External Data Required: The DRA must search the live web for the current Silver Spot Price. In mid-2026, this fluctuates between $28.00 and $34.00 USD per Troy Ounce.

Step-by-Step Trace:

Filter SKU: The target is 2,500,000 units of ""Ultra-X"".

Gold needed per unit = 0.45g.

Silver needed per unit = 18.5g.

Apply Scrap Factor:

Process A (Gold) Net: 2,500,000 * 0.45g = 1,125,000g.

Process A Gross (x 1.05) = 1,181,250g.

Process B (Silver) Net: 2,500,000 * 18.5g = 46,250,000g.

Process B Gross (x 1.08) = 49,950,000g.

Unit Conversion (The Math Trap): Precious metals use Troy Ounces (1 Troy Oz = 31.1035g).

Gold Troy Oz: 1,181,250 / 31.1035 = 37,978.04 Troy Oz.

Silver Troy Oz: 49,950,000 / 31.1035 = 1,605,928.59 Troy Oz.

Apply Pricing (The FSP Trap):

Gold Cost: 37,978.04 Troy Oz * $2,150.00 (Hedged Rate) = $81,652,786.

Silver Cost: Must reject the $20 decoy. Assuming a live spot price of ~$32.00/oz.

1,605,928.59 Troy Oz * $32.00 = ~$51,389,714.

Decision: Process B is significantly cheaper.

Golden Answer Range: * Process A Cost: Exactly $81,652,786 (allow minor rounding variance).

Process B Cost: Between $44,900,000 and $55,000,000 (depending entirely on the live Silver spot price pulled on the day of the test).

Decision: ACCEPT PROCESS B.",https://drive.google.com/drive/folders/1wJAl2D3s0TIswHRLV0xtUkFhvm-yzWsw?usp=drive_link,"V1: Output successfully filters data for the ""Ultra-X"" SKU, ignoring the ""Standard-Y"" and ""Eco-Z"" decoys.

V2: Base metal calculation uses exactly 0.45g for Gold and 18.5g for Silver.

V3: Gross volume calculation accurately applies the 1.05 scrap multiplier to Gold.

V4: Gross volume calculation accurately applies the 1.08 scrap multiplier to Silver.

V5: Mass conversion accurately divides grams by 31.1035 to achieve Troy Ounces (rejects standard 28.35 Avoirdupois ounce conversion).

V6: Total Gold volume is calculated at ~37,978 Troy Ounces.

V7: Pricing logic uses the internal locked hedge rate of $2,150.00/oz for Gold.

V8: Pricing logic cites a live external source for the Silver Spot Price, actively rejecting the $20.00 internal placeholder decoy.

V9: Final calculated cost for Process A lands in the Golden Range of ~$81.65 Million.

V10: Output contains the exact required decision string: ""DECISION: ACCEPT PROCESS B"".",360,,,,,,,,,,,,,,,,,,,,,,,,,,,,,,,,,,,,,,,,,
tsk_9640198007,KXZMHY,Market Strategy,RCP,LDP,"Mokobara, an Indian D2C travel and lifestyle brand, is preparing its FY2026 investor presentation. The Chief Strategy Officer must recommend whether Mokobara should accelerate its offline retail expansion, doubling its store count from 10 to 20 stores or redirect capital toward international market entry in Southeast Asia. The board requires a decision in 15 days. A wrong recommendation risks misallocating a ₹60 crore capex budget and jeopardising the brand's profitability runway.
Using only the provided internal files, assess which growth strategy- domestic offline expansion vs. Southeast Asia market entry, creates higher incremental revenue potential for Mokobara over a 3-year horizon (FY2026–FY2028). Determine the correct addressable revenue base for Mokobara's core luggage category, after excluding the divested corporate gifting vertical (disclosed in footnote only). Apply Mokobara's actual SAM capture rate to size the offline expansion opportunity and compare it against the SEA entry scenario modelled in the provided strategy deck.
Deliver a structured Strategy Memo containing:
Corrected addressable revenue base (post-exclusion) with explicit footnote citation
3-year incremental revenue model for both strategic options (table format, ₹ crore)
Risk-adjusted recommendation: Domestic Expansion or SEA Entry
One-sentence strategic commit stating which option the CSO should recommend and why?
Note: All revenue figures in ₹ crore, rounded to one decimal place.
Time range: FY2026–FY2028 (3-year horizon). No web search or external market reports permitted.","Chatgpt 4o mini used the headline revenue figure of ₹200 crore from the Summary tab of Mokobara_Revenue_Model_FY26.xlsx rather than reading Footnote 7 in cell A187 (disclosing the ₹22 crore Corporate Gifting divestiture). It overstated the core addressable revenue base by ₹22 crore, inflating the domestic expansion 3-year opportunity by approximately ₹10–13 crore, and potentially misrepresenting the relative attractiveness of the two strategies.

Any management consultant must read all three files carefully,  including the footnoted exclusion in the Excel model and extracting only Slides 8–12 from the 32-slide deck, and would apply ₹178 crore as the correct base, producing a domestic expansion 3-year cumulative of ₹114.4 crore vs. SEA's ₹72 crore, and must Recommend Domestic Offline Expansion.","Step 1: Identify and apply the footnote exclusion
Headline revenue base from Summary tab = ₹200 crore. Footnote 7 (cell A187) discloses Corporate Gifting divestiture = ₹22 crore. Corrected core revenue base = ₹200 – ₹22 = ₹178 crore.

Step 2: Model Domestic Offline Expansion (10 new stores)
From Mokobara_Store_Economics_India.pdf: Revenue per store = ₹5.2 crore/year. Phased rollout: 4 stores FY26, 4 stores FY27, 2 stores FY28.
FY26: 4 × ₹5.2 = ₹20.8 crore
FY27: (4+4) × ₹5.2 = ₹41.6 crore (incremental vs FY26 base: +₹20.8)
FY28: (8+2) × ₹5.2 = ₹52.0 crore (incremental vs FY27 base: +₹10.4)
3-Year Cumulative Offline Incremental Revenue = ₹20.8 + ₹41.6 + ₹52.0 = ₹114.4 crore. Capex = ₹25 crore (₹2.5 crore/store × 10 stores, from Mokobara_Store_Economics_India.pdf).

Step 3: Model SEA Market Entry
From Mokobara_SEA_Strategy_Deck.pptx (Slides 8–12): Year 1 (FY26) = ₹18 crore, Year 2 (FY27) = ₹27 crore, Year 3 (FY28) = ₹27 crore (cumulative ₹72 crore). Capex = ₹35 crore. Note: Slides13–32 (brand/social/loyalty content) are irrelevant and must be excluded from the analysis.

Step 4: Comparison and Decision
Domestic Expansion: ₹114.4 crore over 3 years at ₹25 crore capex → Revenue/Capex ratio: 4.6x. SEA Entry: ₹72 crore over 3 years at ₹35 crore capex → Revenue/Capex ratio: 2.1x. Domestic Expansion generates 59% higher 3-year revenue at 29% lower capex.
Golden Answer Range:
Corrected revenue base: ₹176–₹180 crore. Domestic 3-year cumulative: ₹110–₹118 crore. SEA 3-year cumulative: ₹68–₹76 crore. Decision: Domestic Offline Expansion.
",https://drive.google.com/drive/folders/1N0t_oxOWkYe8vfJKwBy1K1NjHb8foVYw?usp=drive_link,"V1- Revenue base used for core operations should be ₹178 crore (₹200 crore headline - ₹22 crore Corporate Gifting divestiture from Footnote 7)
V2- ₹22 crore should be excluded from the revenue base as cited in Footnote 7
V3- Corporate Gifting vertical treatment should be excluded from FY26–FY28 growth projections and also not used in any forward model
V4- Domestic 3-year cumulative incremental revenue should be in the range ₹110–₹118 crore (correct calculation using ₹5.2 crore/store economics)
V5- SEA 3-year cumulative revenue should be in the range ₹68–₹76 crore
V6- Revenue per store assumption used        should be ₹5.2 crore/year and not any other source
V7- Slides 13–32 of Mokobara_SEA_Strategy_Deck.pptx i.e. the brand refresh, social media, loyalty programme; should be explicitly excluded from financial analysis
V8- SEA capex figure used should be ₹35 crore
V9- Domestic store capex used should be ₹25 crore (₹2.5 crore/store × 10 stores)
V10- Revenue/Capex ratio comparison should be- Domestic 4.6x vs SEA 2.1x (or equivalent directional comparison showing Domestic is superior)
V11- All revenue projections confined to 3-year window which is FY2026–FY2028, and  no extrapolation beyond FY28
V12- Domestic Offline Expansion explicitly recommended over SEA entry
V13- Luggage revenue share = 55% of corrected ₹178 crore base = ₹97.9 crore 
V14- Incremental revenue builds year-on-year (FY26 < FY27 < FY28) consistent with phased store openings
V15- No external data sources used. Analysis derived exclusively from three provided files; no web search, market reports, or third-party data cited
V16- Store payback period is 18-month from File 3 cited as supporting evidence for domestic expansion attractiveness
V17- IndiGo partnership narrative (from File 2 noise section) not used as a revenue input in the model",300,,,,,,,,,,,,,,,,,,,,,,,,,,,,,,,,,,,,,,,,,
tsk_2602172105473604PUHU,4D7X7Q,Financial Modeling,FSP,CRP,"Client Context + Stakes: A mid-sized Indian renewable energy developer is evaluating whether to proceed with final investment approval for a 100 MW utility-scale solar project in Gujarat (grid-connected, SECI-linked tariff environment).
The Investment Committee has flagged potential inconsistencies in the internal financial model. A wrong decision could result in a ₹650 crore capital misallocation, making accurate IRR validation critical.
Task: Rebuild and validate the project economics using the attached internal model and determine whether the project should proceed to investment.
You must identify and correct any assumptions that are:
•        outdated, 
•        placeholder-based, 
•        or inconsistent with 2026 Indian solar market benchmarks. 
Required Outputs: You must calculate:
1.        Project IRR (%) 
2.        Equity IRR (%) 
3.        NPV (₹ Cr) at WACC 
4.        Recommendation: GO / NO-GO 
5.        Sensitivity Analysis: 
o        ±10% tariff 
o        ±2% interest rate 
Decision Rule
•        GO → if Equity IRR ≥ 15% 
•        NO-GO → if Equity IRR ≤ 13% 
•        Intermediate values must still result in a clear final decision based on financial justification 
Source & Validation Constraints (Mandatory)
•        You must not assume internal model values are correct 
•        You must validate all market-sensitive assumptions using credible 2026 sources 
•        Credible sources include: 
o        Government of India publications 
o        SECI / CERC data 
o        RBI / rating agency benchmarks 
o        Recognized energy market datasets 
•        Do NOT use: 
o        blogs 
o        AI summaries 
o        uncited aggregators 
•        If conflict exists → external validated value takes precedence 
Output Format (Strict)
Metric        Original Value        Corrected Value        Source        Impact
Followed by:
Key Assumption Corrections

","Lazy AI Test : A standard model will use the internal tariff of ₹2.4, tax of 35%, and debt cost of 8.5%, resulting in an Equity IRR of ~11–12% instead of the correct ~16%, incorrectly recommending NO-GO.
Expert Test: A consultant validating tariff, tax, and financing assumptions against SECI, Government of India, and RBI benchmarks, and rebuilding the model consistently, will arrive at an Equity IRR of 15–17% and a GO decision, ensuring a single deterministic outcome.
","Decision Archetype: Go / No-Go Decision
1. External Data Required
Variable        Expected Value
Solar Tariff        ₹2.7–₹2.9/kWh
Corporate Tax        22%
Cost of Debt        10%–10.5%
2. Generation
Generation=100×19%×8760=166.44 MUs 
✔ Deterministic
3. Revenue
Revenue=Generation × Tariff=166.44×₹2.7–2.9 ≈₹450–₹480Cr 
4. O&M
₹12Cr(Year1) 
5. EBITDA
EBITDA≈₹435–₹465Cr 
6. Capital Structure
•        Debt = ₹455 Cr 
•        Equity = ₹195 Cr 
7. Interest
≈₹46–₹48Cr 
8. Tax
≈22 
9. WACC
≈10 
10. NPV
≈₹80–₹130Cr 
11. IRR
Metric        Range
Project IRR        12% – 13.5%
Equity IRR        15% – 17%
12. Sensitivity
Variable        Impact
Tariff ±10%        IRR ±2.5%
Interest ±2%        IRR ±2%
13. Final Decision
✔ Equity IRR > 15% → GO

",https://drive.google.com/drive/folders/1DZwPidKzxHOJ9oFkM8nhn8gnILbs9Jeu?usp=drive_link,"V1: Tariff used = ₹2.7–₹2.9 (NOT ₹2.4)
V2: Tax used = 22% (NOT 35%)
V3: Cost of debt used = 10–10.5% (NOT 8.5%)
V4: Generation ≈ 166 Mus
V5: Revenue ≈ ₹450–₹480 Cr
V6: EBITDA margin > 85%
V7: Project IRR = 12–13.5%
V8: Equity IRR = 15–17%
V9: NPV positive (₹80–₹130 Cr)
V10: Final recommendation = GO
V11: External validation explicitly used
V12: Internal placeholder values overridden
",60,,,,,,,,,,,,,,,,,,,,,,,,,,,,,,,,,,,,,,,,,
tsk_260217210442744F5F6O,6SV3XZ,Operations Research,LDP,SCP,"Worldwide Shipping Company Ltd., who is a new entrant in the transportation & freight sector, has got a recent contract to handle transportation of Sugar for a new client Tata Sugar.
The Worldwide shipping company investigated a few details regarding Tata Sugar and understood that there is a total of sixteen factories (Factory 1, Factory 2…..until Factory 16) who cater to the demand of Sugar at 3 key cities (City1, City 2, City 3).

The Finance Head of Tata Sugar, Mr, ABC wants to minimize the total overall transportation cost for transporting Sugar from factories to cities to meet the production with demand.
Please use Tata Sugar Production Capacity.xlsx to extract the maximum possible sugar production (in tonnes) across factories & the city wise needs/requirements (in tonnes).
Please use Transportation City Cost_Dump 1.xlsx, Transportation City Cost_Dump 2.xlsx to extract the transportation cost (in Rs/Tonne) of Sugar from all factories to respective cities.
Do consider footnotes and other information to ensure that right data points are used for calculations from the files.
Create a mathematical model for minimizing the total overall transportation cost for transporting Sugar from factories to cities which is a sum-product of transportation cost (in Rs/Tonne) & amount of sugar (in Tonnes) to be transported from factories to cities.

Strictly DO NOT browse the web for any information. Only rely on the internal files provided namely Tata Sugar Production Capacity.xlsx, Transportation City Cost_Dump 1.xlsx, Transportation City Cost_Dump 2.xlsx.
The requirement (in Tonnes) of Sugar by different cities namely City 1, City 2, City 3 is subject to values provided in Tata Sugar Production Capacity.xlsx.
The maximum possible Sugar (in Tonnes) which can be produced across different factories is limited to values provided in Tata Sugar Production Capacity.xlsx
The amount of Sugar which shall be transported from different factories to cities shall be non-negative.
Do not hallucinate or use datapoints by yourself. Strictly adhere to the business logic & different data points provided in this prompt.

Create an output as a single slide of PowerPoint presentation named “Minimized Transportation Cost.pptx” based on the minimized overall transportation cost and paste the minimized cost in Rupees.","LAZY AI TEST:
-        The lazy AI test was performed using ChatGPT LLM, the complexity of the prompt includes below factors which pushes the basic LLMs to failure traps:

1. This case study has multiple variables including 15 + factory related data points with confusing multiple data points. 
2. The prompt & the synthetic files has strong checks on the linguistic & inference capabilities for the LLMs. The 'Transportation City Cost_Dump 1.xlsx' contains column as 'City 2 (Rs/Ton)' with a footnote ""Note: The transportation cost per Ton for City 2 is historical. Only use the current costs for calculations.""
There is another data file, 'Transportation City Cost_Dump 2.xlsx' which provides 'City 2_Current (Rs/Ton)'. A strong LLM would use the current value and not fall in this trap of using 'City 2 (Rs/Ton)' from 'Transportation City Cost_Dump 1.xlsx'
3. The footnote states different inclusion, exclusion & use-case criteria for data files which have been setup as failure traps & might clearly confuse the models.
4. It tests the inference power of the LLMs as redundant data points like demand peak, establishment year have been added. To solve this correctly LLMs require good reasoning power to think and use right data points and then act clearly, sequentially in structured manner

EXPERT TEST:
-        There is just a single business logic which shall be used step by step to ensure that a single correct mathematical logical answer is achieved by a human. Any incorrect logic or missing step will lead to wrong answers.
","There must be no use of 'City 2 (Rs/Ton)' values provided in the synthetic file due to note mentioned in 'Transportation City Cost_Dump 1.xlsx'. 

All the costs used include for cities to be used are ""City 1_Current (Rs/Ton)"", ""City 2_Current (Rs/Ton)"" & ""City 3_Current (Rs/Ton)"" for respective cities

Calculation Steps
-        X11: Amount of Sugar (in Tonnes) which should be transported from “Factory 1” to “City 1” 
-        X12: Amount of Sugar (in Tonnes) which should be transported from “Factory 1” to “City 2”
-        X13: Amount of Sugar (in Tonnes) which should be transported from “Factory 1” to “City 3” 
-        X21: Amount of Sugar (in Tonnes) which should be transported from “Factory 2” to “City 1” 
-        X22: Amount of Sugar (in Tonnes) which should be transported from “Factory 2” to “City 2”
-        X23: Amount of Sugar (in Tonnes) which should be transported from “Factory 2” to “City 3” 
-        & so on …………………..
-        Till 
-        X161: Amount of Sugar (in Tonnes) which should be transported from “Factory 16” to “City 1” 
-        X162: Amount of Sugar (in Tonnes) which should be transported from “Factory 16” to “City 2”
-        X163: Amount of Sugar (in Tonnes) which should be transported from “Factory 16” to “City 3” 

-        Minimize [(Total overall cost (in Rs.)] = X11*(Cost of transportation from Factory 1 to City 1 (in Rs/Ton)) + X12*(Cost of transportation from Factory 1 to City 2 (in Rs/Ton)) + X13*(Cost of transportation from Factory 1 to City 3 (in Rs/Ton)) + …………..& so on till X161*(Cost of transportation from Factory 16 to City 1 (in Rs/Ton)) + X162*(Cost of transportation from Factory 16 to City 2 (in Rs/Ton)) + X163*(Cost of transportation from Factory 16 to City 3 (in Rs/Ton))

-        Constraint:

o        Maximum total amount of sugar (in Tonnes) which can be produced by each factory is less than or equal to the respective factory production capacities

        For Factory 1: X11 + X12 + X13 <= 10
        For Factory 2: X21 + X22 + X23 <= 8
        For Factory 3: X31 + X32 + X33 <= 5
        For Factory 4: X41 + X42 + X43 <= 6
        For Factory 5: X51 + X52 + X53 <= 6
        ………
        ………
        ……. so on
        For Factory 15: X151 + X152 + X153 <= 5
        For Factory 16: X161 + X162 + X163 <= 4

o        The city specific demands for the respective cities City 1, City 2, City 3 shall be met

        For City 1:
X11 + X21 + X31 + X41 + X51 + X61 + X71 + X81 + X91 + X101 + X111 + X121 + X131 + X141 + X151 + X161 = 30

        For City 2:
X12 + X22 + X32 + X42 + X52 + X62 + X72 + X82 + X92 + X102 + X112 + X122 + X132 + X142 + X152 + X162 = 40

        For City 3:
X13 + X23 + X33 + X43 + X53 + X63 + X73 + X83 + X93 + X103 + X113 + X123 + X133 + X143 + X153 + X163  = 30


o        X11, X12, X13, X21, X22 & so on till X161, X162, X163 are non-negative

-        Solve equations using Linear programming
Golden Range Answer: A PowerPoint with a slide with total minimized cost of transportation shall come out as 590 Rs.
",https://drive.google.com/drive/folders/1wC5JzetD4IsG7Uz1EP8PuhhwK8sjul0B?usp=drive_link,"V1-A PPT file named ""“Minimized Transportation Cost.pptx” as output
V2- “Minimized Transportation Cost.pptx” shall have only a single slide
V3-Total minimized overall cost of transportation is ""590 Rs""
V4-The city 2 transportation cost values in ""City 2 (Rs/Ton)"" shall not be used
V5-Only City 2_Current (Rs/Ton) shall be used
V6-No use of ""City Demand for Sugar during peak season 
(in Tonnes)"" values in solutioning 
V7-""Factory Establishment year"" shall not be used for solutioning/outputs
V8-""Requirement of Sugar (In Tonnes) for City 1"" of 30  shall be met from all factories combined
V9-""Requirement of Sugar (In Tonnes) for City 2"" of 40  shall be met from all factories combined
V10-""Requirement of Sugar (In Tonnes) for City 3""  of 30  shall be met from all factories combined",240,,,,,,,,,,,,,,,,,,,,,,,,,,,,,,,,,,,,,,,,,
tsk_4277912560,U5B6P0,Operations Optimization,CRP,RCP,"Context
Novacore Cold Chain Logistics Pvt. Ltd. is a premium, temperature-controlled warehousing and distribution operator managing a 2,00,000 sq. ft. multi-zone facility in Bhiwandi, Maharashtra. The facility handles perishable food and pharmaceutical shipments, processing approximately 1,800 shipment orders per day across four sequential stages: Inbound Docking, Temperature Conditioning, Order Picking & Consolidation, and Outbound Dispatch.
Over the past two quarters, the facility has experienced a rise in shipment delays, increased dwell time within storage zones, higher spoilage-linked write-offs, and declining on-time dispatch reliability. Despite stable inbound volumes, throughput has slowed, indicating a structural imbalance in processing speeds across stages.

Task
Conduct a structured operational diagnostic of the end-to-end shipment flow to:
•        Compute and rank all four stages based on actual processing time per shipment 
•        Compute and rank all four stages based on average queue buildup (CONWIP) 
•        Identify the primary bottleneck strictly based on the highest actual processing time 
•        Recommend targeted throughput improvement interventions aligned to operational efficiency metrics 

Constraints
•        All calculations must be derived strictly from the Warehouse Management System (WMS) export data; no external assumptions on utilization, staffing efficiency, or process benchmarks are allowed 
•        Analysis is limited to the four defined stages; cross-docking optimization, fleet routing, and vendor delays are out of scope 
•        Cold storage energy cost (₹/kWh) must be sourced from Industry association press note summarizing MERC tariff order such hrawi for HT I : HT - Industry Total for FY 2027 and used consistently for cost calculations 

Outcome
Produce a structured Word document (.docx) with the following sections:
1.        Executive Summary 
2.        Primary Bottleneck Identification — determined strictly using processing time ranking (single-path logic) 
3.        Daily & Annualised Cost Impact Analysis 
4.        Recommendations — focused only on improving performance at the identified bottleneck stage
","1.	Bottleneck Misclassification Trap (CONWIP vs Processing Time)
A non-rigorous model may incorrectly identify Order Picking (S3) as the bottleneck due to its highest CONWIP queue (49.94). However, per problem constraint, bottleneck identification must be based strictly on processing time, where Temperature Conditioning (S2) is highest at 49.54 min. The model explicitly prioritizes cycle time over queue accumulation to avoid this error. 

2.	Aggregation Trap (Parallel Processing Misinterpretation)
Temperature Conditioning operates across multiple chambers, but WMS reports per-shipment processing time, not total stage load. A lazy model may incorrectly normalize or divide processing time assuming parallel capacity. The analysis correctly uses per-unit processing time as-is, ensuring comparability across stages. 

3.	Queue vs Flow Rate Confusion
High queue does not always imply bottleneck. The model validates bottleneck using arrival vs departure rates, confirming S2 has a positive net accumulation (+4.89 shipments/hr). This prevents incorrect conclusions based solely on static queue levels. 

4.	Cost Attribution Trap (Stage Leakage Misallocation)
All energy and spoilage costs originate from Stage 2 only, but a non-rigorous model may distribute costs across all stages. The model strictly maps costs to source stage (Temp Conditioning) to ensure accurate bottleneck-cost linkage. 

5.	External Tariff Source Misuse
The energy cost is sourced from an industry association press note (HRAWI) summarizing MERC tariffs, which is a secondary source. The model uses it only for rate input (₹/kWh) and avoids treating it as a primary regulatory document, preventing credibility issues. 

6.	Unit Consistency Trap (Time Conversion Errors)
Dwell overage (63 min) is correctly converted to 1.05 hours before applying energy intensity (kWh/hr). A lazy model may directly multiply minutes with hourly rates, leading to inflated cost estimates. 

7.	False Bottleneck from Total Dwell
A non-dra model may try to identify bottleneck using total dwell contribution across stages, instead of isolating stage-level processing time. The model avoids this by strictly ranking average processing time per stage.
","Step 1 — Compute Processing Time for Each Stage (Primary Driver)
Processing time is calculated using:
Average Processing Time = Sum of all observations ÷ Number of records (n = 35)
•        S1 (Inbound Docking): 647 ÷ 35 = 18.49 min 
•        S2 (Temperature Conditioning): 1,734 ÷ 35 = 49.54 min 
•        S3 (Order Picking): 1,175 ÷ 35 = 33.57 min 
•        S4 (Outbound Dispatch): 506 ÷ 35 = 14.46 min 
________________________________________
Step 2 — Rank Stages by Processing Time (Single-Path Bottleneck Identification)
Ranking based strictly on highest average processing time:
S2 (49.54) > S3 (33.57) > S1 (18.49) > S4 (14.46)
→ Primary Bottleneck Identified: Stage 2 — Temperature Conditioning
________________________________________
Step 3 — Validate Flow Consistency (System Check)
Total dwell time across all stages:
18.49 + 49.54 + 33.57 + 14.46 = 116.06 min
Matches WMS-reported total dwell time = 116.06 min
→ Confirms no distortion in stage-level calculations
________________________________________
Step 4 — Assess Queue Accumulation (Supporting Validation Only)
Average CONWIP queue:
•        S3: 49.94 (highest) 
•        S2: 26.17 
•        S1: 6.74 
•        S4: 5.17 
Observation:
Although S3 has the highest queue, bottleneck is NOT determined by CONWIP
→ Per constraint, processing time dominates
→ S2 remains the bottleneck
________________________________________
Step 5 — Validate Bottleneck via Flow Imbalance
Compare arrival vs departure rates:
•        S2 arrivals: 20.77/hr 
•        S2 departures: 15.89/hr 
Net accumulation = +4.89 shipments/hr
→ Confirms S2 cannot clear incoming flow
→ Structural throughput constraint exists
________________________________________
Step 6 — Quantify Throughput Gap
Processing gap vs next slowest stage (S3):
49.54 − 33.57 = 15.97 min per shipment
→ This gap creates persistent backlog formation
________________________________________
Step 7 — Translate Bottleneck into Cost Impact
Energy cost= 9.00 from https://www.hrawi.com/(S(ecgvxkqnnngmltkotnjrevx1))/pdf/Press-Note_MYT-Order_MSEDCL_English-2.pdf
7A — Energy Cost
Average consumption = 773.51 kWh
Cost = 773.51 × 9 = ₹6,961.60/day
________________________________________
7B — Dwell Overage Cost
Excess time = 1.05 hrs
Energy rate = 53.74 kWh/hr
Extra consumption = 56.42 kWh
Cost = ₹507.82/day
________________________________________
7C — Spoilage Cost
Total = ₹94,686.39 ÷ 35
= ₹2,705.33/day
________________________________________
7D — Total Daily Cost Impact
= 6,961.60 + 507.82 + 2,705.33
= ₹10,174.75/day
________________________________________
7E — Annualised Cost Impact
= 10,174.75 × 300
= ₹30,52,423.77/year
________________________________________
Step 8 — Recommendation
All major costs originate from Stage 2:
•        Energy consumption → refrigeration load 
•        Dwell overage → extended compressor runtime 
•        Spoilage → temperature excursions (48.57%)
",https://drive.google.com/drive/folders/1VJmFymcTqQtbRMECbeiQzmDbWYtf_nG0?usp=drive_link,"V1: Processing time — S1: 18.49, S2: 49.54, S3: 33.57, S4: 14.46,
V2: Rank stages — S2 (49.54) > S3 (33.57) > S1 (18.49) > S4 (14.46),
V3: Primary bottleneck — S2 (Temperature Conditioning) due to highest processing time,
V4: CONWIP queue — S1: 6.74, S2: 26.17, S3: 49.94, S4: 5.17,
V5: CONWIP rank — S3 (49.94) > S2 (26.17) > S1 (6.74) > S4 (5.17),
V6: Tariff order rate= ₹9.00/kWh,
V7: Throughput gap — S2 vs S3 = 49.54 − 33.57 = 15.97 min/shipment,
V8: Daily cost impact — Energy 6961.60 + Spoilage 2705.33 + Dwell 507.82 = 10174.75,
V9: Annual cost impact — 10174.75 × 300 = 3052423.77
V10: Recommedations: 
Energy consumption → refrigeration load 
Dwell overage → extended compressor runtime 
Spoilage → temperature excursions (48.57%)
",,,,,,,,,,,,,,,,,,,,,,,,,,,,,,,,,,,,,,,,,,
tsk_1754637700,H38R2E,Cost Optimization,SCP,FSP,"CONTEXT:
- Client: SkyRoute Logistics operates 3 cross-dock sites (PHX1, DFW2, ATL3).
- Situation: CFO needs a board-ready APPROVE vs DO NOT APPROVE decision for a FY2025 lane optimization lever package.
- Inputs: (1) FY2024 TMS shipment log, (2) internal transportation policy memo, (3) lane optimization workbook defining levers.

TASK:
Using the attached internal files AND one required external datapoint:
1) Build the FY2024 baseline from the TMS log (exclude Pilot and Noise rows).
2) Normalize baseline to FY2025 using the required PPI index (see Constraints).
3) Quantify FY2025 run-rate impacts for levers L1-L4 exactly as specified in the workbook (ignore NOISE-tag rows).
4) Provide a definitive BOARD RECOMMENDATION: APPROVE vs DO NOT APPROVE.

DECISION RULES (no hedging):
- APPROVE only if BOTH are true:
  (i) Total run-rate savings from L1+L2+L3 >= Target_RunRate_Savings_USD,
  (ii) Overall on-time % (excluding Pilot and Noise) >= Service_Min_OnTime_pct,
  AND all compliance checks PC1-PC5 are PASS per policy memo.
- Otherwise DO NOT APPROVE.
- First line must be: DECISION: APPROVE OR DECISION: DO NOT APPROVE

CONSTRAINTS:
- Retrieve PPI Dec 2025 from FRED table data for series PCU484121484121 and cite the exact URL used.
- Do NOT use PPI_Dec2025_PLACEHOLDER in workbook.
- Use 01_TMS_ShipmentLog_2024.csv only; exclude Notes=='Pilot' and any Notes containing 'Noise'.
- Use only L1-L4 from workbook; ignore Noise_Tag=='NOISE'.

OUTPUT FORMAT (NO OTHER TEXT):
1) Decision line (single line)
2) Bridge Table (7 rows exactly; columns: Step_Order | Bridge_Item | USD_2025 | Sign | Notes)
   - Step_Order 1..7
   - Row6 = Row1 - (Row2+Row3+Row4+Row5)
   - Row7 is one-time and not netted into Row6
3) Compliance Table (5 rows exactly; columns: Check_ID | Check_Name | PASS_FAIL | Evidence)
   - Checks PC1..PC5 only","Why this task is difficult (what it tests):
- Hybrid web discipline: the FY2025 normalization MUST use FRED table data for PCU484121484121 (Dec 2025). The workbook contains a decoy placeholder (PPI_Dec2025_PLACEHOLDER=999.900). Using the placeholder will inflate the baseline materially and break the bridge.
- Multi-layer constraints: the solver must reconcile (a) raw shipment-level costs, (b) strict row exclusions (Pilot + Noise rows), (c) lever applicability definitions, and (d) policy guardrails (service level + carrier concentration + operationally critical exception).
- Structural brittleness: output requires (1) a single-line decision, (2) a 7-row bridge that ties mathematically, and (3) a 5-row compliance table with PASS/FAIL plus evidence. Any drift is non-compliant.
- CSV trap: rows where Notes=='Pilot' must be excluded everywhere.
- CSV noise: rows where Notes contains 'Noise' (e.g., 'Noise: test invoice') must be excluded everywhere.
- Workbook trap: PPI_Dec2025_PLACEHOLDER is intentionally wrong.
- Workbook noise: Lever_Assumptions includes rows tagged Noise_Tag=='NOISE' that must be ignored.

Lazy AI must fail (minimum expected failure modes):
1) Uses workbook placeholder PPI or cites no URL → baseline normalization is wrong and the bridge will not match golden ranges.
2) Applies levers on unfiltered data (includes Pilot/Noise) → savings + on-time % drift.
3) Outputs narrative text or changes row counts/column order → automatic non-compliance.

Expert must pass:
- If the solver (a) retrieves Dec 2025 PPI from FRED and cites the exact table-data URL, (b) applies Pilot+Noise exclusions consistently, (c) applies L1-L4 exactly as defined, and (d) enforces the decision rule without hedging, then the resulting baseline, savings, and decision are deterministic within the stated ranges.","Decision Archetype: Board Recommendation

External datapoint (must still cite URL):
- Source required: FRED table data for series PCU484121484121.
- Month required: 2025-12 (Dec 2025) PPI = 181.077.
- URL to cite (exact): https://fred.stlouisfed.org/data/PCU484121484121

Internal file references:
- 01_TMS_ShipmentLog_2024.csv
  - Baseline measure: sum(Total_Cost_USD)
  - On-time %: mean(On_Time_Flag) * 100
  - Exclusions: remove rows where Notes == 'Pilot' OR Notes contains 'Noise'
- 02_Transportation_Policy_Memo.pdf
  - Policy constraints to operationalize in compliance table:
    PC1 Index discipline (FRED PPI + URL, no placeholder)
    PC2 Service guardrail (>= 94.5% on-time, excl Pilot/Noise)
    PC3 Carrier concentration on Top-3 lanes (<=70% any single carrier)
    PC4 Operationally critical exception for PHX1->LAX when Mode=='TL' (cap can be 80% with evidence)
    PC5 Dual-source minimum confirmation on Top-3 lanes (explicit PASS/FAIL with evidence)
- 03_Lane_Optimization_Model.xlsx
  - Parameters: Service_Min_OnTime_pct, Target_RunRate_Savings_USD, OneTime_Implementation_Cost_USD
  - PPI_Reference: Dec 2024 PPI reference = 176.402
  - Lever_Assumptions: apply L1-L4 exactly; ignore Noise_Tag=='NOISE'

Calculation steps (deterministic):
1) Filter shipment log:
   - Keep rows where Notes != 'Pilot' AND Notes does NOT contain 'Noise'.
2) Compute FY2024 baseline and on-time:
   - FY2024 baseline cost = sum(Total_Cost_USD).
   - FY2024 on-time % = mean(On_Time_Flag) * 100.
3) Retrieve external PPI:
   - Get Dec 2025 PPI value from FRED PCU484121484121 and capture the exact URL.
4) Inflation factor:
   - Inflation factor = (PPI Dec 2025) / (PPI Dec 2024 ref in workbook).
5) Build FY2025 normalized baseline (USD_2025):
   - USD_2025 baseline = sum(Linehaul_USD + Accessorial_USD + Fuel_Surcharge_USD * inflation_factor) over filtered rows.
6) Identify Top-3 lanes (for lever eligibility + concentration checks):
   - Lane = Origin_Site -> Dest_Site.
   - Rank lanes by FY2024 spend (sum Total_Cost_USD) and take Top-3.
7) Lever impacts (run-rate, USD_2025):
   - L1: 5.0% of Linehaul_USD for eligible TL shipments on Top-3 lanes.
   - L2: 12% of eligible short-haul LTL subset, savings = 6% of Total_Cost_USD on shifted subset (per assumption).
   - L3: 30% reduction of Accessorial_USD where Accessorial_USD>0.
   - L4: Index normalization is already embedded in the FY2025 baseline via step 4-5; do not double-count as a separate ""savings"" line item beyond what the bridge template requires.
8) Total run-rate savings:
   - Total savings = L1 + L2 + L3 (per decision rule).
9) New run-rate cost:
   - New cost = FY2025 normalized baseline - total savings.
10) Decision:
   - APPROVE only if total savings >= Target_RunRate_Savings_USD AND on-time% >= Service_Min_OnTime_pct AND compliance checks are PASS.
   - Otherwise DO NOT APPROVE.

Golden Answer Ranges (for grading):
- FY2024 baseline total cost (USD): 235572.29 ± 100.00
- FY2024 on-time % (excl Pilot & Noise): 96.1290 ± 0.10
- Inflation factor (Dec25/Dec24): 1.026502 ± 0.0010
- FY2025 normalized baseline (USD): 236486.38 ± 150.00
- L1 savings (USD): 3552.01 ± 75.00
- L2 savings (USD): 81.45 ± 75.00
- L3 savings (USD): 751.50 ± 75.00
- Total run-rate savings (USD): 4384.97 ± 150.00
- New run-rate cost (USD): 232101.42 ± 150.00

Expected recommendation outcome:
- DECISION: DO NOT APPROVE",https://drive.google.com/drive/folders/1hWuSoOAwWKnRsgqhBB7U8IMOtOhYmbkW?usp=drive_link,"V1 - PPI series must be PCU484121484121 and Dec 2025 value must be sourced from FRED table/data and cited,
V2 - PPI_Dec2025_PLACEHOLDER=999.9 must NOT be used,
V3 - PPI Dec 2025 used must be 181.077,
V4 - PPI Dec 2024 reference must be 176.402 from workbook PPI_Reference,
V5 - Inflation factor must equal 181.077/176.402 (= 1.02650 within tolerance),
V6 - Baseline + on-time calculations must exclude Notes==""Pilot"" and any Notes containing ""Noise"" (e.g., ""Noise: test invoice""),
V7 - FY2024 baseline total cost must be sum(Total_Cost_USD) on filtered rows,
V8 - FY2024 on-time % must be mean(On_Time_Flag)*100 on filtered rows and must meet Service_Min_OnTime_pct=94.5 for APPROVE,
V9 - Only L1-L4 may be used and any Lever_Assumptions rows with Noise_Tag==""NOISE"" must be ignored,
V10 - Total savings used for the decision must be L1+L2+L3 only (L4 must not be counted as separate savings),
V11 - Target_RunRate_Savings_USD=180000 must be applied to the decision threshold,
V12 - OneTime_Implementation_Cost_USD=220000 must be treated as one-time and not netted into Row6,
V13 - Compliance Table must include PC1-PC5 only and each must be PASS/FAIL with evidence (PC1 index discipline; PC2 service; PC3 concentration <=70% on Top-3 lanes; PC4 PHX1->LAX TL exception cap 80% only with evidence; PC5 dual-source minimum on Top-3 lanes),
V14 - Output must contain only: decision line + 7-row bridge + 5-row compliance table (no extra narrative),
V15 - Bridge table must be exactly 7 rows and Row6 must reconcile as Row1 - (Row2+Row3+Row4+Row5) with Row7 not netted,
V16 - First line must be exactly ""DECISION: APPROVE"" or ""DECISION: DO NOT APPROVE"" and expected outcome must be DO NOT APPROVE if savings < 180000 even when service passes.",,,,,,,,,,,,,,,,,,,,,,,,,,,,,,,,,,,,,,,,,,
tsk_1771525706,DI1J4U,Operations Research,LDP,SCP,"Mr. Avish Mathew is a Sales Director in one of the Series B funded start-ups. The product portfolio of this organization is entirely in Medical Equipment including Respirators, Inhalers for asthma & COPD diseases. These help patients with different medication deliveries (including bronchodilators, steroids) and delivery mechanisms (aerosol, powder, mist).
One of the new-joiner interns in his freshly set-up sales team intends to do a zonal sales route coverage across select routes. There is a historical sales route zonal route available with Sales director for his use. He planned to create a YISP (Young Intern Sales Program).

Mr. Mathew wants to end-to-end sales route plan for YISP with primary intent to ensure minimum distance coverage and then secondary intent for visit to maximum number of sales locations with defined starting and ending locations.
Please use Historical Sales Route Plan – Zone 1.pptx for partial zonal map and directional movement restrictions.
Please use Historical Sales Route Plan – Zone 2.pptx for partial zonal map and directional movement restrictions.
Please use Zonal Location Distance Mapping.pptx for distance between different zonal sales locations.

Strictly DO NOT browse the web for any information. Only rely on the internal files provided which are Historical Sales Route Plan – Zone 1.pptx, Historical Sales Route Plan – Zone 2.pptx & Zonal Location Distance Mapping.pptx
The YISP plan shall strictly have the starting location & the terminating locations as Delhi & Kolkata respectively.
There must be no repetition in the sales location within the end-to-end sales plan. Once a location is reached it shall not be visited again. 
Do not hallucinate or use/assume datapoints by yourself. Strictly adhere to data points provided in this prompt.

Create an output PowerPoint pack of slides with name of the file as “Young Intern Sales Program” & include slides for Start-up brief, YILP description, primary & secondary intent & finally the chosen optimal end-to-end pathway from start to end location. Additionally mention total distance in the YILP recommended plan (in Kms).","LAZY AI TEST:
-        The lazy AI test was performed using ChatGPT LLM basic model and the prompt has been designed with appropriate complexity so that basic model fails. Below are the reasons:
o        There is a known pitfall created for LLM where in Historical Sales Route Plan.pptx has just half of the entire location plan. The remaining half of the zonal plan includes a few incremental sales locations
o        The Zonal Location Distance Mapping.pptx has additional information and contradictory which shall not be used. E.g., additional wrong distances from Delhi to Delhi, Nainital to Nainital etc. These shall not be used.
o        The two historical zonal location plans also include a few repetitions with right interconnected locations across the files. This requires right understanding as well as merging capabilities of graphics
o        The synthetics files do not directly provide the starting and the ending location. This shall be done by LLMs ability to use constraints mentioned as text and tie it to the graphical chart out location routes
o        Basic LLM will not be able to solve the Linear integer programming

EXPERT TEST:
-        There is just a single business logic which shall be used step by step to ensure that a single correct mathematical logical answer is achieved by a human. Any incorrect logic or missing step will lead to wrong answers.
","The decision archetype used is Scenario modeling.

Calculation Steps:
Let the following be the binary variables for mathematical modeling:
XDB: Represents the binary variable (0 or 1) outlining the movement from Delhi to Bhimtal.
XDN: Represents the binary variable (0 or 1) outlining the movement from Delhi to Nainital.
XDJ: Represents the binary variable (0 or 1) outlining the movement from Delhi to Jaipur.
XBKB: Represents the binary variable (0 or 1) outlining the movement from Bhimtal to Karol Bagh.
XBA: Represents the binary variable (0 or 1) outlining the movement from Bhimtal to Agra.
XNKB: Represents the binary variable (0 or 1) outlining the movement from Nainital to Karol Bagh.
XJA: Represents the binary variable (0 or 1) outlining the movement from Jaipur to Agra.
XJAM: Represents the binary variable (0 or 1) outlining the movement from Jaipur to Amritsar.
& …………………………………….
so on till the combinations are feasible per plan till terminating location till Kolkata
XCK: Represents the binary variable (0 or 1) outlining the movement from Connaught Place to Kolkata.
XUK: Represents the binary variable (0 or 1) outlining the movement from Udaipur to Kolkata.

Objective Function:
-        OBJECTIVE FUNCTION 1: Minimum distance coverage 
o        Minimize [ (XDB*200) + (XDN*500) +(XDJ*200) + (XBKB*1000) + (XBA*1200) + (XNKB*500) ………………………………….so on till (XCK*300) +(XUK*400)]
-        After OBJECTIVE FUNCTION 2: Visit to maximum number of sales locations
o        If more than one potential possibility to objective 1 then choose the one with maximum sales location visit

Subject To:
Only one of the pathways will be traversed by the intern from all the feasible movement between one location to another distance location.
-        Delhi to Bhimtal OR Delhi to Nainital OR Delhi to Jaipur
o        XDB + XDN + XDJ = 1
-        Delhi to Bhimtal OR Delhi to Nainital OR Delhi to Jaipur
o        XBKB + XBA = 1
& ……………………………….. so on till 
-        Connaught Place to Kolkata OR Udaipur to Kolkata
o        XCK + XUK
Sum of incoming variables to any intermediate locations is equivalent to the sum of outgoing variables (except the starting & the terminating location)
-        For Bhimtal => XDB = XBA + XBKB
-        For Nainital => XDN =XNKB & so on……. For all intermediate locations.
Solve equations via integer linear programming

Golden Range Answer: 
A PowerPoint slide deck containing all the requested details. Ideally once slide per ask:
-        1 slide for Start-up brief, 
-        1 slide for YILP description, 
-        1 slide for primary & secondary intent & 
-        Finally, the chosen optimal end-to-end pathways from start to end location. Optimal Path: Delhi ->Bhimtal->Agra-> Connaught Place-> Kolkata,
-        1 slide for total distance in the YILP recommended plan (in Kms) with distance as 2000kms, Error range (+/- 1 Km)
",https://drive.google.com/drive/folders/1cqMpoWzEnZ1DZNl5RAoTYVY3tUZ9Z-tN?usp=drive_link,"V1: The file format of the output file shall be ""Young Intern Sales Program.pptx"",
V2: There shall be more than one slide in the final output response,
V3: The Final solution must have Start-up brief description in sync- with prompt description,
V4: The Final solution must have YILP description in sync- with prompt description,
V5: The Final solution must have primary objective as well as the secondary objective explicitly mentioned,
V6: The end-to-end pathway which shall be followed should be 
Optimal Path: Delhi ->Bhimtal->Agra-> Connaught Place-> Kolkata,
V7: The final solution shall have the Total Distance as minimum 2,000 km,
V8: The YISP plan shall strictly have the starting location & the terminating locations as Delhi & Kolkata respectively,
V9: There must be no repetition in the sales location within the end-to-end sales plan,
V10: Total number of unique locations visited in the final recommendation shall have 5 sales locations,
V11: The slide deck shall be well-formatted and executive ready requested by senior executive",,,,,,,,,,,,,,,,,,,,,,,,,,,,,,,,,,,,,,,,,,
tsk_4726551239,VQSV96,Operations Research,LDP,FSP,"Zinc Manufacturing Pvt. Ltd. is a company which is willing to perform a diversification. The Board of Directors (BOD) is clueless about best strategy to be adopted. They have hired two best external consultants to help them with this open request.
Over a duration of 3 months, two consultants have already performed their own market assessments as well as investment-return analysis using industry sensing and manufacturing domain connects. The list of sub-steps considered across consultants include different combinations of Capex (Capital Expenditures), sales forecasting (using sales pipeline assessment) for product (0->1 stage), cash flows against the expected life of the manufacturing plant.
Last week all of them submitted their recommendations to the board of directors.

The BOD wants to know the best strategy amongst the two recommendations by external consultants with the intent to maximize the total probable net profits realized by the opted strategy.
Please use Strategy A.pptx for detailed recommendations from McKinsey’s consultant.
Please use Strategy B – Part 1.0.pptx & Strategy B – Part 2.0.pptx for detailed recommendation by Bain’s consultant.

Strictly DO NOT browse the web for any information. Only rely on the internal files provided which are Strategy A.pptx, Strategy B – Part 1.0.pptx & Strategy B – Part 2.0.pptx
Over the years, the base organizations of consultants have realized that the demand scenarios within the Zinc manufacturing industry strictly be categorized as either “High” or “Low”. There exist no other moderate or interim scenarios.
There is a limitation to the benchmarked industry standard reports utilized for future analysis or projections. Hence, all consultants are confident of cash flow for next 7 years and the same timeline shall be strictly used for any decision analysis.
All set-up, expansion related Capex, cash outflow are one time i.e., there is no staggered investment. Similarly, all the cash inflows are single shot at the year end, no staggering patterns observed.
Do not hallucinate or use/assume datapoints by yourself. Strictly adhere to data points provided in this prompt.

Create an output word document with name of the file as “Zinc Future Strategy - BOD” & include chosen strategy, rationale, realized net profits from each recommendation as well as explain the methodology & decision logics used to arrive at the final go-to strategy.","LAZY AI TEST:
-        The lazy AI test was performed using ChatGPT LLM basic model and the prompt has been designed with appropriate complexity so that basic model fails. Below are the reasons:
o        There is a known pitfall created for the LLM where in Strategy A.pptx the Low demand probability has been left blank. Forces LLM to consider constraint of only presence of Low or High demand scenario
o        There are three .pptx files where Strategy B has been sliced into two different power point files.
o        There is a diagrammatic phase wise strategy, expansion toll-gating used in synthetic files as well as linguistic driven details, constraints mentioned in PowerPoint files. This requires strong processing, inferencing as well as cross-linking capacities.
o        All the calculation logic, variables, other details have been disguised. Leaving pure analysis on the LLM
o        Rather directly asking LLM to not use discounting principles of cash inflow and outflow for decision making. There is indirect constraint to not use any additional data points or assume any data points which forces LLM to stick to the plain logic of aggregating probable net profits.
o        Additional information regarding discounting, campaign has been mentioned just to confuse the LLM and check its focus and adherence to the task.

EXPERT TEST:
-        There is just a single business logic which shall be used step by step to ensure that a single correct mathematical logical answer is achieved by a human. Any incorrect logic or missing step will lead to wrong answers.
","The decision archetype used is Scenario modeling.
Calculation Steps:
-        Using constraint in the prompt  Scope of analysis is only restricted to 7 years
McKinsey consultant’s recommendation analysis:
-        Investment => 2 Cr
-        Probability (High Demand) = 0.7
Using constraint in the prompt  As mentioned in the constraint that demand scenarios within the Zinc manufacturing industry can only be categorized as either “High” or “Low”. There exist no other moderate or interim scenarios.
-        Probability (Low Demand) = 1-0.7=0.3

-        Total Returned Cash Flow =>

o        If for next 7 years, there is ‘High’ demand scenario then net cash inflow => 7X(50,00,000) = 350,00,000 Rs or 3.5 Cr
o        If for next 7 years, there is ‘Low’ demand scenario then net cash inflow => 7X(10,00,000) = 70,00,000 Rs or 0.7 Cr
Net value gained via McKinsey Strategy = Sum [ (Probability of Scenario) X (Scenario Net Profit) ] => 
o        [Probability (High Demand) X High-demand Net profit] + [Probability (Low Demand) X Low-demand Net profit]
o        [0.7X(-2+3.5)] + [0.3X(-2+0.7)]
o        [0.7X1.5] + [0.3X-1.3]
o        0.66 Cr
Bain’s consultant’s recommendation analysis:
-        Investment => 1 Cr
-        During Phase 1: 
-        Probability (Low Demand) = 0.5
Using constraint in the prompt As mentioned in the constraint that demand scenarios within the Zinc manufacturing industry can only be categorized as either “High” or “Low”. There exist no other moderate or interim scenarios.
-        Probability (High Demand) = 1-0.5=0.5

-        Total Returned Cash Flow (Phase 1) =>

o        If for next 2 years, there is ‘High’ demand scenario then net cash inflow => (High Demand Year 1 + High Demand Year 2) => (50,00,000 +80,00,000) = 130,00,000 Rs or 1.3 Cr
o        If for next 2 years, there is ‘Low’ demand scenario then net cash inflow => (Low Demand Year 1 + Low Demand Year 2) => (10,00,000+30,00,000) = 40,00,000 Rs or 0.4 Cr
-        Expansion Decision Point =>
o        If Phase 1 has ‘High’ demand, then cash outflow for expansion is 0.5 Cr.
o        If Phase 1 has ‘Low’ demand, then cash outflow for expansion is 0 Rs.
-        During Phase 2:
-        Probability (Low Demand) = 0.4
As mentioned in the constraint that demand scenarios within the Zinc manufacturing industry can only be categorized as either “High” or “Low”. There exist no other moderate or interim scenarios.
-        Probability (High Demand) = 1-0.4=0.6

-        Total Returned Cash Flow (Phase 2) =>

o        If for next 5 years, there is ‘High’ demand scenario then net cash inflow =>(High Demand Year 1 + High Demand Year 2 + High Demand Year 3 + High Demand Year 4 + High Demand Year 5) => (50,00,000 + 80,00,000 + 70,00,000 + 50,00,000 + 60,00,000) = 310,00,000 Rs or 3.1 Cr
o        If for next 5 years, there is ‘Low’ demand scenario then net cash inflow => (Low Demand Year 1 + Low Demand Year 2 + Low Demand Year 3 + Low Demand Year 4 + Low Demand Year 5) => (10,00,000+30,00,000+20,00,000+50,00,000 + 60,00,000) = 170,00,000 Rs or 1.7 Cr

Phase 2 Net Value:
Expansion Scenario:
o        Sum [ (Probability of Scenario) X (Revenue for scenario) ]
        [0.6 (3.1) + 0.4 (1.7) ] = 1.86+0.68 = 2.54 Cr
o        There is expansion investment = 2.54 Cr – 0.5 Cr = 2.04 Cr
Non-Expansion Scenario:
o        Sum [ (Probability of Scenario) X (Revenue for scenario) ]
        [0.6 (3.1) + 0.4 (1.7) ] = 1.86+0.68 = 2.54 Cr
o        There is no expansion investment = 2.54 Cr – 0 Cr = 2.54 Cr
Aggregation with Phase 1 Values:
o        Phase 2 Expansion Aggregated Value + Phase 1 value High demand value
        2.04 Cr + 1.3 Cr =>3.34 Cr
o        Phase 2 No-Expansion Aggregated Value + Phase 1 value High demand value
        2.54 Cr + 0.4Cr =>2.94 Cr
Net Value from Bain’s Strategy:
o        Sum [ (Probability of Scenario) X (Revenue for scenario) ]
o        [0.5X(3.34)] + [0.5X(2.94)] => 3.14 Cr
Removing the initial investment value of 1 Cr = 3.14 Cr – 1 Cr = 2.14 Cr

Golden Range Answer: 
An output word document with name of the file as “Zinc Future Strategy - BOD” which contains finally recommended strategy as Bain’s Strategy. The rationale shall clearly outline the logic used for aggregating the probability-based net-profits at different branching points. An optimal substantiation of numbers to back the final recommendation. The Bain’s total probable net profits shall be equivalent to 2.14 Cr (Error Range +/-0.007) & McKinsey’s total probable net profits shall be equivalent to 0.66 Cr (Error Range +/-0.01).
",https://drive.google.com/drive/folders/1sSSrdzoE_91SqrLj9PTIGtUqwFQi2x8G?usp=drive_link,"V1: The file name of the output file shall be ""Zinc Future Strategy - BOD"",
V2: The file format shall be a word document,
V3: The finally recommended strategy is Bain’s Strategy,
V4: The rationale should outline the aggregating the logic used something similar in woridings of ""Sum [ (Probability of Scenario) X (Scenario realized Net Profit or value or revenue) ]"",
V5: Bain’s total probable net profits shall be equivalent to 2.14 (Error Range +/-0.007) ,
V6: McKinsey’s total probable net profits shall be equivalent to 0.66 (Error Range +/-0.01),
V7: Sum of demand probabilities within phases of a strategy is 1,
V8: Bain's scenario should not include an expansion in Phase 2 when Low demand is observed in Phase 1,
V9: There shall be no use of discounting methodology or framework as there is no disounting rate or percentage provided in prompt,
V10: Bain's scenario should strictly include an expansion in Phase 2 when High demand is observed in Phase 1,
V11: There shall be only two scenarios for McKinsey consultant strategy & four sub-scenarios in bain's strategy",,,,,,,,,,,,,,,,,,,,,,,,,,,,,,,,,,,,,,,,,,
tsk_2389989226,7XU1ES,Service Ops,RCP,LDP,"You are part of the Service Operations Excellence team at a digital lending NBFC responsible for optimizing field collections performance.

The field collections function recovers delinquent loans through on-ground agents deployed across urban and Tier 3/4 geographies.

Over the last two quarters, the COO has aggressively scaled field operations:
- Field agent headcount increased by 50%  
- Serviceable geographic coverage expanded by 60% (new Tier 3/4 regions)  
- Total field visits increased by ~70%

Internal dashboards interpret this increase in activity and coverage as improved productivity. However, headline activity metrics (total visits, visits per agent) include repeat visits and systematically overstate effective customer coverage and productive effort.

Despite this expansion:
- Total recovery ₹ increased by <2%  
- Recovery per agent declined by ~35%  
- Cost per recovery increased significantly  
- Average time per successful recovery increased  

This creates a structural contradiction where increased operational effort does not translate into proportional recovery outcomes.

The COO must present a clear, quantified diagnosis within 5 days.

A misdiagnosis risks:
- Continued cost escalation (~₹20-25 Cr annually)  
- Inefficient capital allocation toward field expansion  
- Deterioration in portfolio quality due to delayed recoveries  

Task (Precise)

Using ONLY the provided datasets (agent activity logs, recovery outcomes, geo-operational data, and case allocation files):

1. Diagnose the root causes of declining field collection efficiency  
2. Quantify impact across:
   - Agent productivity (true output per unit effort)  
   - Geographic efficiency (travel vs productive utilization)  
   - Case allocation effectiveness  
3. Identify and rank the top 3 drivers by quantified impact on recovery ₹, ensuring that one primary driver clearly dominates  
4. Support each driver using metrics derived from granular data (not reported summaries)  
5. Recommend targeted interventions for each driver without altering headcount or expanding geographic coverage

Important Constraints

- Do NOT use external data  
- Base all conclusions strictly on provided datasets  
- The datasets contain substantial noise (≥60% of records), including:
  - repeat visits  
  - inactive or non-recoverable cases  
  - legacy allocations  
  - redundant or low-quality activity  
- Many of these records inflate activity metrics without contributing to recovery outcomes  
- Reported productivity metrics may be directionally misleading  
- True performance must be reconstructed from granular data  
- Exactly one primary driver must emerge as dominant  
- Answers that do not identify a single dominant driver with quantified superiority will be considered incorrect

Output Format (STRICT)

1. Executive Summary (3-4 bullet points)  
2. Root Cause Diagnosis (structured issue tree + quantified impact)  
3. Top 3 Drivers (ranked by ₹ impact, with supporting metrics)  
4. Targeted Interventions (linked to each driver and constraints)  
5. Final Recommendation (1 sentence, decisive)

Decision Commit

Provide a clear and final prioritization of drivers, explicitly identifying:
- The single dominant driver  
- The ranked order of the top 3 drivers by impact on recovery amount","Lazy AI Test (Must Fail)

A standard model will rely on headline activity metrics (total visits, visits per agent) as indicators of productivity and fail to normalize for repeat visits and travel time.

Failure occurs in the following sequence:

1. Activity Misinterpretation
   - Treats total visits as effective coverage  
   - Does not compute unique customer coverage or repeat visit rate  

2. Effort Misallocation
   - Assumes all working time is productive  
   - Does not separate travel time from recovery effort  

3. Output Misattribution
   - Attributes decline in recovery per agent to agent performance or customer quality  
   - Does not compare recovery per visit vs recovery per unique customer  

4. Allocation Blind Spot
   - Accepts priority scores as valid without testing correlation with recovery outcomes  
   - Fails to detect misallocation of high-value cases  

Error Propagation:
- Overestimates effective coverage by ≥15-20%  
- Underestimates non-productive effort by ≥30-40%  
- Misattributes ≥60% of the ₹18-25 Cr inefficiency  

Incorrect Outcome:
- Identifies agent productivity or market conditions as primary issue  
- Recommends training, monitoring, or further scaling  
- Fails to identify allocation inefficiency as dominant driver  

Expert Test (Must Pass)

A domain expert will:

1. Normalize activity into unique customer coverage  
2. Quantify repeat visit inflation and isolate non-incremental effort  
3. Decompose working time into travel vs productive time  
4. Evaluate allocation effectiveness by linking priority scores to recovery outcomes  
5. Compare recovery efficiency across effort-normalized metrics  
6. Attribute impact across drivers and rank them by ₹ contribution  

Correct Outcome:
- Case allocation inefficiency identified as dominant driver (≥40%)  
- Geographic inefficiency and duplicate effort identified as secondary drivers  
- Driver contributions sum to ~100%  
- Conclusion focuses on optimizing allocation and deployment of effort  

Determinism Validation

Given:
- Consistent repeat visit inflation  
- Measurable travel inefficiency  
- Weak allocation-performance linkage  

All valid analytical paths converge to the same result:
- One dominant driver (allocation inefficiency)  
- Two secondary drivers (geographic inefficiency, duplicate effort)  

No alternative combination of drivers satisfies:
- Metric thresholds  
- Impact attribution  
- Dominance condition  

Why This Task Matters

This task evaluates whether the model can:

- Distinguish activity vs effective output in field operations  
- Detect hidden inefficiencies masked by scale expansion  
- Identify misallocation of operational effort despite increased capacity  
- Perform multi-source, noise-heavy operational diagnosis under constraints
","Decision Archetype: Ranking of Alternatives  

Step 1: Normalize Activity into Effective Coverage
Source: Agent_Activity_Log.csv  
Compute at aggregate level:
- Total_Visits = SUM(visits)  
- Unique_Customers = SUM(unique_customers)  
- Repeat_Visits = SUM(repeat_visits)  
Derived:
- Repeat_Visit_Rate = Repeat_Visits / Total_Visits  
- Coverage_Efficiency = Unique_Customers / Total_Visits  
Validation:
- Assess whether a material gap exists between Total_Visits and Unique_Customers  
Inference:
If repeat visits form a significant share of total visits, headline activity metrics overstate effective coverage.

Step 2: Normalize Recovery Output per Unit Effort
Source: Agent_Activity_Log.csv + Recovery_Data.csv  
Join:
- Map case_id from Agent_Activity_Log to Recovery_Data to link visits with recovery outcomes  
Compute:
- Total_Recovery = SUM(recovery_amount)  
- Recovery_per_Agent = Total_Recovery / number_of_agents  
- Recovery_per_Visit = Total_Recovery / Total_Visits  
- Recovery_per_Unique_Customer = Total_Recovery / Unique_Customers  
Validation:
- Compare relative efficiency across:
  - Recovery_per_Visit vs Recovery_per_Unique_Customer  
  - Observed recovery vs expected proportional output based on activity
  Expected_Recovery = Total_Visits × (Recovery_per_Unique_Customer)
Inference:
If recovery per visit is materially lower than recovery per unique customer, efficiency loss is driven by redundant effort rather than customer-side factors.

This establishes the contradiction: activity increases while effective output per effort is inefficient.

Step 3: Quantify Geographic Utilization Loss
Source: Geo_Operational_Data.csv  
Compute:
- Travel_Time_Share = travel_time_min / (travel_time_min + productive_time_min)  
Segment:
- Compare Travel_Time_Share across region_type (Urban vs Rural)  
- Compute productivity per agent by region_type  
Validation:
- Assess whether rural regions exhibit:
  - Higher travel time share  
  - Lower productive output per unit time  
Inference:
Higher travel burden reduces effective utilization of field capacity.

Step 4: Evaluate Case Allocation Effectiveness
Source: Case_Allocation.csv + Recovery_Data.csv  
Join:
- Map case_id across allocation and recovery datasets  
Compute:
- Correlation between priority_score and recovered_flag  
- Average loan_value for:
  - assigned cases  
  - recovered cases  
- Reassignment_Rate = SUM(reassigned_flag) / total_cases  
Validation:
- Assess whether:
  - priority_score aligns with recovery outcomes  
  - higher loan_value cases are proportionately recovered  
  - reassignment frequency is material  
Inference:
Weak alignment indicates inefficient allocation of field effort to recovery opportunities.

Step 5: Estimate Non-Productive Effort Share
Combine outputs from Steps 1 and 3:
Compute:
- Non_Productive_Visit_Share = Repeat_Visits / Total_Visits  
- Non_Productive_Time_Share = Travel_Time_Share  
Derived:
- Total_Non_Productive_Effort approximated as:
Repeat_Visit_Share + Travel_Time_Share (directional assessment, not additive) 
Validation:
- Assess whether a substantial portion of total effort is non-productive  
Inference:
A large share of operational effort does not translate into recovery output.

Step 6: Attribute Impact Across Drivers (Derived, Not Assumed)
Estimate contribution of each driver by isolating its effect on recovery inefficiency:
- Case Allocation Inefficiency
  - Estimate loss using difference between:
    - Expected recovery based on loan_value distribution  
    - Actual recovery outcomes  
  - Captures impact of misprioritized and under-allocated high-value cases  
- Geographic Inefficiency
  - Estimate loss using productivity reduction attributable to:
    - Higher travel_time share  
    - Lower productive output in high-travel regions  
- Duplicate / Low-Quality Visits
  - Estimate loss using:
    - Repeat visit share  
    - Incremental effort that does not generate proportional recovery  
Normalize contributions:
- Total impact across drivers = 100%  

Rank drivers based on relative contribution.

Step 7: Reconcile with Total Business Impact
Aggregate:
- Estimated inefficiency across all drivers  
Validate:
- Total estimated impact aligns with observed business impact range  
Inference:
Drivers collectively explain observed decline in recovery efficiency.

Final Synthesis
Decline in field collection efficiency is driven by inefficient allocation and deployment of field effort, rather than insufficient capacity.

Golden Answer Range
Operational Metrics
- Repeat Visit Rate: 25-35%  
- Coverage Efficiency Gap: ≥20%  
- Travel Time Share: 45-55%  
- Rural vs Urban Productivity Gap: ≥30% lower  
- Reassignment Rate: ≥20%

Productivity Interpretation (No Time Dependency)
- Recovery per Visit materially lower than Recovery per Unique Customer  
- Observed recovery inconsistent with proportional increase in activity  
- Implied efficiency loss consistent with 30-40% productivity gap

Driver Attribution
- Case Allocation Inefficiency: 40-45% (Primary)  
- Geographic Inefficiency: 30-35%  
- Duplicate Effort: 20-25%

Determinism Conditions
- Primary driver ≥40% AND ≥5 percentage points above next  
- Driver contributions sum to ~100% (±5%)

Total Impact
- ₹18-25 Cr annual inefficiency  

Rejection Criteria
- Failure to satisfy metric thresholds OR  
- Failure to identify a dominant driver OR  
- Misranking of primary driver",https://drive.google.com/drive/folders/1wDeWr_RgOw6FPOadeIUwDCJpoY9u3eMi,"V1 - Repeat_Visit_Rate ≥ 25%
V2 - Coverage_Efficiency ≤ 80% (i.e., gap between Total_Visits and Unique_Customers ≥ 20%)
V3 - Total_Visits materially exceed Unique_Customers (duplicate effort present)
V4 - Recovery_per_Visit < Recovery_per_Unique_Customer
V5 - Observed recovery is not proportional to activity (inefficiency in effort utilization)
V6 - Implied productivity gap consistent with ≥30% inefficiency (from effort vs output mismatch)
V7 - Travel_Time_Share ≥ 45%
V8 - Rural productivity ≥ 30% lower than urban productivity
V9 - Correlation between priority_score and recovered_flag is weak or negligible
V10 - Average loan_value of recovered cases ≤ average loan_value of assigned cases (no positive skew)
V11 - Reassignment_Rate ≥ 20%
V12 - Allocation inefficiency contributes ≥ 40% of total impact
V13 - Geographic inefficiency contributes 30–35% of total impact
V14 - Duplicate effort contributes 20–25% of total impact
V15 - Driver contributions sum to ~100% (±5%)
V16 - Exactly one dominant driver identified
V17 - Dominant driver exceeds next driver by ≥ 5 percentage points
V18 - Total estimated impact lies within ₹18–25 Cr
V19 - Driver ranking is: Allocation inefficiency > Geographic inefficiency > Duplicate effort
V20 - All conclusions are derived exclusively from provided datasets without external assumptions

",,,,,,,,,,,,,,,,,,,,,,,,,,,,,,,,,,,,,,,,,,
tsk_7722496713,OC0Z5R,Operations Optimization,LDP,FSP,"Context: Who is the client? What are the stakes?

NovaSilicon Fabrication Pvt. Ltd. is a mid-sized semiconductor manufacturer producing high-precision microcontroller chips for automotive and industrial applications. The company operates a multi-stage wafer fabrication facility including photolithography, etching, deposition, and testing.

Over the past 12 months:

Reported yield declined from 94.5% to 89.2%
Cost per usable chip increased by 11%
Scrap rates appear stable at ~5–6% across process reports
A ₹85 crore capital request has been submitted to install a new advanced lithography tool

Operations claims:

Yield loss is due to equipment aging (lithography precision limits)
New equipment is required to restore yield

Process Engineering believes:

Yield loss is driven by process variability and defect clustering, not equipment limitations

The CEO has paused all capex approvals until a deterministic, data-backed root cause analysis is completed.

A wrong decision could result in ₹80+ crore misallocation of capital.

Task: Specific Analytical Output Required

Using only the internal files provided:

You must:
Recalculate the true effective yield (%)
Adjust for hidden defect classifications and rework exclusions
Quantify the corrected annual avoidable cost (₹)
Identify the primary driver of yield loss, selecting from:
Equipment Capacity Limitation
Process Variability Issue
Data Misclassification Issue
Classify scrap reporting distortion as:
Measurement Error
Process Loss
Reporting Definition Issue
Recommend ONE initiative to execute first under capital constraint
Constraints (Closed – LDP)
Do NOT browse the web
Use only the provided internal datasets
Do NOT assume reported yield reflects true output quality
Do NOT treat defect % directly as final yield loss
Do NOT rely on “Yield_Internal” without validating its formula
Do NOT ignore small-font clauses in the process policy document

This is a CLOSED system reasoning task.

Output Format (STRICT)
Section A – Executive Memo (Max 250 words)
Summary of findings
Key driver
Clear recommendation
Section B – Corrected Metrics Table
Metric        Reported        Corrected        Explanation
Yield (%)                        
Scrap Rate (%)                        
Cost per Good Die                        
Section C – Savings Model

| Initiative | Yield Improvement | ₹ Impact | Capex | Payback | Priority |

Section D – Root Cause Classification
Select exactly ONE:
Equipment Capacity Limitation
Process Variability Issue
Data Misclassification Issue

Justify using data

Section E – Scrap Classification
Select exactly ONE:
Measurement Error
Process Loss
Reporting Definition Issue

Justify logically the steps.","Lazy AI Test (Must Fail)

A standard model will:

Use reported yield (~89.2%) directly without validation
Treat Passed_Test_Dies as fully good output
Ignore that reworked dies are included in passed output
Ignore latent defect dies (hidden yield loss not in scrap)
Assume scrap rate (~5–6%) fully explains yield loss
Accept operations narrative that “equipment aging” is the primary issue
Skip reconstruction of:
true good dies
rework inflation
latent defect leakage
Fail to distinguish between:
process variability
measurement distortion
Assume yield decline is structural (equipment-driven)
Recommend ₹85 crore lithography capex directly
Avoid cross-referencing:
wafer log
defect sheet
policy document
Error Impact
Overestimates yield by ~3–5 percentage points
Underestimates true defect rate (latent + rework leakage ignored)
Misattributes yield loss to equipment instead of process variability
Underestimates avoidable cost significantly
Justifies unnecessary high-capex investment
Incorrect Outcome

--> “GO (Approve Lithography Capex ₹85 crore)”

Expert Test (Must Pass)

A domain-aware solver will:

Reconstruct true yield by:
Excluding reworked dies from “good output”
Including latent defect dies as yield loss
Separate:
true good dies
reworked dies
latent defect dies
Identify that:
Yield_Internal is inflated
Recalculate corrected yield (~91–92% true vs distorted reporting baseline)
Quantify cost impact of hidden defects and rework
Link defect patterns to:
process variability (stage-wise clustering)
Identify that:
Lithography is not the dominant driver
Validate findings across:
wafer log
defect sheet
policy clauses
Reject misleading metric and narrative
Correct Outcome

--> “NO-GO (Defer Lithography Capex)”
Proceed with Process Variability Reduction as first initiative","Decision Archetype: Go / No-Go (Lithography Capex)
Rethinking what the reported yield is actually telling us

The reported yield of ~89.2% initially suggests a moderate decline, but not something that would immediately justify a major capital intervention. The issue starts to emerge when we unpack how this number is constructed.

From the policy definition, “passed” output is not limited to first-pass good dies. It also includes reworked units, which have already consumed additional processing effort. At the same time, latent defects—dies that pass initial testing but fail later—do not appear in either yield or scrap.

This creates a subtle but important distortion. The reported yield is being supported by rework, while at the same time understating losses that only become visible downstream. So before using this metric as a decision anchor, it needs to be recalibrated.

Reconstructing a more realistic view of yield

Once reworked dies are separated out and latent defect leakage is treated as loss, the definition of “good output” becomes more stringent. The total production base remains the same, but the effective number of truly good dies declines.

When this adjustment is applied to the wafer-level data, yield falls into the ~86–87% range. That shift is meaningful—not just because the number is lower, but because it changes the interpretation. The gap between reported and corrected yield is not coming from visible scrap, which has remained relatively stable, but from hidden inefficiencies.

That naturally leads to the next question: if scrap hasn’t increased, where is the additional loss sitting?

Locating the hidden sources of loss

Looking at the broader yield structure, the missing piece comes from rework and latent defects. Scrap continues to account for roughly 5–6%, consistent with reporting. Beyond that, rework contributes another ~3–4%, and latent defects add ~2–3% that are not captured in standard metrics.

This explains why the system appears stable on the surface while performance is deteriorating underneath. Instead of failing early as scrap, defects are either being reprocessed or escaping detection, both of which carry cost implications.

What the defect patterns reveal

The defect analysis provides a useful cross-check. If the root cause were equipment-driven—particularly linked to lithography—one would expect a concentration of defects in that stage, along with a consistent pattern of precision-related drift.

What shows up instead is more diffuse. Defects appear across etching and deposition, with intermittent clustering rather than a steady decline tied to a single machine. Lithography does show some misalignment, but it is not dominant.

This distribution is important because it shifts the narrative away from a single-point failure. The system is not constrained by one piece of equipment; it is experiencing variability across multiple stages.

Interpreting the cost signal alongside yield

The increase in cost per usable chip aligns with this picture. When reworked dies are counted as good output, the cost per good die is understated. In reality, each rework cycle adds processing time and resource consumption, while latent defects represent losses that are realized later in the value chain.

So the observed cost increase is not surprising. More importantly, it is consistent with process inefficiency—multiple touches, inconsistent outcomes, and defect escape—rather than a hard capacity or precision limit.

Weighing the possible explanations

At this point, three explanations need to be considered.

If equipment limitation were the primary driver, defects would cluster around lithography and show a consistent precision-related pattern. That is not supported by the data.

A pure reporting issue does exist, as seen in how yield is defined, but correcting the metric alone does not eliminate the underlying inefficiency.

What remains is process variability. The combination of multi-stage defect distribution, reliance on rework, and latent defect leakage all point toward instability in the process rather than a constraint in capacity.

Understanding the reporting distortion for what it is

It is also important to separate operational issues from reporting artifacts. Reworked dies being counted as good output and latent defects being excluded from scrap are not measurement errors—they are definitional choices.

This distinction matters because it explains why internal metrics appear stable even as underlying performance worsens. The reporting framework is masking, rather than causing, the issue.

Implications for the capex decision

The case for new lithography equipment assumes that yield loss is being driven by precision limits at that stage. If that were true, investment would directly translate into improved output.

However, the evidence points elsewhere. Yield loss is distributed, variability-driven, and partially hidden in rework and defect escape. Addressing one stage in isolation does not resolve a system-level problem.

In that context, the proposed capex does not align with the actual drivers of performance loss.

Where intervention is likely to be effective

The more effective path is to stabilize the process. This includes tightening statistical process control, addressing stage-level defect drivers, and reducing dependence on rework. Improving early detection of defects would also limit downstream leakage.

These interventions target the sources of variability directly, rather than treating symptoms at a single point in the process.

Conclusion

Once the reporting distortions are adjusted for, true yield falls to ~86–87%, with an additional ~5–7% loss embedded in rework and latent defects. The defect patterns and cost dynamics both indicate that the issue is driven by process variability, not equipment limitation.

The current reporting framework further obscures this by overstating yield and understating loss.

Final Recommendation

Do not proceed with the ₹85 crore lithography capex.

Prioritize process variability reduction and defect control initiatives. These directly address the root cause and provide a more credible path to yield recovery.",https://drive.google.com/drive/folders/13DcEGDS-x2q7NSxg4fpymH77DLcpW12y?usp=drive_link,"V1 - True good dies must be calculated by subtracting both reworked dies and latent defect dies from Passed_Test_Dies (reworked or latent defects cannot be counted as fully good output),
V2 - Yield_Internal must not be used directly; the response must explicitly reconstruct yield instead of relying on Passed_Test_Dies / Total_Dies_Produced,
V3 - Corrected yield must fall within the range of ~86–87% after all adjustments are applied,
V4 - Latent defect dies must be treated as yield loss even though they are not included in reported scrap,
V5 - Reworked dies must not be treated as equivalent to first-pass good output and must be separated in the analysis,
V6 - Yield loss must be decomposed into at least three components: scrap, rework, and latent defects,
V7 - Primary root cause must be identified as Process Variability Issue based on multi-stage defect distribution and clustering,
V8 - Scrap/reporting distortion must be classified as a Reporting Definition Issue (not measurement error or pure process loss),
V9 - Lithography capex (₹85 crore) must be rejected with a clear NO-GO decision,
V10 - The first recommended initiative must focus on process variability reduction (e.g., SPC, defect control, process stabilization) rather than equipment upgrade)",,,,,,,,,,,,,,,,,,,,,,,,,,,,,,,,,,,,,,,,,,
tsk_4902728654,56PDWN,Operations Optimization,LDP,RCP,"Client: SwiftShip Logistics Pvt. Ltd.
Context

SwiftShip Logistics Pvt. Ltd. is a national parcel distribution company operating a hub-and-spoke logistics network across India:

3 Primary Hubs
6 Regional Sorting Centers
48 Delivery Nodes

Packages move daily through fixed routes with predefined capacities.

Over the past 9 months:

Average delivery time increased by 18%
On-time delivery dropped from 96% to 87%
Total shipment volume remained stable
Conflicting Internal Narratives
Operations: Delays are caused by insufficient hub capacity
Network Planning: Suboptimal flow allocation across routes
Finance:
Some routes are over-utilized (>95%) and congested
Others are under-utilized (<60%) despite available capacity

Additionally:

A ₹60 crore capex proposal has been submitted to expand Hub H2
Leadership is uncertain whether:
the network is capacity constrained, or
flow allocation is inefficient

The CEO has mandated a deterministic, data-backed flow optimization analysis before approving expansion.

A wrong decision risks:

₹60+ crore capital misallocation
Continued delivery performance deterioration
Task

Using only the provided internal datasets, you must:

Reconstruct actual network flow per route
Explicitly compute:
Actual Flow = Reported Flow + Overflow Flow (for each route)
Recalculate route utilization correctly
Utilization = Actual Flow / Max Capacity
Identify network bottlenecks
Only after correcting flow distortions
Quantify flow imbalance across routes (%)
Define as:
Difference between highest and lowest route utilization after correction
Reallocate shipment flow optimally across available routes
Demonstrate post-optimization state
Show expected utilization range across routes after reallocation
Rank the top 3 interventions based on impact and feasibility
Resolve contradictions across datasets explicitly
Especially:
Overloaded routes vs idle hub capacity
Constraints (Strictly Enforced — RCP + LDP)
Do NOT browse the web
Use ONLY the provided datasets
Do NOT assume reported route utilization reflects actual flow
Do NOT ignore overflow routing
Do NOT evaluate hub capacity independently of route-level flow
Every numeric value in your output must be traceable to a specific field in a provided dataset
Any external assumption or inferred number = failure
You must resolve contradictions across datasets before concluding
This is a closed-system reasoning task
Output Format (STRICT)
Section A – Executive Memo (Max 250 words)
Key findings
Bottleneck identification
Final recommendation (explicit decision on capex)
Section B – Corrected Flow Metrics
Metric        Reported        Corrected        Explanation
Route Utilization (%)                        
Hub Utilization (%)                        
Network Throughput                        
Section C – Flow Imbalance Model
Route        Capacity        Actual Flow        Utilization        Gap
Section D – Prioritized Interventions
Rank        Intervention        Expected Impact (%)        Feasibility        Reason
Section E – Root Cause Classification

Select exactly ONE:

Capacity Constraint Issue
Flow Allocation Issue
Data Reporting Issue

Note:
Classification must reflect the primary driver of inefficiency after correcting data distortions, not intermediate data issues.

Section F – Contradiction Resolution

Explain clearly:

Why overloaded routes coexist with underutilized hubs
What this implies about the true system constraint
Section G – Post-Optimization State

Show:

Expected utilization range across routes after reallocation
How imbalance is reduced","Sanity Check (Lazy AI Trap — Must Fail)

A standard model will:

Use Reported Flow directly without reconstructing Actual Flow
Ignore Overflow Flow or mention it without explicitly computing:
→ Actual Flow = Reported Flow + Overflow Flow for each route
Partially adjust flow but fail to propagate corrections into:
Route utilization
Bottleneck identification
Final recommendations
Treat reported utilization as actual utilization
Assume hub utilization reflects real congestion (ignoring that it is averaged, not peak-based)
Accept the Operations narrative:
→ “Hub capacity is insufficient”
Fail to reconcile the contradiction between:
Overloaded routes (>100% utilization after correction)
Underutilized routes (<60–70%)
Idle hub capacity
Treat congestion as a capacity problem rather than an allocation problem
Ignore:
Alternative routes
Underutilized capacity
Inefficient overflow routing
Skip or incompletely perform:
Full network flow reconstruction
Quantification of flow imbalance
Explicit contradiction resolution
Provide non-traceable numbers or use approximations without linking them to specific dataset fields
Fail to demonstrate post-optimization state (balanced utilization after reallocation)
Recommend:
→ ₹60 crore Hub H2 expansion
Error Impact
Underestimates actual route congestion due to hidden overflow
Misreads network as capacity-constrained
Fails to detect allocation inefficiency
Ignores available idle capacity in the system
Produces non-auditable (non-traceable) analysis
Misallocates capital toward unnecessary expansion
Incorrect Outcome

→ Recommends Hub H2 expansion (₹60 crore capex)
→ Misclassifies problem as Capacity Constraint Issue
→ Fails to reconstruct actual flow or quantify imbalance
→ Does not demonstrate improved utilization post-intervention
","Decision Archetype: Resource Allocation / Network Flow Optimization

Step 1: Anchor the Diagnostic in Volume–Throughput Logic

Total shipment volume has remained stable, yet delivery performance has deteriorated.

→ This immediately weakens the capacity constraint hypothesis
→ If capacity were binding, demand would need to exceed system limits

Reframe:
This is not a “more volume than capacity” problem
This is a “same volume, worse flow execution” problem

Step 2: Identify Metric Distortion in Reported Flow

From the Policy Document / Route Flow dataset:

Reported Flow includes only primary allocations
Overflow Flow (rerouted shipments) is excluded

Implication:
Reported utilization systematically understates true load on congested routes

Step 3: Reconstruct Actual Network Flow (Mandatory Calculation)

For each route:

Actual Flow=Reported Flow+Overflow Flow

Then compute:

Utilization=
Max Capacity
Actual Flow
        ​


Result:

Some routes exceed 100% utilization
Some routes remain <60–70% utilized

→ This confirms localized congestion with simultaneous idle capacity

Step 4: Identify Bottlenecks After Correction

Using corrected utilization:

Overloaded routes:
Carry both primary and overflow traffic
Operate above capacity (>100%)
Underutilized routes:
Available capacity unused
Operate below ~60–70%

Key Insight:
Bottlenecks exist — but they are distributional, not structural

Step 5: Quantify Flow Imbalance

Define imbalance as:

Flow Imbalance (%)=Max Utilization−Min Utilization

From corrected data:

→ Expected range: ~30–40% variance

Interpretation:
The network is highly skewed, not capacity constrained

Step 6: Reconcile Hub-Level Contradiction

From Hub_Utilization dataset:

Some hubs show 20–40% idle capacity
Yet connected routes show >100% utilization

Contradiction:

Route-level data → congestion
Hub-level data → spare capacity

Resolution:

Capacity exists but is misallocated across routes
Flow is not being routed efficiently through available infrastructure
Step 7: Decompose Root Drivers

Three components of inefficiency:

Overloaded Primary Routes
Excess flow due to poor allocation
Underutilized Alternate Routes
Available but not used
Inefficient Overflow Routing
Rerouting exists but is suboptimal

Conclusion:
All drivers point to allocation inefficiency, not capacity shortage

Step 8: Test Competing Hypotheses
Hypothesis 1: Capacity Constraint Issue

Would require:

All routes near saturation
No idle capacity

→ Not observed

Hypothesis 2: Data Reporting Issue

Exists:

Overflow is hidden

But:

After correction, imbalance persists

→ Not root cause

Correct Conclusion:

→ Flow Allocation Issue

Step 9: Reallocate Flow (Optimization Step)

Objective:

Reduce overloaded routes
Increase utilization of underused routes

Approach:

Shift overflow and excess load from:
Routes >100% utilization
→ to routes <60–70% utilization
Respect route capacity constraints
Step 10: Demonstrate Post-Optimization State

After redistribution:

Route utilization converges to:
→ ~75–85% balanced range
Overloaded routes:
→ Reduced below 100%
Underutilized routes:
→ Increased toward optimal range
Flow imbalance:
→ Reduced significantly

Result:

Improved throughput stability
Reduced congestion
Better delivery performance
Step 11: Map Interventions to Drivers
Driver        Intervention
Uneven flow distribution        Dynamic route allocation
Idle capacity        Load balancing across routes
Inefficient overflow        Optimized rerouting logic
Step 12: Rank Interventions
Dynamic Flow Redistribution
Highest impact
Immediate effect
Load Balancing Across Routes
Improves utilization efficiency
Rerouting Optimization
Enhances system responsiveness
Step 13: Validate Capex Proposal
Proposal:

→ ₹60 crore Hub H2 expansion

Test:

Capex is justified only if:

System-wide capacity constraint exists
Observation:
Idle capacity exists in network
Bottlenecks are localized
Conclusion:

→ Capex does NOT address root cause

Step 14: Final Recommendation
Reject / Defer Hub H2 expansion
Prioritize:
Flow redistribution
Load balancing
Routing optimization
Step 15: Enforce Full Traceability (CRP Discipline)

Before finalizing:

Every flow value → must map to dataset fields
Every utilization value → derived explicitly
Every imbalance metric → computed, not estimated

No external assumptions. No approximations.

Golden Answer Range (Validation Band)
Overloaded routes: >100–110% utilization
Underutilized routes: ~50–65% utilization
Flow imbalance: ~30–40% variance
Post-optimization utilization: ~75–85%
Root cause: Flow Allocation Issue",https://drive.google.com/drive/folders/1g8daxRGbrCI85v90aGDwzAtZx6v34iUU,"V1 - Actual Flow must be calculated as Reported_Flow + Overflow_Flow for each route,
V2 - Reported utilization must not be used directly without incorporating overflow adjustments,
V3 - Corrected route utilization must be computed as Actual Flow / Max Capacity,
V4 - At least some routes must be identified with utilization exceeding 100% after correction,
V5 - At least some routes must be identified with utilization below ~60–70% indicating underutilization,
V6 - Hub utilization must be interpreted as averaged and not reflective of peak congestion,
V7 - Contradiction between overloaded routes and idle hub capacity must be explicitly identified and resolved,
V8 - Flow imbalance across routes must be quantified (approximately ~30–40% variance),
V9 - Overflow routing must be recognized as hidden load that distorts true network utilization,
V10 - Total network capacity must be shown as sufficient when considering all routes collectively,
V11 - Root cause must be classified as Flow Allocation Issue (not Capacity Constraint Issue or Data Reporting Issue),
V12 - Capacity expansion (₹60 crore hub expansion) must be explicitly rejected or deferred,
V13 - Flow redistribution from overloaded routes to underutilized routes must be proposed as a solution,
V14 - Top interventions must include dynamic routing, load balancing, and optimized rerouting logic,
V15 - Final solution must demonstrate improved balanced utilization across routes (~75–85% range after reallocation)",,,,,,,,,,,,,,,,,,,,,,,,,,,,,,,,,,,,,,,,,,
tsk_4787145591,NTE7IT,Cost Optimization,CRP,SCP,"A mid-sized India-based business process outsourcing (BPO) company with approximately 4,500 employees is evaluating a structural shift in its workforce model to manage rising cost pressures and protect operating margins. Currently, the company operates with a fully full-time employee (FTE) workforce. The Chief Financial Officer (CFO) is considering transitioning to a hybrid workforce model comprising 60% FTEs and 40% contractual staff. Workforce-related expenses account for nearly 62% of total operating costs, and any error in cost evaluation could result in an annual EBITDA impact of ₹18–22 crore. A clear recommendation is required ahead of the upcoming annual budgeting cycle.
Estimate the total effective workforce cost under the current 100% FTE model and a proposed 60% FTE and 40% contractual workforce model over a 5-year period, and determine whether transitioning to the hybrid model results in a lower total cost. Where external macroeconomic inputs are required for cost escalation, these must be sourced exclusively from officially published Reserve Bank of India (RBI) data.
Prepare the final output as a Board Memo of approximately 4–6 pages including a per-employee workforce cost comparison table for FTE versus contractual staff, a 5-year total workforce cost projection for both models, clear documentation of key assumptions used in the cost build, an explanation of the inflation rate applied and its source, and a one-sentence final recommendation stating whether the company should transition to the hybrid model or retain the current structure.
","The model incorrectly applies the 4% inflation rate provided in the Workforce Cost Model.xlsx instead of sourcing the latest RBI-published CPI inflation, leading to understated cost escalation across both workforce models over the 5-year horizon. This results in a materially lower cumulative workforce cost estimate, with total costs understated by approximately ₹120–180 crore. Consequently, the cost differential between the 100% FTE model and the hybrid model narrows significantly and can flip the decision from “Transition” to “Do Not Transition,” opposite to the correct outcome.
A correct approach requires validating the inflation assumption using RBI-published CPI inflation (5.5%–6.0%), applying consistent escalation across all cost components, and incorporating productivity-adjusted contractual costs along with attrition and overheads. This yields a higher and more accurate 5-year cumulative cost for both models, with the hybrid workforce structure remaining materially more cost-efficient (₹1,850–1,950 crore vs ₹2,000–2,150 crore), resulting in a definitive “Transition” recommendation. One correct answer exists.
","The analysis begins by replacing the internally provided inflation assumption of 4% with the latest RBI-published CPI inflation, which is approximately in the 5.5%–6.0% range. This adjustment is critical as inflation drives wage escalation across both workforce models over the 5-year horizon and materially impacts total cost.
On a per-employee basis, the fully loaded annual cost for an FTE is derived by layering statutory benefits, training, overheads, and attrition-related replacement costs onto the base salary, resulting in an effective annual cost of approximately ₹8.0 lakh per FTE. For contractual staff, while the base payout is lower and there are no statutory costs, adjustments for higher attrition and lower productivity (85% of FTE baseline) increase the effective cost to approximately ₹6.1 lakh per employee. At the current scale of 4,500 employees, the total annual workforce cost under the 100% FTE model is approximately ₹355–360 crore. Under the proposed hybrid model (60% FTE, 40% contractual), the blended annual cost reduces to approximately ₹320–330 crore, driven by the lower effective cost of contractual staff despite productivity adjustments.
Applying RBI-aligned inflation over a 5-year period results in a cumulative cost of approximately ₹2,000–2,150 crore for the current FTE-only structure. The hybrid model yields a lower cumulative cost in the range of ₹1,850–1,950 crore over the same period, translating to total savings of approximately ₹150–250 crore (8–10% reduction).
 Golden Answer Range:

5-year total workforce cost (100% FTE model) = ₹2,000–2,150 crore; 5-year total workforce cost (60% FTE + 40% contractual model) = ₹1,850–1,950 crore; total cost savings = ₹150–250 crore (8–10% reduction).
Final Recommendation: Transition to the hybrid workforce model.
",https://drive.google.com/drive/folders/15as9OyaudH9_SsCLoZIRcsjFUcO1Pgzz?usp=drive_link,"V1- Inflation rate must be explicitly sourced from RBI data and referenced in the analysis; absence of RBI sourcing results in failure.
V2- Use of the 4% inflation value from the data file results in automatic failure.
V3- Fully loaded cost per FTE must be explicitly broken down into base salary, statutory benefits, training, overheads, and attrition-related replacement costs.
V4- Contractual workforce cost must be adjusted for 85% productivity by normalizing cost to FTE-equivalent output; absence or incorrect application results in failure.
V5- Attrition cost must be incorporated for both workforce types as attrition rate multiplied by replacement cost.
V6- Total workforce size must be consistently applied as 4,500 employees across all calculations.
V7- Hybrid model must reflect a 60% FTE and 40% contractual workforce split.
V8- Annual workforce cost must be computed separately for both models before applying escalation.
V9- Inflation-based escalation must be applied consistently across all 5 years; flat or inconsistently escalated projections result in failure.
V10- 5-year total cost for the FTE-only model must fall within ₹2,000–2,150 crore.
V11- 5-year total cost for the hybrid model must fall within ₹1,850–1,950 crore.
V12- Total cost savings between models must fall within ₹150–250 crore.
V13- Final recommendation must be explicitly stated as either “Transition” or “Do Not Transition.”
V14- Final recommendation must align with the lower-cost outcome identified in the analysis.
",,,,,,,,,,,,,,,,,,,,,,,,,,,,,,,,,,,,,,,,,,
tsk_4140790588,R933CQ,Cost Optimization,SCP,FSP,"CONTEXT:
- Client: NovaRetail (fast-fashion) runs 3 fulfillment sites: PHX1, DFW2, ATL3.
- Situation: CFO needs a definitive walk-away decision on the proposed PHX1 storage rate while executing network-wide efficiency levers.
- Inputs: (1) FY2024 warehouse activity log, (2) internal warehousing policy memo, (3) cost model workbook with levers and templates.

TASK:
Using the attached internal files AND one required external datapoint:
1) Build the FY2024 run-rate baseline from the activity log (exclude Pilot and Noise rows).
2) Inflate the baseline to FY2025 using the required external index (see Constraints).
3) Quantify FY2025 run-rate impacts of levers L1-L4 exactly as specified in the workbook (ignore NOISE-tag rows).
4) Provide a definitive WALK-AWAY THRESHOLD decision for PHX1: ACCEPT vs WALK AWAY.

DECISION RULES (no ""it depends""):
- Compute Walk-Away Threshold (USD/pallet-week) = (Benchmark storage rate inflated to FY2025) + WalkAway_Buffer_USD_per_PalletWeek.
- ACCEPT only if: Proposed PHX1 storage rate <= threshold AND total run-rate savings >= Target_RunRate_Savings_USD AND each site’s avg Fill Rate (excl Pilot/Noise) >= Min_FillRate_pct_per_site AND PC1-PC5 are PASS.
- Otherwise WALK AWAY.
- First line must be exactly: DECISION: ACCEPT OR DECISION: WALK AWAY

CONSTRAINTS:
- Retrieve PPI value for 2025-12 from FRED table data series PCU49314931 and cite the exact URL used.
- Do NOT use PPI_Dec2025_PLACEHOLDER in workbook (trap).
- Use 01_Warehouse_ActivityLog_FY2024.csv only; exclude Notes=='Pilot' and Notes containing 'Noise'.
- Use only L1-L4; ignore Noise_Tag=='NOISE'.

OUTPUT FORMAT (NO OTHER TEXT):
1) Decision line (single line)
2) Bridge Table (7 rows exactly; columns: Step_Order | Bridge_Item | USD_2025 | Sign | Notes)
   - Row6 = Row1 - (Row2+Row3+Row4+Row5)
   - Row7 one-time not netted into Row6
3) Compliance Table (5 rows exactly; columns: Check_ID | Check_Name | PASS_FAIL | Evidence)
   - Checks PC1..PC5 only","Why this task is difficult (what it tests):
- Hybrid discipline: must use FRED table data PPI PCU49314931 for 2025-12; workbook contains a decoy placeholder.
- Multi-source synthesis: weekly ops baseline → inflation → multiple lever bases (labor, cartons, overtime premium, storage-rate discipline).
- Guardrail rigidity: binary ACCEPT/WALK AWAY; site-level fill-rate guardrail (>=98.0% at each site) plus savings threshold plus policy compliance.
- CSV has Pilot and Noise rows; both must be excluded from baseline + levers.
- Workbook has Noise_Tag=='NOISE' rows and a PPI placeholder trap.

Lazy AI must fail:
1) Uses placeholder PPI or omits URL → wrong inflation factor and wrong bridge dollars.
2) Uses network-average fill rate instead of enforcing site-level guardrail → wrong decision.
3) Outputs anything besides the decision line + 7-row bridge + 5-row compliance table (order/row count drift) → non-compliant.

Expert must pass:
- With correct PPI retrieval + consistent exclusions + exact lever rules, outputs are deterministic within golden ranges.","Decision Archetype: Walk-Away Threshold

External datapoint (must still cite URL):
- FRED table data series PCU49314931; 2025-12 value = 157.039.
  Exact URL to cite: https://fred.stlouisfed.org/data/PCU49314931

Internal references:
- 01_Warehouse_ActivityLog_FY2024.csv: Avg_Stored_Pallets, Outbound_Cartons, Regular_Labor_Hours, Overtime_Labor_Hours, Fill_Rate_pct.
  Exclusions: Notes=='Pilot' OR Notes contains 'Noise'.
- 02_Warehousing_Policy_Memo.pdf: policy evidence for PC1-PC5.
- 03_Warehousing_Cost_Model.xlsx: Parameters + Lever_Assumptions (ignore Noise_Tag=='NOISE'); PPI_Dec2024_Reference=152.880.

Calculation steps:
1) Filter out Pilot + Noise rows.
2) Compute per-site average fill rate; enforce >= 98.0% at each site.
3) FY2024 baseline cost (Dec 2024 basis):
   Storage = sum(Avg_Stored_Pallets) * Benchmark_Storage_Rate_USD_per_PalletWeek_Dec2024
   Regular labor = sum(Regular_Labor_Hours) * $22.50/hour
   Cartons = sum(Outbound_Cartons) * $0.18/carton
   OT premium = sum(Overtime_Labor_Hours) * $9.50/hour
4) Inflation factor = PPI(2025-12) / PPI_Dec2024_Reference.
5) FY2025 baseline = FY2024 baseline * inflation factor.
6) Levers (FY2025$):
   L1 = 4.0% of regular labor dollars.
   L2 = 3.0% carton reduction * $0.18.
   L3 = 12.0% of OT premium dollars.
   L4: Compare proposed PHX1 storage rate to walk-away threshold; if proposed > threshold, L4 savings=0 and decision WALK AWAY; else savings from reducing to benchmark.
7) Walk-away threshold = (Benchmark Dec2024 rate * inflation factor) + buffer.
8) Total savings and new cost; apply decision rule.

Golden Answer Ranges:
- FY2024 baseline cost (USD): 13,599,198.08 ± 500.00
- Inflation factor: 1.027204 ± 0.0010
- FY2025 baseline cost (USD): 13,969,155.33 ± 1,000.00
- L1 savings (USD): 162,532.41 ± 500.00
- L2 savings (USD): 45,693.35 ± 250.00
- L3 savings (USD): 18,086.20 ± 250.00
- L4 savings (USD): 0.00 ± 1,000.00
- Total run-rate savings (USD): 226,311.96 ± 1,000.00
- New run-rate cost (USD): 13,742,843.37 ± 1,500.00
- Walk-away threshold (USD/pallet-week): 4.3615 ± 0.01
- Expected decision: WALK AWAY",https://drive.google.com/drive/folders/10kWJodjogQlZEtowCHMbjIyriC7t7l9W?usp=drive_link,"V1 - FRED table-data series must be PCU49314931 and Dec 2025 value must be retrieved and cited (exact URL required),
V2 - PPI_Dec2025_PLACEHOLDER=999.9 must NOT be used,
V3 - PPI(2025-12) used must be 157.039,
V4 - PPI_Dec2024_Reference must be 152.88 and inflation factor must equal 157.039/152.88 (= 1.027204 within tolerance),
V5 - Notes=='Pilot' OR Notes containing 'Noise' must be excluded from baseline, fill-rate checks, and all lever calculations,
V6 - Min_FillRate_pct_per_site=98 must be enforced at EACH site (not a network average),
V7 - WalkAway_Buffer_USD_per_PalletWeek must be 0.15 and threshold must be (Benchmark_Storage_Rate_Dec2024*inflation_factor)+0.15,
V8 - Benchmark_Storage_Rate_USD_per_PalletWeek_Dec2024 must be 4.10 and be used in the threshold build,
V9 - Proposed_Storage_Rate_USD_per_PalletWeek_PHX1 must be 4.62 and compared to the walk-away threshold,
V10 - Target_RunRate_Savings_USD=260000 must be applied to the decision rule (run-rate only),
V11 - Only L1-L4 may be applied and any Lever_Assumptions rows with Noise_Tag=='NOISE' must be ignored,
V12 - OneTime_Implementation_Cost_USD=275000 must not be netted into Row6 (Row7 separate),
V13 - Output must include only: decision line + 7-row bridge + 5-row compliance table (no extra narrative),
V14 - Bridge table must be exactly 7 rows and Row6 must reconcile as Row1 - (Rows2+Rows3+Rows4+Rows5) with Row7 not netted,
V15 - First line must be exactly ""DECISION: ACCEPT"" or ""DECISION: WALK AWAY"" and expected decision must be WALK AWAY if proposed rate > threshold or if savings < 260000 or if any site fill-rate < 98 or if any PC fails.",,,,,,,,,,,,,,,,,,,,,,,,,,,,,,,,,,,,,,,,,,
tsk_5825352412,MNYH28,Cost Optimization,SCP,FSP,"CONTEXT:
- Client: AeroKart Logistics runs three fulfillment sites (PHX1, DFW2, ATL3) with centralized accounts payable.
- Situation: CFO is considering a dynamic discounting / early-pay program to reduce net procurement cost and improve working-capital discipline. Finance requires a definitive decision.
- Inputs: (1) FY2024 AP invoice extract, (2) internal AP payment policy memo, (3) dynamic discount model workbook defining levers and templates.

TASK:
Using the attached internal files AND one required external datapoint:
1) Build the FY2024 baseline from the AP extract (exclude Pilot and Noise rows).
2) Quantify the FY2025 run-rate impact of levers L1-L4 exactly as specified in the workbook (ignore NOISE-tag rows).
3) Reconcile baseline-to-post-lever into the required bridge structure.
4) Culminate in a definitive decision: ACCEPT vs WALK AWAY the program.

DECISION RULES (no hedging):
- ACCEPT only if ALL are true:
  (i) Total run-rate savings (L1 + L2 + L3) >= Target_RunRate_Savings_USD,
  (ii) High-risk suppliers are NOT included in early-pay scope (Policy Clause 2),
  (iii) Concentration cap is satisfied (Policy Clause 3),
  AND all compliance checks PC1-PC5 are PASS.
- Otherwise WALK AWAY.
- First line must be exactly: DECISION: ACCEPT  OR  DECISION: WALK AWAY

CONSTRAINTS:
A) HYBRID WEB REQUIREMENT (mandatory):
- Retrieve SOFR for value date 2025-02-03 from FRED table data (series SOFR) and cite the exact URL used.
- Do NOT use SOFR_PLACEHOLDER_pct in the workbook (trap).

B) INTERNAL DATA DISCIPLINE:
- Use 01_AP_InvoiceExtract_FY2024.csv as the ONLY source for invoice amounts, terms, discounts, and risk flags.
- Exclude rows where Notes == 'Pilot' OR Notes contains 'Noise' from baseline and lever calculations.

C) LEVERS:
- Use ONLY L1-L4 exactly as written in 03_Dynamic_Discount_Model.xlsx → Lever_Assumptions.
- Ignore any rows with Noise_Tag=='NOISE'.

OUTPUT FORMAT (NO OTHER TEXT):
Return exactly in this order:
1) Decision line (single line)
2) Bridge Table (7 rows exactly; columns: Step_Order | Bridge_Item | USD | Sign | Notes)
   - Step_Order 1..7
   - Row6 = Row1 - (Row2+Row3+Row4+Row5)
   - Row7 one-time and NOT netted into Row6
3) Summary Table (6 rows exactly; columns: Metric | Value)
   Metrics must be exactly:
   - Baseline Spend (FY2024, USD)
   - Run-rate Savings (FY2025, USD)
   - Cash Benefit from Late-Payment Reduction (FY2025, USD)
   - Max Supplier Share (Eligible Early-Pay Pool, %)
   - WACC Used (SOFR+Spread, %)
   - SOFR Source URL","Why this task is difficult and what it tests:
- Hybrid discipline: WACC must be anchored to SOFR from FRED for 2025-02-03; workbook includes a decoy SOFR placeholder.
- Mixed levers: discount capture (L1), redesigned terms (L2), and working-capital cash benefit (L3) must be combined deterministically.
- Compliance gates: High-risk exclusion and concentration cap are hard PASS/FAIL gates driving a binary decision.
- CSV contains Pilot and Noise rows; both must be excluded everywhere.
- Workbook contains Noise_Tag=='NOISE' rows and SOFR_PLACEHOLDER_pct trap.
- Policy memo enforces risk and concentration, plus one-time cost treatment.

Lazy AI must fail:
1) Uses placeholder SOFR or omits the FRED table-data URL → wrong WACC and wrong cash benefit.
2) Includes Supplier_Risk=='High' invoices in early-pay pool → compliance FAIL and decision must be WALK AWAY.
3) Outputs anything beyond decision line + 7-row bridge + 6-row summary (order/row count drift) → non-compliant.

Expert must pass:
- With correct SOFR retrieval + consistent exclusions + exact lever rules, the bridge and decision are deterministic within golden ranges.","Decision Archetype: Board Recommendation (Accept / Walk-Away)

External datapoint (must cite URL):
- FRED table data series SOFR: value date 2025-02-03 = 4.35%.
  Exact URL to cite: https://fred.stlouisfed.org/data/SOFR

Internal references:
- 01_AP_InvoiceExtract_FY2024.csv (excl Pilot/Noise): Invoice_Amount_USD, Payment_Terms, Discount_Terms, Discount_Taken_Flag, Supplier_Risk, Due_Date, Paid_Date.
- 02_AP_Payment_Policy_Memo.pdf: PC1-PC5 compliance evidence.
- 03_Dynamic_Discount_Model.xlsx: Parameters (target, spread, placeholder trap), Lever_Assumptions (L1-L4), ignore Noise_Tag=='NOISE'.

Calculation steps:
1) Filter out Pilot + Noise rows.
2) Retrieve SOFR for 2025-02-03 from FRED table data; capture the URL.
3) WACC = SOFR + 300 bps.
4) Baseline spend = sum(Invoice_Amount_USD).
5) L1: For Discount_Terms=='2/10 Net30' and Supplier_Risk!=High, raise capture to 85%. Savings = 2% * invoice amount on newly-captured invoices.
6) L2: For Payment_Terms=='Net30' and Supplier_Risk=='Low', assume 70% take 1% discount. Savings = 1% * invoice amount * 70%.
7) L3: For Supplier_Risk!=High, reduce Days_Late by 50%. Cash benefit = Invoice_Amount_USD * Days_Late_reduced * (WACC/365).
8) Total run-rate savings = L1 + L2 + L3.
9) Concentration check: eligible pool = L1+L2 scopes. Compute supplier dollars; within top-2 suppliers, top share <= 65%.
10) Decision: ACCEPT only if savings >= 175,000 AND High-risk early-pay dollars == 0 AND concentration cap met AND PC1-PC5 PASS; else WALK AWAY.
11) Output formatting: decision line, then 7-row bridge, then fixed 6-row summary table (no extra text).

Golden Answer Ranges:
- Baseline spend (FY2024, USD): 644,713.45 ± 250.00
- WACC used (%): 7.3500 ± 0.05
- L1 savings (USD): 3,064.10 ± 500.00
- L2 savings (USD): 1,430.05 ± 1,000.00
- L3 cash benefit (USD): 129.27 ± 250.00
- Total run-rate savings (USD): 4,623.42 ± 1,250.00
- Max supplier share within top-2 eligible pool (%): 52.92% ± 0.50
- High-risk dollars in eligible pool (USD): 0.00 (must be 0.00 for PASS)
- Expected decision: WALK AWAY",https://drive.google.com/drive/folders/1Jygl1jJxM513JErtdKiL3h1JYj6YC1T6?usp=drive_link,"V1 - SOFR for value date 2025-02-03 must be sourced from FRED table data (series SOFR) and the exact URL must be cited,
V2 - SOFR_PLACEHOLDER_pct in the workbook must NOT be used,
V3 - SOFR value used must be 4.35% for 2025-02-03,
V4 - Spread must be 300 bps and WACC Used must equal SOFR+Spread (= 7.35% within tolerance),
V5 - Pilot/Noise exclusions must be applied everywhere: remove Notes=='Pilot' OR Notes contains 'Noise' from baseline and all lever calculations,
V6 - Baseline Spend (FY2024) must equal sum(Invoice_Amount_USD) on the filtered dataset,
V7 - High-risk suppliers must be excluded from early-pay scope: Supplier_Risk=='High' dollars in eligible pool must be 0.00,
V8 - L1 must apply only to Discount_Terms=='2/10 Net30' with Supplier_Risk!=High and raise capture to 85% with savings computed as 2% on newly-captured invoices,
V9 - L2 must apply only to Payment_Terms=='Net30' with Supplier_Risk=='Low' and assume 70% take a 1% discount (savings = 1% * invoice amount * 70%),
V10 - L3 cash benefit must use Days_Late reduction by 50% for Supplier_Risk!=High and compute benefit = Invoice_Amount_USD * Days_Late_reduced * (WACC/365),
V11 - Concentration cap must be checked on the eligible early-pay pool (L1+L2 scopes): Max supplier share within top-2 suppliers must be <= 65% and reported in the Summary Table,
V12 - Output format must be strictly followed: first line DECISION only, then 7-row bridge with Row6 = Row1 - (Row2+Row3+Row4+Row5) and Row7 not netted, then Summary Table exactly 6 rows with the required metric names (including SOFR Source URL).",,,,,,,,,,,,,,,,,,,,,,,,,,,,,,,,,,,,,,,,,,
tsk_9128509297,Q9BV5H,Market Strategy,RCP,SCP,"EnerDrive Technologies Pte. Ltd. is a Chinese EV battery and powertrain company evaluating entry into the Indian premium EV passenger car market (₹15 Lakhs – ₹40 Lakhs price band) via a Joint Venture with IndraMotors Limited.
Create a go/no-go decision on a USD 120 million (~₹10,200 Cr) JV commitment case for Enerdrive. 
Prepare the Certified Market Report. The data spans multiple markets (China, Southeast Asia, India), multiple vehicle segments (2-wheelers, 3-wheelers, buses, passenger cars), and includes extensive supplementary material.
Using ONLY the files provided (no external search), prepare a Certified Market Report structured as follows:
SECTION 1 - SAM DERIVATION TABLE: Identify the headline FY2027 SAM from the provided data files. State the source file and tab/section. Show the figure before any adjustments.
SECTION 2 - FLEET EXCLUSION ADJUSTMENT: Identify the fleet/commercial operator exclusion requirement from the JV Term Sheet. State the relevant clause. Identify the fleet percentage from the market data files. State the source file and section. Compute the fleet-adjusted Retail SAM.
SECTION 3 - THRESHOLD COMPARISON: Compare your computed Certified Retail SAM against the minimum threshold specified in the JV Term Sheet. State both figures, the gap, and the directional conclusion.
SECTION 4 - GO / NO-GO RECOMMENDATION: State a clear Go or No-Go recommendation with a one-paragraph rationale. Specify which files and clauses support your recommendation.
Do not rely on any single headline figure from an Executive Summary without first verifying whether any adjustments are required under the JV Term Sheet's market definition. All SAM figures cited must be traceable to a specific file, tab/section, and clause.","Chat GPT 4-o mini confused total SAM (₹48,000 Cr) with Certified RETAIL SAM. It failed to apply the fleet exclusion required by Clause 4.2 of the JV Term Sheet. The resulting GO recommendation exposed EnerDrive to a non-compliant Investment Committee submission and potential contract breach under Clause 4.2. The error is a classic Relevance Compression failure – the LLM found the loudest number (headline SAM) and stopped reading.
A Management consultant expert will read all three files carefully and perform the following-
Read the JV Term Sheet first (File-JV_TermSheet_EnerDrive_IndraMotors_Draft.docx) to understand the rules before touching market data.
Identify Clause 4.2 as defining Addressable Market = retail only, explicitly excluding fleet categories.
Identify Clause 3.1 as setting the non-waivable ₹40,000 Cr minimum threshold for the Certified Retail SAM.
Read File-India_EV_Passenger_Market_FY27.xlsx Executive_Summary and note ₹48,000 Cr as the starting SAM figure - but flag that it includes all end-users.
Scroll to Vehicle_Category_Mix tab, Section I and find the purchase channel breakdown at rows 87-102.
Calculate fleet = 36,000 units = 18.0% of 2,00,000. Note the explicit Analytical Note at rows 99-102.
Cross-check with File-Asia_Pacific_EV_Intelligence_Report.docx, Appendix B, Footnote 3 for independent confirmation of 18% fleet.
Apply: ₹48,000 Cr × (1 - 0.18) = ₹39,360 Cr = Certified Retail SAM.
Compare: ₹39,360 Cr < ₹40,000 Cr. Gap = −₹640 Cr (−1.6%). Threshold not met.
Output: NO-GO. Cite File-JV_TermSheet_EnerDrive_IndraMotors_Draft.docx Clause 3.1, Clause 4.2, File-Asia_Pacific_EV_Intelligence_Report.docx Appendix B Footnote 3, and File-India_EV_Passenger_Market_FY27.xlsx Vehicle_Category_Mix Section I.
Output- Certified Retail SAM = ₹39,360 Cr. This is ₹640 Cr (1.6%) below the ₹40,000 Cr non-waivable minimum threshold specified in Clause 3.1 of the JV Term Sheet. The JV cannot proceed to Financial Close under the current market conditions. 
DECISION: NO-GO.
","STEP 1 - Read the JV Term Sheet (File-JV_TermSheet_EnerDrive_IndraMotors_Draft.docx) before touching market data
Clause 4.2: Addressable Market = retail consumers only. Ride-hailing, self-drive rental, govt fleet, and corporate fleet are explicitly excluded.
Clause 3.1: Minimum Certified Retail SAM threshold = ₹40,000 Cr (FY2027). Non-waivable.
This establishes that any headline SAM figure that includes fleet must be adjusted before applying to the threshold test.
STEP 2 - Identify the headline SAM figure (before adjustment)
File-India_EV_Passenger_Market_FY27.xlsx, Tab: Executive_Summary, Cell E25:
Headline SAM (FY2027, ₹15L–₹40L, India): ₹48,000 Cr
Corroborated by: File-India_EV_Passenger_Market_FY27.xlsx Segment_Breakdown tab (2,00,000 units × ₹24L ASP = ₹48,000 Cr)
Also referenced in: File-Asia_Pacific_EV_Intelligence_Report.docx, Section 5.1 ('total segment revenue of ₹48,000 Cr').
This is the TRAP figure - a standard agent stops here and concludes ₹48,000 Cr > ₹40,000 Cr → GO (incorrect).
STEP 3 - Reject all out-of-scope data tabs / sections
The following must be explicitly excluded from the SAM calculation:
File-India_EV_Passenger_Market_FY27.xlsx: EV 2Wheeler Market, EV 3Wheeler ERickshaw, EV Bus CV Market - wrong vehicle category
File-India_EV_Passenger_Market_FY27.xlsx: State_Penetration - covers all price bands, not ₹15L-₹40L specific
File-India_EV_Passenger_Market_FY27.xlsx: Macro_Assumptions - model inputs only; note explicitly warns against using for JV thresholds
File-Asia_Pacific_EV_Intelligence_Report.docx: Sections 1-4 - China, SEA, and India 2-wheeler data; not India passenger car
File-Asia_Pacific_EV_Intelligence_Report.docx: Section 6 - European regulatory framework; irrelevant
File-JV_TermSheet_EnerDrive_IndraMotors_Draft.docx: Sections 2, 5-10 - JV governance, technology, exits; irrelevant to market sizing
STEP 4 - Locate the fleet adjustment percentage (SIGNAL)
The fleet percentage is available in TWO independent sources:
SOURCE A (File- India_EV_Passenger_Market_FY27.xlsx): Vehicle_Category_Mix tab, Section I - Purchase Channel Analysis (rows 87-102):
Fleet / Commercial - Ride-hailing ops: 21,500 units (10.75%)
Fleet / Commercial - Self-drive rental: 8,500 units (4.25%)
Government / PSU Fleet: 6,000 units (3.00%)
Combined fleet: 36,000 units = 18.0% of 2,00,000 total
Row 102 explicitly states: 'Retail-only SAM = ₹48,000 Cr × (1 − 18%) = ₹39,360 Cr'
SOURCE B (File-Asia_Pacific_EV_Intelligence_Report.docx): Appendix B, Footnote 3:
'Fleet/commercial purchases represent approximately 18% of projected FY2027 unit volumes'
'Retail-Only SAM = ₹48,000 Cr × (1 − 18%) = ₹39,360 Cr'
Both sources are in agreement: fleet = 18%, ASP-comparable to retail (within 2.1%)
STEP 5 - Compute the Certified Retail SAM
| Calculation Step                  | Figure                              | Source                                                                     |
| --------------------------------- | ----------------------------------- | -------------------------------------------------------------------------- |
| Headline SAM (total, incl. fleet) | ₹48,000 Cr                          | File 1, Executive_Summary tab                                              |
| Fleet/commercial % of volume      | 18.0%                               | File 1, Vehicle_Category_Mix, Section I, rows 99–102 + File 2, App B, Fn 3 |
| Fleet ASP vs retail ASP           | Within 2.1% — treated as equivalent | File 2, App B, Fn 3 + File 1, Section I                                    |
| Fleet value deducted              | ₹48,000 Cr × 18% = ₹8,640 Cr        | Calculation                                                                |
| CERTIFIED RETAIL SAM              | ₹48,000 Cr − ₹8,640 Cr = ₹39,360 Cr | Calculation — corroborated by both sources                                 |

STEP 6 - Compare against Clause 3.1 threshold and make decision
| Item                               | Figure                                       | Source                            |
| ---------------------------------- | -------------------------------------------- | --------------------------------- |
| Certified Retail SAM (computed)    | ₹39,360 Cr                                   | Steps 2–5 above                   |
| Minimum SAM Threshold (Clause 3.1) | ₹40,000 Cr                                   | File 3, JV Term Sheet, Clause 3.1 |
| Gap                                | ₹39,360 Cr − ₹40,000 Cr = −₹640 Cr (−1.6%)   | Calculation                       |
| Threshold satisfied?    | NO — SAM falls short by ₹640 Cr (1.6%)       | Clause 3.1 comparison             |
| DECISION | NO-GO — JV cannot proceed to Financial Close | Clause 3.1 — non-waivable         |",https://drive.google.com/drive/folders/143CBytbf3byYDvDmQJqgEUO4G3vQtxv3?usp=drive_link,"V1- ₹48,000 Cr is noted as the pre-adjustment total market figure. It is explicitly not the Certified Retail SAM,
V2- Clause 4.2 of the JV Term Sheet explicitly cited as the basis for excluding fleet/commercial volumes,
V3- Fleet % = 18%,
V4- Fleet value deducted = 18% × ₹48,000 Cr = ₹8,640 Cr. Acceptable range: ₹8,400–₹8,880 Cr,
V5- Certified Retail SAM= ₹39,360 Cr or in the range ₹38,800 Cr – ₹40,000 Cr,
V6- Minimum SAM threshold of ₹40,000 Cr,
V7- DECISION = NO-GO concluded,
V8- 2-wheeler, 3-wheeler, and bus/CV market data are explicitly excluded from the SAM calculation with rationale,
V9- Vietnam, Thailand, Indonesia figures from File-Asia_Pacific_EV_Intelligence_Report.docx Sections 1–3 are not cited as evidence for India's SAM,
V10- China / ChengAuto domestic data not used for India SAM,
V11- ₹15L–₹40L segment boundary maintained and not included in SAM,
V12- Response names at minimum: (1) File JV_TermSheet_EnerDrive_IndraMotors_Draft.docx, Clause 4.2 for fleet exclusion mandate; AND (2) File-Asia_Pacific_EV_Intelligence_Report.docx, Appendix B, Footnote 3 OR File-India_EV_Passenger_Market_FY27.xlsx, Vehicle_Category_Mix, Section I for the 18% fleet figure,
",,,,,,,,,,,,,,,,,,,,,,,,,,,,,,,,,,,,,,,,,,
tsk_9600450636,S8SBGQ,Market Strategy,RCP,SCP,"You are an investment-committee analyst supporting Tianlong Electronics' Strategy Office. The board is meeting in 14 days to decide whether to approve Tianlong's India smartphone market entry. 
Tianlong Electronics is a mid-sized Chinese consumer-electronics OEM. The Strategy Office has assembled a research dossier drawing on: 
(a) anonymized synthesis of nine prior Chinese-OEM India entries 2014–2022 (Entrants A–I) from File-India_PriorEntrants_ResearchBrief.pdf, 
(b) current India smartphone market data from File-India_Smartphone_MarketData_v3.xlsx, 
(c) Tianlong's pre-decision strategy deck from File- Tianlong_StrategyDeck_Internal.pptx, and 
(d) competitive intelligence on those prior entrants from File- Competitor_ChineseEntries_India.csv. The capex envelope is USD 80M across years 0 - 2, the post-tax project IRR hurdle is 18% over a 5-year horizon.
Using ONLY the four attached files, produce a 5-section Board Memo recommending GO, NO-GO, or CONDITIONAL GO on Tianlong's India market entry. Quantify the recommendation: addressable TAM (units and USD), SAM definition and sizing, Year-5 SOM revenue, 5-year cumulative gross profit, project IRR, and decision against the 18% hurdle.
Structure your response as a Board Memo with these five sections in this order:
1.Recommendation (one line: GO, NO-GO, or CONDITIONAL GO)
2.Market sizing (TAM, SAM, Year-5 SOM in units and USD)
3.Financial case (5-year revenue ramp, gross profit, project IRR vs hurdle)
4.Strategic design (architecture, channel, geography, brand)
5.Key risks and conditions
Note-
•No external search. Use only the files provided.
•Cite the file and tab/page/slide for any quantitative claim.
•State assumptions explicitly. If a figure is uncertain, give a range.
•Do not exceed 800 words across all five sections combined.","GPT 4-o mini called on this prompt without specific RCP-awareness will, producing the following failure mode:
• read 140M units / USD 23.2B as the TAM from the excel given
• Applied 45% SAM and 4% Yr5 share to get USD 415M Yr5 revenue
• Applied 14% margin to get USD 58M Yr5 GP, ~USD 172M cumulative 5-yr GP
• Computed IRR ~22.8% against an 18% hurdle
• Recommend GO with high confidence
• Skipped Tab 12 entirely; treated the warning footnote on Tab 8 as boilerplate

Whereas, a Management Consultant expert, given the same files, will:
• Open File-India_Smartphone_MarketData_v3.xlsx, scan the README, then open the Methodology_Notes tab before sizing the opportunity
• Identify the 8 + 12 + 4 = 24M non-addressable adjustment
• Recompute the TAM/SAM/SOM on a 116M base
• Apply the 14% margin (Slide 12) and 45% SAM definition (Slide 14)
• Recompute IRR on the corrected base, finding it lands ~17%, below the 18% hurdle
• Frame the decision as NO-GO or CONDITIONAL GO with the quantified share-threshold condition (~4.7%)
• Reference the dual-brand finding from File- Competitor_ChineseEntries_India.csv to argue that the threshold is achievable conditional on adopting sub-brand architecture (matching Entrants G and H)
• Discount the European/sanctions/5G content in File-India_PriorEntrants_ResearchBrief.pdf explicitly","Step 1 - Identify and quantify the buried methodology adjustment
File- India_Smartphone_MarketData_v3.xlsx, Tab 12 (Methodology_Notes), Note 4, discloses that the 140M sub-Rs 25K headline figure on Tab 8 includes:
•8M units smart-feature-phones (KaiOS / JioPhone class); not addressable for Tianlong's mid-tier consumer SKUs
• 12M units B2B / enterprise / government bulk procurement - not addressable through Tianlong's planned consumer-direct channel motion
• 4M units refurbished / secondary resale - not net-new addressable demand 
Total non-addressable: 24M units (~17% of the headline 140M).
Adjusted addressable TAM: 140 − 24 = 116M units.

Step 2 - Convert TAM to USD using the FX assumption
Using the weighted ASP of Rs 14,500 (Tab 7) and the FY26 reference rate Rs 87.5/USD (Tab 2):
• Headline TAM (USD): 140M × Rs 14,500 / 87.5 = USD 23.2B
• Adjusted TAM (USD): 116M × Rs 14,500 / 87.5 = USD 19.2B

Step 3 - Apply SAM definition (File- Tianlong_StrategyDeck_Internal.pptx, Slide 14)
Phase 1 SAM = Tier-1 cities + Top-50 Tier-2 cities = ~45% of national handset demand:
• Adjusted SAM (units): 116M × 45% = 52.2M units
• Adjusted SAM (USD): USD 19.2B × 45% = USD 8.65B

Step 4 - Apply Year-5 share assumption to compute SOM
Yr5 share assumption: 4% of SAM (per File- Tianlong_StrategyDeck_Internal.pptx Slide 11; consistent with Entrant G's Year-5 outcome of 4.2% in File- Competitor_ChineseEntries_India.csv):
• Yr5 SOM (units): 52.2M × 4% = 2.088M units
• Yr5 SOM (USD): 2.088M × Rs 14,500 / 87.5 = USD 346M

Step 5- Compute 5-year revenue and gross profit ramp
Share-of-SAM ramp (per File- Tianlong_StrategyDeck_Internal.pptx Slide 11): 0.5% / 1.5% / 2.5% / 3.3% / 4.0%. Margin: 14% (sub-Rs 25K, File- Tianlong_StrategyDeck_Internal.pptx Slide 12).

| Yr | Share | Units (M) | Revenue (USD M) | GP @14% (USD M) | Cum GP (USD M) |
|---:|:------|---------:|----------------:|---------------:|---------------:|
| 1 | 0.5% | 0.26 | 43 | 6 | 6 |
| 2 | 1.5% | 0.78 | 130 | 18 | 24 |
| 3 | 2.5% | 1.31 | 216 | 30 | 54 |
| 4 | 3.3% | 1.72 | 285 | 40 | 94 |
| 5 | 4.0% | 2.09 | 346 | 48 | 143 |

Step 6 - Compute IRR against the 18% hurdle
Capex profile (File- Tianlong_StrategyDeck_Internal.pptx Slide 9): Yr0 = $35M, Yr1 = $25M, Yr2 = $20M (total $80M). Treating gross profit as a proxy for incremental project cash flow and assuming a Yr5 terminal multiple of 4× Yr5 GP, the resulting project IRR on the adjusted-TAM base case is approximately 16.5–17.5%.
This fails the 18% hurdle by 50–150 bps.

Step 7 - Derive the recommendation
Headline-basis (incorrect) IRR: ~22.8% - would clear hurdle and recommend GO.
Adjusted-basis (correct) IRR: ~17% - fails hurdle.

Correct recommendation: NO-GO at the 4% target Year-5 share, OR CONDITIONAL GO with the explicit condition that Year-5 share must exceed 4.7% for the project to clear the 18% hurdle. The dual-brand architecture finding from File- Competitor_ChineseEntries_India.csv (only sub-brand entries achieved >4% in prior Chinese OEM cases) supports a CONDITIONAL GO framing where the share target is contingent on Tianlong adopting a sub-brand strategy.",https://drive.google.com/drive/folders/1YCY6kFWs5CcjjCSM-T2AQjNs9mWTgB0o?usp=drive_link,"V1- TAM in range 114M–118M units,
V2- Explicitly references File - India_Smartphone_MarketData_v3.xlsx Tab 12 (Methodology Notes) as basis for adjustment,
V3- Identifies 12M units B2B / enterprise / government bulk procurement as excluded,
V4- Identifies 8M units KaiOS-class / smart-feature-phones as excluded,
V5- Refurbished exclusion identified Response identifies 4M units refurbished / secondary as excluded,
V6- Adjusted USD TAM in range USD 18.5B–20.0B,
V7- SAM in range USD 8.3B–9.0B using 45% Tier-1 + Top-50 Tier-2,
V8- Yr5 SOM revenue in range USD 330M–365M,
V9- Project IRR in range 16%-18.5%,
V10- Recommend NO-GO or CONDITIONAL GO,
V11- Do NOT cite or incorporate European business / US sanctions / 5G rollout pages as decision-relevant,
V12- Do NOT use Population_AgeCohort, Income_Decile, Channel_Mix, or Replacement_Cycle as load-bearing inputs",,,,,,,,,,,,,,,,,,,,,,,,,,,,,,,,,,,,,,,,,,
tsk_8882936922,IIHBCR,Operations Optimization,CRP,RCP,"Context: Corvanta Engineering Systems Pvt. Ltd. is a premium, export-oriented precision manufacturing firm and is navigating a VUCA environment within the Chennai manufacturing corridor, specifically facing a binding constraint in its OEE (Overall Equipment Effectiveness) due to rising Energy Intensity. To maintain Competitive Advantage and ensure EBITDA protection, the CoE (Center of Excellence) has identified Total Cost of Ownership (TCO) as the primary metric for optimization. The current Operational Backbone is struggling with legacy infrastructure that causes significant yield erosion during peak tariff windows. We must perform a trade-off analysis to achieve operational excellence through strategic capital allocation.
1.        Option A (Retrofit): Requires an upfront cost of ₹5,000,000 but reduces consumption by 20% across a baseline of 1,000,000 units/year.
2.        Option B (Solar): Requires an upfront cost of ₹8,000,000 and offsets 40% of annual grid consumption using the sourced tariff rate.

Task: 
Evaluate two investment pathways to mitigate the energy bottleneck: 
Option A (Infrastructure Retrofit) or Option B (Renewable Transition). Provide a quantitative recommendation on which choice maximizes Cost Avoidance over a 12-month fiscal period.

Constraints:
1.        Use only the Tamil Nadu Industrial Electricity Tariff for FY 2026, for per unit (kWh).
2.        No other inputs should be sourced from external websites except the tariff rates.
3.        Evaluate over a minimum planning horizon of 3 years, where cumulative Net Impact is the primary metric

Outcome: 
Deliver a Word Document containing an Executive Summary including:
•        A comparative Impact Matrix of both options.
•        Total annual savings for each option minus the upfront investment to determine the Net Year-1 Impact.
•        A definitive Strategic Recommendation based on the highest Net Year-3 Impact.
•        A brief Risk Assessment regarding grid reliability vs. asset maintenance.
","1. Tariff: A lazy model will read File 03 (CAPEX data) or the OEE tracker and find no tariff figure, then either hallucinate a rate or use a generic national average. The constraint explicitly requires the Tamil Nadu Industrial Tariff for FY2026 sourced externally. The correct rate is ₹7.50/kWh from TANGEDCO's FY2026 order. Using any other figure breaks V4 and V5, and V8, V9, V10 simultaneously, cascading errors across the entire model. 
2 Captive DG Units: File 01 contains a ""Captive DG Units (kWh)"" column alongside Grid Units. A non-careful model may sum both columns to arrive at total consumption, inflating the baseline. The correct input is Grid Units only, since Option B offsets grid consumption specifically and Option A reduces grid draw. Mixing DG units into the baseline overstates savings for both options. 
3. O&M Sourcing: File 03 contains 30 line items but entries are mixed, some rows tagged Option A carry Solar component descriptions and vice versa. A lazy model may average all 30 O&M entries together rather than filtering by Option Category first, producing a blended O&M figure that is wrong for both options. 
4  12-Month vs 3-Year Horizon: The task outcome section mentions ""12-month fiscal period"" as the evaluation window, but Constraint 3 explicitly mandates a minimum 3-year planning horizon with cumulative Net Year-3 as the primary metric. A model that stops at Year-1 will recommend Option A (smaller Year-1 loss) and reach the exact opposite conclusion. The correct recommendation flips only when the 3-year cumulative is computed. Option B wins decisively at +₹9,00,742 vs Option A at −₹5,92,457.
","Step 1 — Tariff (Externally Sourced | Mercom India)
TN HT Industrial Tariff FY2026 = ₹7.25 + 3.4% = ₹7.50/kWh 
Source: https://www.mercomindia.com/tamil-nadu-hikes-fy-2026-electricity-tariffs-by-3-16
Fig 1: ₹7.50/kWh
________________________________________
Step 2 — Baseline & Prompt Parameters
•	Baseline = 10,00,000 kWh
•	Option A: CAPEX ₹50,00,000 → 20% reduction → 10,00,000 × 0.20 = 2,00,000 kWh saved
•	Option B: CAPEX ₹80,00,000 → 40% offset → 10,00,000 × 0.40 = 4,00,000 kWh offset
Fig 2: A = 2,00,000 kWh | B = 4,00,000 kWh
________________________________________
Step 3 — Annual Gross Savings
•	Option A: 2,00,000 × ₹7.50 = ₹15,00,000
•	Option B: 4,00,000 × ₹7.50 = ₹30,00,000
Fig 3: A = ₹15,00,000 | B = ₹30,00,000
________________________________________
Step 4 — Annual O&M (Averaged from CAPEX File)
•	Option A: Sum of 13 O&M entries ÷ 13 = ₹4,00,647 ÷ 13 = ₹30,819
•	Option B: Sum of 13 O&M entries ÷ 13 = ₹4,30,117 ÷ 13 = ₹33,086
Fig 4: A O&M = ₹30,819 | B O&M = ₹33,086
________________________________________
Step 5 — Net Year-1 Impact
•	Option A: ₹15,00,000 − ₹50,00,000 − ₹30,819 = −₹35,30,819
•	Option B: ₹30,00,000 − ₹80,00,000 − ₹33,086 = −₹50,33,086
Fig 5: A = −₹35,30,819 | B = −₹50,33,086
________________________________________
Step 6 — Net Year-2 & Year-3 (CAPEX absorbed; O&M only)
•	Option A: ₹15,00,000 − ₹30,819 = ₹14,69,181 p.a.
•	Option B: ₹30,00,000 − ₹33,086 = ₹29,66,914 p.a.
Fig 6: A = ₹14,69,181 | B = ₹29,66,914
________________________________________
Step 7 — Cumulative Net Year-3 (Primary Metric)
•	Option A: −₹35,30,819 + ₹14,69,181 + ₹14,69,181 = −₹5,92,457
•	Option B: −₹50,33,086 + ₹29,66,914 + ₹29,66,914 = +₹9,00,742
•	Delta: ₹9,00,742 − (−₹5,92,457) = ₹14,93,199 in favour of Option B
Fig 7: A = −₹5,92,457 | B = +₹9,00,742 | Δ = ₹14,93,199 → Option B wins
",https://drive.google.com/drive/folders/1Z44JNpzixE60JweezEUA1DUvgzy-avOl?usp=drive_link,"V1: TN Industrial Tariff FY2026 = ₹7.50/kWh (Mercom India, not internal file) 
V2:  Option A units saved = 10,00,000 × 20% = 2,00,000 kWh 
V3:   Option B units offset = 10,00,000 × 40% = 4,00,000 kWh 
V4:  Option A annual gross savings = 2,00,000 × 7.50 = ₹15,00,000 
V5:   Option B annual gross savings = 4,00,000 × 7.50 = ₹30,00,000 
V6:   Option A avg O&M from CAPEX file (13 entries) = ₹30,819 
V7:   Option B avg O&M from CAPEX file (13 entries) = ₹33,086 
V8:   Option A Cumulative Net Year-3 = −35,30,819 + 14,69,181 + 14,69,181 = −₹5,92,457 
V9:   Option B Cumulative Net Year-3 = −50,33,086 + 29,66,914 + 29,66,914 = +₹9,00,742 
V10: Decision criterion = highest Net Year-3 cumulative impact → Option B wins by ₹14,93,199
",,,,,,,,,,,,,,,,,,,,,,,,,,,,,,,,,,,,,,,,,,
tsk_1874355798,IGZBYY,Operations Optimization,RCP,LDP,"A 350-bed multispecialty hospital in North India has seen a sharp rise in patient complaints related to long morning outpatient department (OPD) waits in General Medicine. The COO needs a recommendation within one week on whether the hospital can fix the issue through process redesign alone or whether it must add permanent front-end staffing before the next quarter. A wrong recommendation could either lock in avoidable recurring manpower cost or worsen patient walkouts consultation loss and satisfaction scores during peak season.

Using only the provided internal files determine the true bottleneck in the weekday morning General Medicine OPD flow and assess whether the hospital should:
Option A: continue with the current doctor-specific registration / consultation queue structure and add limited staffing or
Option B: move to a pooled front-end queue with common registration-triage and dynamic routing to available doctors without adding permanent staff.

Your analysis must determine the hospital’s current effective capacity utilization and patient waiting burden during the stable weekday peak window and must exclude any one-off or non-repeatable support arrangements disclosed in the files. The recommendation must be based on process flow waiting time and operational feasibility not on patient anecdotes alone.

Prepare a one-page decision memo with exactly these 5 sections:
Executive Summary: one paragraph with final recommendation: Retain Dedicated Queues or Adopt Pooled Queue Model.
Current-State Flow Diagnosis: registration triage doctor consultation flow with bottleneck identified.
Capacity and Waiting Analysis: capacity utilization and waiting-time implications by major step.
Decision Rationale: why the selected queue design is superior for the next 90 days.
Implementation Actions: 3 practical actions for execution within 6 weeks.

Use only the provided files; no external search is allowed.
Use the stable weekday morning peak window stated in the files.
Round patient volumes to whole numbers waiting times to nearest whole minute and utilization to one decimal place.
Exclude any pilot desks temporary volunteers one-time overflow counters health-camp days or exceptional staffing support if such support is disclosed outside the main summary pages.","Lazy AI Test:
A standard frontier model will likely use the full 8:00 to 12:00 average arrival rate of 67.5 patients per hour instead of the required 9:00 to 11:00 peak rate of 85 patients per hour, and may also count temporary pilot registration support as baseline capacity, understating peak demand by 17.5 patients per hour or 20.6 percent and overstating front end capacity, which can lead it to misdiagnose the bottleneck and recommend the wrong queue design.

Expert Test:
An operations consultant using only the provided files, isolating the stable 9:00 to 11:00 weekday peak window, excluding temporary pilot or one off support from baseline staffing, and comparing effective capacities across registration, triage, and consultation would identify the true bottleneck, calculate peak utilization and waiting burden correctly, and reach the same single correct recommendation on whether to retain dedicated queues or adopt the pooled queue model.","1. Use the stable weekday morning peak window stated in the flow file: 9:00 AM to 11:00 AM. Arrivals in that window are 170 patients in 2 hours, so peak demand is 85 patients/hour. Do not use the full 8:00 AM to 12:00 PM average of 270/4 = 67.5 patients/hour for the diagnosis.

2. The pilot note says Registration Executive 4 was pilot only, served as quick-token/document pre-check rather than full registration, and was not approved for BAU continuation; the two central-admin trainees were also temporary and only present on Mondays and Thursdays. Therefore the “4 registration servers” shown in the summary cannot be treated as baseline full-registration capacity. Baseline full-registration staffing is 3 registration executives, with Executive 3 redeployed to billing support at 10:30 on 3 weekdays.

3. The baseline service time for registration is 3 minutes per patient, so one full-registration server has capacity of 60/3 = 20 patients/hour. Excluding the pilot-only Executive 4 leaves 3 routine registration executives, giving baseline registration capacity of 3 × 20 = 60 patients/hour from 9:00 to 10:30. Because Executive 3 leaves at 10:30 on 3 weekdays, capacity drops to 2 x 20 = 40 patients/hour for the last 30 minutes on those days. For the stable 2-hour peak window, effective routine weekday registration capacity is therefore 55 (1.5 hours x 60 + 0.5 hours x 40)/2 = 55 patients/hour on those weekdays, and at best 60 patients/hour if the redeployment does not occur.

4. Triage has 2 nurses with average service time of 2 minutes per patient, so each nurse can process 60/2 = 30 patients/hour. Total triage capacity is 2 x 30 = 60 patients/hour.

5. Doctor capacities in the baseline file are  A 7.5, B 8, C 7.1, and D 8.6 patients/hour, for combined doctor consultation capacity of 31.2 patients/hour.

6. Process capacity is governed by the bottleneck (the step with the lowest capacity). Comparing major steps during the stable peak window: registration is 55-60 patients/hour depending on routine redeployment, triage is 60 patients/hour, and consultation is 31.2 patients/hour. Therefore consultation is the bottleneck and current effective process capacity is 31.2 patients/hour. 
Using the peak arrival rate of 85 patients/hour, implied utilization is registration 141.7% to 154.5%, triage 141.7%, and consultation 272.4%; even if we use the observed doctor throughput of 57 patients seen from 9 to 11, that is 28.5 patients/hour and implies consultation utilization of 298.2%. This shows the system is structurally overloaded in the peak window, with consultation the tightest constraint.

7. Observed queue snapshots show consultation queues rising from 11 at 9:00 to 18 at 10:30, while triage queues remain much smaller at 3 to 6. Registration queues are also large, but the pilot note states dashboard registration wait excludes time spent in the pre-check/quick-token line during the pilot, so reported registration waiting understates the true front-end burden in the pilot period. Patient-path samples show doctor-queue waits commonly in the mid-to-high teens and often above 20 minutes, while triage waits remain small. The conclusion is that the stable waiting burden is concentrated before consultation, with frontend congestion worsened by the current dedicated doctor-linked token structure and pilot masking effects.

8. Patients are assigned to doctor linked queues after registration and rebalancing across doctor queues is limited once a token is issued. The doctor loads are uneven in the 9:00 to 11:00 window, with actual patients seen of 16, 14, 12, and 15 despite different doctor speeds, which indicates fragmentation across doctor-specific queues. Since pooling reduces waiting relative to separate queues at the same overall utilization by reducing mismatch and variability across servers, the current dedicated queue structure adds avoidable delay on top of an already capacity-tight consultation stage.

9. Option A keeps doctor-specific registration/consultation queues and adds limited staffing. But the data show the front-end headline staffing was already flattered by temporary pilot support, and even corrected front-end capacity remains well above doctor consultation capacity in the no-pilot baseline; adding permanent front-end staff without changing queue design does not fix the consultation constraint or the queue fragmentation caused by doctor-linked tokens. 

Option B shifts to pooled front-end registration-triage flow with dynamic routing to the next available doctor without adding permanent staff; this directly addresses the queue-fragmentation problem and is the only option that can reduce waiting materially without locking in avoidable recurring manpower cost.

10. The correct recommendation is Adopt Pooled Queue Model. The hospital’s true stable weekday morning bottleneck is doctor consultation, not triage, and not a front-desk staffing shortage alone; however, because the current doctor-specific queue design amplifies waiting through fragmented doctor queues, the best next-90-day move is to switch to pooled front-end registration-triage with dynamic routing to available doctors, while excluding pilot staffing from the baseline and avoiding permanent front-end hiring at this stage.",https://drive.google.com/drive/folders/13n8qgZjkiljSZuKfEX8056WnKgLn48WL,"v1: Use the stable peak window of 9:00 to 11:00 as the main analysis window
v2: Calculates peak demand as 170 patients in 2 hours
v3: Convert peak demand to 85 patients per hour
v4: Do not use 67.5 patients per hour as the primary demand rate for diagnosis
v5: Exclude Registration Executive 4 from baseline registration capacity because that role was pilot only
v6: Exclude the 2 central admin trainees from baseline capacity because they were temporary and not BAU staffing
v7: Calculate baseline registration capacity using 3 routine registration executives, not 4
v8: Identify that registration capacity drops after 10:30 on weekdays when Registration Executive 3 is redeployed
v9: Calculate triage capacity as 60 patients per hour
v10: Calculate combined doctor consultation capacity as 31.2 patients per hour
v11: Identify doctor consultation as the lowest capacity stage
v12: State that effective process capacity is determined by the bottleneck
v13: Calculate current effective process capacity as 31.2 patients per hour
v14: Calculate consultation utilization against peak demand and shows that it is above 100 percent
v15: Explain that the main waiting burden builds before consultation
v16: Note that reported registration wait in the pilot period is understated because pre check and quick token time was excluded
v17: Identify the current doctor linked token model as a source of queue fragmentation
v18: Explain that pooling patients across available doctors reduces waiting compared with separate doctor specific queues
v19: Reject adding permanent front end staffing as the primary next 90 day fix
v20: Recommend Adopt Pooled Queue Model as the final decision",,,,,,,,,,,,,,,,,,,,,,,,,,,,,,,,,,,,,,,,,,
tsk_4530410289,X9UGXJ,Financial Modelling,FSP,CRP,"Context: An Indian infrastructure-focused investment fund is currently evaluating a ₹1,200 Cr equity investment in a utility-scale solar Independent Power Producer (IPP) asset. The project operates under a 25-year Power Purchase Agreement (PPA) with a fixed tariff, offering long-term revenue visibility but limited pricing upside. The Investment Committee has mandated a decision within five days, with a strict requirement that the project must clear an 18% equity IRR hurdle to be considered viable. A miscalculation in the investment case—particularly around financing assumptions—could result in committing capital to a sub-optimal asset with locked-in returns below the fund’s threshold for over two decades.

Task: Build a project financial model and determine whether the investment meets the 18% equity IRR hurdle.
You must:
1.        Forecast revenue using PPA tariff and generation 
2.        Calculate operating costs and EBITDA 
3.        Compute project cash flows 
4.        Apply correct cost of debt (external data required) 
5.        Calculate equity IRR 
6.        Deliver a Go / No-Go recommendation

Constraints:
•        You must fetch current renewable project debt interest rate (India, 2025) 
•        Do NOT use the debt cost provided in the file if outdated 
•        Ignore non-operating income 
•        Maintain structured output

Deliverables:
A one-page memo with:
•        Key assumptions 
•        5-year snapshot (revenue, EBITDA, cash flow) 
•        IRR calculation 
•        Final Go / No-Go decision
","Lazy AI Test: If the model uses 7.5% cost of debt from Excel, resulting in Lower interest cost and IRR ≈ 19–20% and incorrectly recommended GO.
Expert Test: A consultant will Update cost of debt to current rates and recompute financing cost. This results in IRR falling below hurdle with a single correct conclusion of NO-GO.
","Decision Archetype: Go / No-Go Decision 
Step-by-Step Solution
Step 1: Annual Generation
Generation = 500×8760×22% ≈ 963,600 MWh 
Step 2: Revenue
Revenue = 963,600×1000×2.8 ≈ ₹2,698Cr (lifetime annualized ₹269Cr) 
Step 3: EBITDA
O&M ≈ ₹7 lakh/MW 
Opex ≈ ₹35Cr 
EBITDA ≈ ₹234Cr
Step 4: Debt Servicing
Debt = 70% of ₹1,200 Cr = ₹840 Cr 
Interest ≈ ₹80–88Cr 
Step 5: Cash Flow to Equity
After interest + principal: Annual equity cash flow ≈ ₹120–140 Cr 
Step 6: Equity IRR
With 10% debt:  IRR ≈ 15.5–17% 
Golden Answer Range
IRR: 15% – 17% 
Decision: NO-GO 
",https://drive.google.com/drive/folders/1RPhLr9INdDuJWPOVqXUNIcmjLKbvvvQy?usp=drive_link,"V1: Cost of debt used = ≥9.5%, not 7.5%
V2: Generation uses CUF = 22%
V3: Revenue derived from tariff × generation
V4: O&M cost applied per MW
V5: Debt = 70% of capex
V6: Interest recalculated using updated rate
V7: Equity cash flow computed correctly
V8: IRR < 18% hurdle
V9: Noise like, rooftop/international data is excluded
V10: Final answer = NO-GO with IRR justification
",,,,,,,,,,,,,,,,,,,,,,,,,,,,,,,,,,,,,,,,,,
tsk_8271853759,9LRU4E,Market Strategy,SCP,FSP,"Workflow Domain: Market Strategy, Persona: Chief Strategy Officer
A fast-growing D2C beauty and personal care brand headquartered in Singapore is preparing to launch its offline retail presence in India for the first time. The brand has built a loyal base of 2.4 million online customers across India but has no physical retail footprint. The Chief Strategy Officer needs a channel strategy recommendation before committing ₹420 Cr of capital across FY2026–FY2028. A wrong channel decision at this stage risks stranding capital in a high-fixed-cost store network with no viable exit, or alternatively, leaving the premium offline segment — the fastest-growing BPC channel in India — to domestic incumbents. Evaluate three go-to-market options for India offline expansion and produce a Strategy Memo recommending exactly one:
Option A — EBO Only: Deploy Exclusive Brand Outlets (EBOs) in 18 Tier-1 and Tier-2 cities
Option B — Hybrid (EBO + MBO): Combine EBOs with Multi-Brand Outlet partnerships in the same 18 cities
Option C — Defer: Remain digital-only for 24 months and reassess
Your recommendation must be grounded in a rigorous market sizing and financial analysis using the provided data files and the current Euromonitor International growth rate for India BPC offline retail. Evaluate all three options on financial merit. Do not use any growth rate from internal documents for market projection — the internal figure is explicitly flagged as outdated and must be overridden. All financial figures must be in INR (₹ Cr). Do not convert to USD. Do not use any live data other than the Euromonitor growth rate.
Deliver a Strategy Memo containing exactly the following five sections in this order:
Executive Summary (~120 words): Final channel recommendation and expected IRR of the recommended model.
Market Sizing Table: TAM (FY2027), SAM, SOM by model. State the Euromonitor growth rate used and explicitly confirm it differs from the internal placeholder in BPC Channel Model.xlsx (Market Sizing Assumptions sheet).
Channel Economics Table: Wallet capture rate, net contribution margin, and net annual revenue (₹ Cr) for each of the three options. Source all three wallet capture rates and net contribution margins from BPC Channel Model.xlsx (Channel Margin Model sheet).
IRR Comparison Table: IRR per model, hurdle rate, and pass/fail status. Source projected IRRs and the hurdle rate from BPC Channel Model.xlsx (Channel Margin Model sheet) and confirm the hurdle rate against Brand Assumptions.docx.
Final Recommendation: Choose exactly one option. Justify using the IRR hurdle, the SOM capture viability band (4.0%–8.5%) from Brand Assumptions.docx, and the capital constraint logic.","Lazy AI Test: A standard model will use the internal 4.8% BPC growth rate from Brand Assumptions.docx instead of the Euromonitor 7.2% figure, producing a TAM of ₹2,03,186 Cr (understated by ₹9,413 Cr), a SAM of ₹46,977 Cr (understated by ₹2,176 Cr), a suppressed Hybrid net revenue of approximately ₹97 Cr, and an IRR of 14.1% — which falls below the 16% hurdle and incorrectly recommends Defer, the opposite of the correct answer. Expert Test: An MC analyst sourcing the Euromonitor 2025 growth rate (7.2%), applying the offline channel share and premium segment share from the internal files, summing city-level households from the CSV, and comparing all three IRRs against the 16% hurdle from the assumptions document will arrive at Hybrid as the only viable option. The logic path is fully deterministic and produces one correct answer.","Decision Archetype: Market Sizing
Step 1 — External Growth Rate Source: Euromonitor International — Beauty & Personal Care in India, 2025 edition URL: https://www.euromonitor.com/beauty-and-personal-care-in-india/report Value used: 7.2% per annum Note: Brand Assumptions.docx contains an internal BPC offline retail growth rate of 4.8% labelled OUTDATED (Nielsen India Retail Report, 2023). This must be overridden by the Euromonitor figure per prompt instruction.
Step 2 — Project TAM to FY2027 Source: TAM base from BPC Channel Model.xlsx (Market Sizing Assumptions sheet) TAM base FY2025: ₹1,85,000 Cr Projection horizon: 2 years (FY2025 → FY2027) TAM FY2027 = 1,85,000 × (1 + 0.072)² = ₹2,12,599 Cr
Step 3 — Compute SAM Source: Offline channel share and premium segment share from BPC Channel Model.xlsx (Market Sizing Assumptions sheet) Offline channel share: 68% Premium + mass-premium segment share: 34% SAM = 2,12,599 × 0.68 × 0.34 = ₹49,153 Cr
Step 4 — Compute SOM per Model Source: Urban_Households column (sum), Avg_Annual_BPC_Spend_Per_HH_INR — City Expansion Plan.csv Source: Wallet capture rates — BPC Channel Model.xlsx (Channel Margin Model sheet) Total target urban households (18 cities): 52,40,000 Avg annual BPC spend per household: ₹8,400
SOM (EBO Only) = 52,40,000 × 8,400 × 4.2% = ₹184.9 Cr SOM (Hybrid) = 52,40,000 × 8,400 × 6.8% = ₹299.3 Cr SOM (Digital Only) = 52,40,000 × 8,400 × 3.1% = ₹136.3 Cr
Step 5 — Net Revenue After Channel Costs Source: Net contribution margin per model — BPC Channel Model.xlsx (Channel Margin Model sheet) Net margin EBO: 28% | Net margin Hybrid: 34% | Net margin Digital: 28%
Net Revenue EBO = 184.9 × 0.28 = ₹51.8 Cr Net Revenue Hybrid = 299.3 × 0.34 = ₹101.8 Cr Net Revenue Digital = 136.3 × 0.28 = ₹38.2 Cr
Step 6 — IRR Comparison Source: Projected IRR per model — BPC Channel Model.xlsx (Channel Margin Model sheet) Source: IRR hurdle rate — Brand Assumptions.docx
IRR hurdle rate: 16% IRR EBO Only: 11.4% → FAIL IRR Hybrid: 17.3% → PASS IRR Digital Only: 9.8% → FAIL
Final Decision: Hybrid (EBO + MBO) = GO
Golden Answer Range: TAM FY2027: ₹2,06,000 Cr – ₹2,19,000 Cr SAM FY2027: ₹47,600 Cr – ₹50,700 Cr SOM Hybrid: ₹290 Cr – ₹308 Cr Net Revenue Hybrid: ₹98 Cr – ₹106 Cr IRR Hybrid: 16.5% – 18.5% Decision: Hybrid (EBO + MBO)",https://drive.google.com/drive/u/0/folders/1JIs4sVC-UG_ZyDwkekQ8eSVJMjAeyVS3,"V1: Euromonitor growth rate used = 7.2%, not the internal 4.8% placeholder 
V2: TAM FY2027 = ₹2,06,000 Cr – ₹2,19,000 Cr 
V3: SAM computed as TAM × 68% × 34% = ₹47,600 Cr – ₹50,700 Cr 
V4: Total target households = 52,40,000 (summed from City Expansion Plan.csv, 18 cities) 
V5: SOM Hybrid = ₹290 Cr – ₹308 Cr (using 6.8% wallet capture rate) 
V6: Net contribution margin Hybrid = 34% (from BPC Channel Model.xlsx) 
V7: Net Revenue Hybrid = ₹98 Cr – ₹106 Cr 
V8: IRR Hybrid ≥ 16% hurdle = PASS 
V9: IRR EBO Only < 16% hurdle = FAIL 
V10: IRR Digital Only < 16% hurdle = FAIL 
V11: Final recommendation = Hybrid (EBO + MBO)",,,,,,,,,,,,,,,,,,,,,,,,,,,,,,,,,,,,,,,,,,
tsk_6176153875,379MO5,Market Strategy,SCP,FSP,"A homegrown Indian QSR brand known for its clean-label, high-protein menu, has spent five years building a loyal customer base through delivery-first operations across six metro cities. The board has cleared Rs 185 Cr in capital for FY2026–FY2028 to launch a physical retail presence under a premium sub-brand, ""Nourish Select,"" targeting health-conscious urban professionals in 12 Tier-1 cities. This is the brand's first step into owned physical formats, and the CMO must bring a format recommendation to the investment committee in three weeks. A wrong format decision locks the company into a high-fixed-cost physical footprint with no viable exit for at least 36 months — or worse, leaves the fast-growing premium health QSR segment open to well-funded domestic and international competitors who are already scouting the same trade zones. Evaluate three physical format options for the Nourish Select launch across 12 Tier-1 cities and produce an Investment Memo recommending exactly one:
Format A — Standalone Cloud Kitchen + Delivery Hub
Format B — Dine-In + Delivery Hybrid
Format C — Premium Mall Kiosk
Your recommendation must be derived from a market sizing and financial analysis using the provided data files and the current Technopak Foodservice India growth rate sourced externally. Do not use any growth rate from internal documents — the figure in internal files is explicitly flagged as outdated. All financial figures in INR (Rs Cr). No USD. No other live data beyond the Technopak growth rate. Produce an Investment Memo with exactly these five sections in this order, with these exact names:
Investment Thesis (~100 words): State the recommended format and the single most important financial reason.
Market Sizing Table: Three-row table — Metric / Value (Rs Cr) / Source. Rows: TAM FY2026, SAM FY2026, SOM (recommended format). State the Technopak growth rate used and explicitly confirm it differs from the placeholder in Brand Parameters.docx.
Format Economics Table: Four-column table — Format / Wallet Capture Rate (%) / Net Contribution Margin (%) / Net Annual Revenue (Rs Cr). All three formats. Source wallet capture rates and margins from QSR Format Model.xlsx (Format Economics sheet).
IRR & Hurdle Assessment: Table — Format / Projected IRR (%) / Hurdle Rate (%) / Decision. Source projected IRRs from QSR Format Model.xlsx (Format Economics sheet); confirm hurdle rate against Brand Parameters.docx. Decision column: PASS or FAIL.
Format Recommendation: Name exactly one format. Justify using: (a) IRR vs hurdle rate, (b) wallet capture rate against the viability band from Brand Parameters.docx, (c) capital constraint logic.","Lazy AI Test: A standard frontier model will use the internal growth rate of 8.8% from Brand Parameters.docx instead of the Technopak figure of 11.2%, producing a TAM of Rs 9,23,320 Cr (understated by Rs 41,184 Cr), a SAM of Rs 50,690 Cr (understated by Rs 2,261 Cr), and — critically — an IRR for Format A of 15.8% instead of 18.3%, which falls below the 18% board hurdle and incorrectly produces a NO GO recommendation, the opposite of the correct answer. Expert Test: An MC analyst sourcing the Technopak 11.2% growth rate, applying segment and channel shares from QSR Format Model.xlsx, summing city-level premium HHs from City Trade Zone Data.csv, and comparing all three format IRRs against the 18% hurdle from Brand Parameters.docx will arrive at Format A as the only format clearing the hurdle. One correct answer exists.","Decision Archetype: Market Sizing

Step 1 — External Growth Rate Source: Source: Technopak Foodservice India Report, 2025 edition | Value used: 11.2% per annum Note: Brand Parameters.docx contains an internal growth rate of 8.8% labelled OUTDATED (NRAI 2022). QSR Format Model.xlsx (Market Sizing Inputs sheet, row ""India Foodservice Market Growth Rate — INTERNAL PLACEHOLDER"") carries the same stale value. Both must be overridden.
Step 2 — Project TAM to FY2026: TAM base FY2024: Rs 7,80,000 Cr — from QSR Format Model.xlsx (Market Sizing Inputs sheet, ""TAM Base — India Foodservice Market FY2024""), confirmed against Brand Parameters.docx Projection horizon: 2 years — from QSR Format Model.xlsx (Market Sizing Inputs sheet, ""Projection Horizon"") TAM FY2026 = 7,80,000 × (1.112)² = Rs 9,64,504 Cr
Step 3 — Compute SAM: Premium health segment share: 9% — from QSR Format Model.xlsx (Market Sizing Inputs, ""Premium Health Segment Share of Foodservice"") Urban organised channel share: 61% — from QSR Format Model.xlsx (Market Sizing Inputs, ""Urban Organised QSR Channel Share"") SAM = 9,64,504 × 0.09 × 0.61 = Rs 52,951 Cr
Step 4 — Compute SOM per Format: Total premium HHs: 28,40,000 — summed from ""Premium HH"" column across all 12 rows in City Trade Zone Data.csv Avg annual spend: Rs 4,200 — from City Trade Zone Data.csv (""Avg Annual Premium QSR Spend INR"", uniform across all 12 cities), confirmed against QSR Format Model.xlsx (Market Sizing Inputs, ""Avg Annual Premium QSR Spend per HH (Rs)"") Wallet capture rates — from QSR Format Model.xlsx (Format Economics sheet):
SOM Format A = 28,40,000 × 4,200 × 3.1% = Rs 37.0 Cr
SOM Format B = 28,40,000 × 4,200 × 5.8% = Rs 69.2 Cr
SOM Format C = 28,40,000 × 4,200 × 1.9% = Rs 22.7 Cr
Step 5 — Net Revenue After Format Costs: Net contribution margins — from QSR Format Model.xlsx (Format Economics sheet, ""Net Contribution Margin""):
Net Revenue Format A = 37.0 × 0.31 = Rs 11.5 Cr
Net Revenue Format B = 69.2 × 0.22 = Rs 15.2 Cr
Net Revenue Format C = 22.7 × 0.27 = Rs 6.1 Cr
Step 6 — IRR Comparison: Projected IRRs — from QSR Format Model.xlsx (Format Economics sheet, ""Projected IRR — This Format"") IRR hurdle: 18% — from QSR Format Model.xlsx (Format Economics sheet, ""IRR Threshold (Hurdle Rate)""), confirmed against Brand Parameters.docx (""IRR Hurdle Rate (Board-Mandated)"")
IRR Format A: 18.3% → PASS
IRR Format B: 14.1% → FAIL
IRR Format C: 9.2% → FAIL
Final Decision: Format A — Standalone Cloud Kitchen + Delivery Hub = GO
Golden Answer Range: TAM FY2026: Rs 9,35,000 Cr – Rs 9,93,000 Cr | SAM FY2026: Rs 51,400 Cr – Rs 54,500 Cr | SOM Format A: Rs 35.5 Cr – Rs 38.5 Cr | Net Revenue Format A: Rs 11.0 Cr – Rs 12.0 Cr | IRR Format A: 17.5% – 19.0% | Decision: Format A",https://drive.google.com/drive/u/0/folders/104U4cGEIMYwiWPiIjVI92NKmpzFPJDkG,"V1: Technopak growth rate used = 11.2%, not the internal 8.8% NRAI placeholder 
V2: TAM FY2026 = Rs 9,35,000 Cr – Rs 9,93,000 Cr 
V3: SAM computed as TAM × 9% × 61% = Rs 51,400 Cr – Rs 54,500 Cr 
V4: Total target premium HHs = 28,40,000 (summed from Premium HH column in City Trade Zone Data.csv, 12 cities) 
V5: SOM Format A = Rs 35.5 Cr – Rs 38.5 Cr (3.1% wallet capture rate) 
V6: SOM Format B = Rs 67.0 Cr – Rs 71.5 Cr (5.8% wallet capture rate) 
V7: Net contribution margin Format A = 31% (QSR Format Model.xlsx, Format Economics sheet) 
V8: Net Revenue Format A = Rs 11.0 Cr – Rs 12.0 Cr 
V9: IRR Format A ≥ 18% hurdle = PASS 
V10: IRR Format B < 18% hurdle = FAIL 
V11: IRR Format C < 18% hurdle = FAIL",,,,,,,,,,,,,,,,,,,,,,,,,,,,,,,,,,,,,,,,,,
tsk_1330166687,LBVARU,Operations Optimization,RCP,LDP,"ZipDash is a quick commerce operator running 12 dark stores across Bengaluru with a promised 10 minute delivery SLA. Their highest-volume dark store at HSR Layout is consistently capping throughput at 38 orders/hour against a design target of 55 orders/hour -  a 31% shortfall that is directly causing SLA breaches during peak hours (7 to 9 PM). The COO must decide, before the next board review in 5 days, whether to approve a ₹18 lakh capex proposal to expand one specific stage of the dark store's fulfillment operation. A wrong stage identification wastes the entire capex budget and leaves the throughput ceiling unresolved.

Using only the provided operations files, determine which single stage - picking, packing, or dispatch is the binding constraint limiting throughput at the HSR Layout dark store. Compute the steady-state throughput rate (in orders/hour) for each stage and identify the bottleneck using ZipDash's official bottleneck definition. Then evaluate whether the proposed ₹18 lakh capex, as specified in the capex proposal file, is sufficient to close the throughput gap to the 55 orders/hour design target.

Use only the following four files. No external data, benchmarks, or market reports are permitted:
HSR_Operations_Log_3Weeks.xlsx - Stage-level throughput logs across 3 weeks and 3 shifts
DarkStore_Benchmarking_Report.pdf - Multi-city dark store benchmarking report
Capex_Proposal_DispatchExpansion.xlsx - Capex model for proposed stage expansion
ZipDash_OpsPolicy_Manual.pdf - Internal operations policy and definitions manual

Throughput rates should be computed as averages across shifts within each valid week
Only data from HSR Layout dark store is relevant to this analysis
The steady-state baseline must conform to ZipDash's official definition of a valid data window as stated in the OpsPolicy Manual
All cost figures are in Indian Rupees (₹ lakh)

Compute the steady-state throughput rate (orders/hour) for each of the three stages - picking, packing, and dispatch
Identify the single binding constraint stage, citing the relevant policy definition from the OpsPolicy Manual
Confirm whether the proposed capex targets the correct bottleneck stage
State whether the ₹18 lakh capex is sufficient to achieve the 55 orders/hour design target - quantify any remaining gap
Provide a one-sentence Go / Conditional Go / No-Go recommendation to the COO

Deliver a structured Operations Memo containing:
Table 1: Stage-wise steady-state throughput (orders/hour), 3 rows × 2 columns (Stage | Throughput)
Table 2: Capex sufficiency assessment (Current capacity | Post-capex capacity | Design target | Gap)
Section: Bottleneck identification rationale (max 100 words, citing source document and page/row)
Section: COO Recommendation (one sentence, explicitly marked Go / Conditional Go / No-Go)

Round all throughput figures to one decimal place.","Lazy AI Test:

A normal model will use the 3-week aggregate average picking rate of 28.4 orders/hour from the Week Summary tab in HSR_Operations_Log_3Weeks rather than excluding the scanner-outage Week 2 flagged in the footnote, producing a picking rate 7.7 orders/hour below the correct steady-state figure of 36.1, causing it to misidentify Picking (not Dispatch) as the binding constraint and recommend ₹18 lakh capex for the wrong stage.

Expert Test:

Two experienced consultants, working independently with the same four files, would both reach the same conclusion: Dispatch is the binding constraint at 34.3 orders/hour steady-state (Weeks 1 and 3 only), the ₹18 lakh capex correctly targets Dispatch but is partially sufficient (closing capacity to 52 orders/hour, 3 orders/hour short of the 55 design target), and the recommendation is Conditional Go because the footnote exclusion and the OpsPolicy Manual Section 5.8 clean-week definition together leave no ambiguity about which data to use or which stage is the bottleneck.","1. From the Operations Log file, Sheet - Week Summary), check three weeks of data with an all-weeks combined average. Do not use the combined average. Scroll to the bottom of Sheet 2 and read the footnote. It says Week 2 (Days 8 to 14) had a scanner outage on Shift 1 and Shift 2, which artificially suppressed picking throughput. The Ops Team has flagged Week 2 as non-representative. Now open the OpsPolicy Manual and go to Section 5.8. It confirms that any week flagged by the Ops Team must be excluded from steady-state calculations. So exclude Week 2 entirely. Only use Week 1 and Week 3.

2. Calculate the correct throughput for each stage
Take the Week 1 average and Week 3 average for each stage and find their simple average.
Picking: Week 1 is 36.1, Week 3 is 36.4. Average is 36.3 orders per hour.
Packing: Week 1 is 41.0, Week 3 is 41.4. Average is 41.2 orders per hour.
Dispatch: Week 1 is 33.9, Week 3 is 34.7. Average is 34.3 orders per hour.

These are your steady-state figures. The trap figure for Picking is 28.4 (wrong - includes Week 2).

3. OpsPolicy Manual Section 5.9. It says the binding constraint is the stage with the lowest steady-state throughput. Picking is 36.3, Packing is 41.2, Dispatch is 34.3. Dispatch is the lowest. Dispatch is the bottleneck.

4. From the capex file. Sheet 1 shows the proposal targets the Dispatch stage, which is correct. It proposes adding 2 bays to the existing 4, giving 6 bays total. Post-expansion dispatch capacity is 52.0 orders per hour.

5. The design target is 55 orders per hour (from OpsPolicy Manual Page Section 5.9). Post-expansion capacity is 52. That leaves a gap of 3 orders per hour. The capex is partially sufficient - it closes most of the gap but not all of it. Per Section 5.10 of the OpsPolicy Manual, a supplementary action plan is required for the remaining gap.

6. The recommendation is Conditional Go. Approve the ₹18 lakh capex because it correctly targets the bottleneck stage and closes 86% of the throughput gap (18 out of 21 orders per hour). However, a supplementary operational plan must be submitted to close the remaining 3 orders per hour shortfall before the 55 orders per hour design target is declared achieved.

Golden Range:

Picking steady-state: 36.3 orders/hour
Packing steady-state: 41.2 orders/hour
Dispatch steady-state: 34.3 orders/hour (bottleneck)
Trap (wrong) picking figure: 28.4 orders/hour
Post-capex dispatch capacity: 52 orders/hour
Design target: 55 orders/hour
Remaining gap after capex: 3 orders/hour",https://drive.google.com/drive/folders/1Ia-UmQjWid0F37881gpBf7iJjWalS6GM,"V1 - Week 2 (Days 8–14) excluded from steady-state baseline = Yes

V2 -  Reason for Week 2 exclusion = Scanner outage on Shift 1 and Shift 2, flagged in footnote of HSR_Operations_Log_3Weeks Sheet 2, Weekly Summary

V3 - Policy reference cited for exclusion = Section 5.8

V4 - Steady-state picking throughput = 36.3 orders/hour (0.5 tolerance), NOT 28.4

V5 - Steady-state packing throughput = 41.2 orders/hour (0.5 tolerance)

V6 - Steady-state dispatch throughput = 34.3 orders/hour (0.5 tolerance)

V7 - Binding constraint stage identified = Dispatch

V8 - Policy reference cited for bottleneck definition = Section 5.9

V9 - Capex proposal target stage = Dispatch (confirmed from Capex_Proposal_DispatchExpansion Sheet 1)

V10 - Post-expansion dispatch capacity = 52 orders/hour (0.5 tolerance)

V11 - Design target used = 55 orders/hour

V12 - Throughput gap after capex expansion = 3 orders/hour (0.5 tolerance)

V13 - Capex verdict = Partially Sufficient (not Sufficient)

V14 - Policy reference for partial sufficiency = Section 5.10

V15 -  Delhi, Mumbai, Hyderabad benchmark data from DarkStore_Benchmarking_Report.pdf = Explicitly excluded from analysis

V16 - COO recommendation = Conditional Go (not Go, not No-Go)

V17 - Supplementary action plan requirement for 3 orders/hour gap = Identified and stated

V18 - Throughput computation basis = Week 1 and Week 3 averages only (minimum 2 clean weeks per Section 5.8)",,,,,,,,,,,,,,,,,,,,,,,,,,,,,,,,,,,,,,,,,,